# Blender 4.1.1
# www.blender.org
mtllib ground.mtl
o 平面
v 7.432755 -12.190890 0.066029
v -104.998535 -12.190890 0.066029
v 7.404240 -10.229007 93.314323
v -105.209503 -11.923224 92.046295
v 7.368710 -7.784376 92.168488
v 7.326115 -4.853557 91.383644
v 7.281944 -1.814933 90.678848
v 7.225098 0.981314 89.795837
v 7.167988 3.185686 88.474289
v 7.138695 4.447156 86.451111
v 7.148689 4.513776 83.538383
v 7.190456 3.364635 79.721413
v 7.237274 1.258749 75.194992
v 7.276772 -1.458645 70.216270
v 7.313190 -4.428497 65.055771
v 7.264610 -6.751048 60.439579
v 7.168789 -8.514524 56.271450
v 7.088497 -9.923193 52.349350
v 7.062954 -10.821805 48.753620
v 7.104774 -11.042831 45.595963
v 7.210938 -11.414449 42.274139
v 7.338898 -11.862361 38.878239
v 7.425648 -12.166011 35.622406
v 7.432755 -12.190890 32.637230
v 7.432755 -12.190890 29.676210
v 7.432522 -12.180667 26.720699
v 7.418083 -11.540758 24.104414
v 7.393185 -10.437062 21.737980
v 7.371941 -9.495456 19.284225
v 7.363754 -9.132509 16.518734
v 7.371941 -9.495453 13.362190
v 7.393185 -10.437060 9.893909
v 7.418083 -11.540757 6.338306
v 7.432522 -12.180667 3.032555
v 3.805706 -12.180667 0.071537
v 0.164455 -11.540758 0.416267
v -3.487263 -10.437061 1.010849
v -7.219112 -9.241174 1.655852
v -11.202088 -7.822279 2.423379
v -15.339811 -6.609973 3.081145
v -19.625671 -5.595181 3.639176
v -24.068436 -4.456856 4.274940
v -28.675949 -2.513788 5.431739
v -33.498032 0.627957 7.464905
v -38.076675 3.171982 9.201104
v -42.168594 4.422250 10.093124
v -45.686333 4.125229 9.938993
v -48.681992 2.416386 8.835505
v -51.302822 -0.304731 7.074772
v -53.747982 -3.494804 5.051565
v -56.229633 -6.578185 3.175218
v -58.929451 -9.074223 1.762453
v -61.912239 -10.876499 0.778386
v -65.195946 -11.910551 0.217885
v -68.730377 -12.190890 0.066029
v -72.357193 -12.190890 0.066029
v -75.984009 -12.190890 0.066029
v -79.610825 -12.190890 0.066029
v -83.237640 -12.190890 0.066029
v -86.864456 -12.190890 0.066029
v -90.491272 -12.190890 0.066029
v -94.118088 -12.190890 0.066029
v -97.744904 -12.190890 0.066029
v -101.371719 -12.190890 0.066029
v -104.998535 -12.190890 3.027046
v -104.998535 -12.190890 5.988064
v -104.998535 -12.190890 8.949081
v -104.998535 -12.190890 11.910103
v -104.998535 -12.190890 14.871119
v -104.998535 -12.190890 17.832138
v -104.998535 -12.190890 20.793156
v -104.998535 -12.190890 23.754173
v -104.998535 -12.190890 26.715191
v -105.039040 -12.139499 29.712440
v -105.209503 -11.923225 32.825924
v -105.483879 -11.575112 36.032352
v -105.831161 -11.134496 39.303993
v -106.221542 -10.639201 42.614182
v -106.626740 -10.125120 45.937614
v -107.020386 -9.625668 49.250736
v -107.378647 -9.171135 52.532188
v -107.680679 -8.787939 55.763348
v -107.909340 -8.497817 58.928894
v -108.051834 -8.317020 62.017372
v -108.100235 -8.255617 65.021675
v -108.051834 -8.317020 67.939407
v -107.909340 -8.497817 70.772964
v -107.680679 -8.787937 73.529457
v -107.378647 -9.171133 76.220337
v -107.020386 -9.625667 78.860916
v -106.626740 -10.125119 81.469833
v -106.221542 -10.639200 84.068436
v -105.831169 -11.134494 86.680283
v -105.483879 -11.575112 89.330681
v -101.920609 -11.494485 92.348541
v -98.724205 -10.948406 92.733513
v -95.567413 -10.352061 93.153915
v -92.418030 -9.517170 93.457611
v -89.294670 -7.562141 93.199394
v -86.165756 -4.617598 92.440430
v -83.148941 -0.560139 91.830429
v -80.221428 4.336511 91.524689
v -77.246582 9.428222 91.305542
v -74.063148 13.892228 90.919449
v -70.554199 16.902340 90.328354
v -66.677101 17.980324 89.796600
v -62.419781 16.655628 89.536423
v -57.832088 13.226275 89.349411
v -53.062794 8.474378 89.112976
v -48.556725 3.891633 89.253677
v -44.535843 0.367815 90.043213
v -40.975887 -1.906451 91.418213
v -37.609196 -3.245951 92.927170
v -34.257530 -3.754899 93.898438
v -30.861809 -3.517685 94.223862
v -27.318359 -3.653581 94.321213
v -23.608177 -4.295417 94.223862
v -19.743084 -5.410583 93.945618
v -15.758327 -6.805983 93.591248
v -11.714497 -7.737871 93.638062
v -7.672680 -8.322638 93.894524
v -3.701420 -8.812501 94.059952
v 0.120800 -9.252095 94.010490
v 3.768456 -9.611959 93.772491
v 3.782837 -11.166834 3.578728
v 3.736938 -9.132510 7.635677
v 3.687172 -6.926762 11.784973
v 3.649754 -5.268159 15.639517
v 3.635921 -4.654969 18.930872
v 3.649754 -5.268160 21.561550
v 3.687172 -6.926762 23.629047
v 3.736938 -9.132510 25.401785
v 3.782837 -11.166834 27.266870
v 3.805706 -12.180667 29.681717
v 3.805435 -12.189137 32.638931
v 3.712082 -11.862361 35.917221
v 3.515942 -11.175788 39.544838
v 3.298206 -10.413636 43.245834
v 3.131313 -9.829454 46.774044
v 3.058811 -8.918907 50.461082
v 3.095451 -7.361996 54.528206
v 3.230743 -5.772036 58.536369
v 3.414894 -4.223294 62.473282
v 3.570469 -2.397261 66.633781
v 3.558113 0.382609 71.590775
v 3.385891 3.778075 77.085846
v 3.218189 6.402722 82.009644
v 3.104115 7.724374 85.962204
v 3.073261 7.470351 88.738319
v 3.132008 5.806125 90.459312
v 3.265553 3.147649 91.434113
v 3.442226 -0.096740 91.973846
v 3.615772 -3.545588 92.361771
v 3.727402 -6.837023 92.871979
v 0.110123 -9.132510 4.674660
v 0.036079 -5.850623 9.403694
v -0.041584 -2.575772 14.126130
v -0.091361 -0.240501 18.345463
v -0.109264 0.591515 21.757257
v -0.089828 -0.269947 24.254190
v -0.036785 -2.621083 25.948603
v 0.036079 -5.850623 27.169804
v 0.110123 -9.132510 28.362803
v 0.164455 -11.540759 30.026449
v 0.147297 -12.079485 32.745392
v -0.042694 -11.414449 36.352100
v -0.328609 -10.413635 40.284817
v -0.624104 -9.379301 44.250084
v -0.848690 -8.502804 48.040356
v -0.952927 -6.803944 52.329807
v -0.901134 -4.894307 56.641754
v -0.737843 -3.266452 60.635719
v -0.567802 -1.752004 64.494507
v -0.450657 -0.014565 68.530891
v -0.491341 2.520782 73.242355
v -0.772049 6.077123 78.846451
v -1.053646 8.864669 83.877838
v -1.234230 10.130115 87.686462
v -1.281891 9.572385 90.119949
v -1.193466 7.585439 91.525894
v -0.986294 4.647223 92.280869
v -0.694874 1.147914 92.669937
v -0.369247 -2.570648 92.927551
v -0.072662 -6.166285 93.284897
v -3.566708 -6.926008 5.863346
v -3.663355 -1.583158 11.587720
v -2.877074 3.815640 16.911707
v -3.056492 5.457512 20.943363
v -3.546729 5.794172 24.399172
v -3.802640 4.502714 26.813948
v -3.756466 1.495228 28.166143
v -3.663601 -2.621083 28.909620
v -3.566460 -6.926762 29.551083
v -3.488464 -10.432858 30.625114
v -3.525024 -11.883160 32.918621
v -3.775673 -11.042830 36.712906
v -4.122318 -9.829453 40.852009
v -4.474121 -8.598012 45.008644
v -4.746677 -7.414427 49.063580
v -4.875786 -5.368417 53.626888
v -4.924210 -3.185321 58.138275
v -4.895863 -1.323176 62.288380
v -4.798676 0.226079 66.141525
v -4.719177 1.837965 70.046577
v -4.785973 4.074042 74.481689
v -5.127838 7.381303 79.712112
v -5.511044 9.993522 84.318451
v -5.748371 10.736793 87.508995
v -5.811485 9.808671 89.532700
v -5.697353 7.724360 90.824547
v -5.423523 4.889171 91.691177
v -5.026543 1.568234 92.303162
v -4.560085 -2.015294 92.785172
v -4.092060 -5.594419 93.293671
v -7.460915 -4.174317 7.311139
v -5.922350 5.358731 13.755361
v -5.996105 8.963772 18.401480
v -6.791100 9.289712 22.251530
v -7.550804 9.688401 26.176102
v -7.563905 8.061266 28.650782
v -7.450817 4.488538 29.778700
v -7.343460 -0.269943 30.176228
v -7.230694 -5.268159 30.444607
v -7.147362 -9.453306 31.169218
v -7.183151 -11.579025 33.122627
v -7.443169 -10.900442 36.851154
v -7.811581 -9.610861 41.064240
v -8.184746 -8.304646 45.293476
v -8.476212 -7.127354 49.359745
v -8.727592 -5.024092 53.987183
v -8.955460 -2.737346 58.586109
v -9.044571 -0.897461 62.718388
v -9.032375 0.634415 66.513420
v -9.021973 2.259447 70.306488
v -9.156017 4.452443 74.480873
v -9.575821 7.308991 79.048904
v -10.047939 9.083285 82.724472
v -10.338776 9.098838 85.170372
v -10.419891 7.923863 86.917061
v -10.285404 6.046914 88.365616
v -9.952095 3.702826 89.672073
v -9.458981 0.972043 90.845833
v -8.864227 -2.075937 91.877892
v -8.240837 -5.277720 92.832520
v -11.165691 -0.378704 8.904274
v -10.270513 10.338767 14.503674
v -10.747534 11.292208 18.438204
v -11.471512 11.075968 22.319136
v -11.995242 11.396955 26.631607
v -11.650528 9.570625 29.183245
v -11.249097 5.697534 30.348528
v -11.021614 0.663730 30.680693
v -10.931481 -4.473180 30.873453
v -10.846115 -8.898539 31.463408
v -10.816838 -11.461673 33.161564
v -11.029305 -11.042830 36.712910
v -11.375950 -9.829453 40.852009
v -11.727757 -8.598011 45.008644
v -11.999359 -7.649668 48.889175
v -12.368423 -6.008406 53.178391
v -12.734913 -3.937539 57.640823
v -12.959301 -2.111278 61.706524
v -13.076370 -0.455338 65.446342
v -13.196014 1.293929 69.161697
v -13.467560 3.450134 73.077560
v -14.024570 5.730119 76.903168
v -14.582005 6.662358 79.688919
v -14.931454 6.311528 81.714203
v -15.037418 5.294761 83.538971
v -14.887531 3.903943 85.392349
v -14.498333 2.182984 87.258377
v -13.914429 0.102240 89.042358
v -13.201397 -2.336946 90.672531
v -12.438583 -5.035593 92.158501
v -15.991345 2.933016 9.436934
v -16.574898 12.408141 14.258121
v -16.523138 12.723068 18.076094
v -16.713772 11.983452 21.963896
v -16.709326 11.114297 25.898005
v -16.101768 9.080236 28.578739
v -15.462377 5.444977 30.055447
v -15.049155 0.837507 30.793791
v -14.959793 -3.975615 31.152466
v -14.767479 -8.386443 31.731066
v -14.584746 -11.160751 33.250107
v -14.593724 -11.281632 36.424046
v -14.835873 -10.413635 40.284821
v -15.131367 -9.379299 44.250084
v -15.361954 -8.587444 47.978287
v -15.745167 -7.714041 51.686115
v -16.196259 -6.187083 55.766880
v -16.561993 -4.421523 59.732925
v -16.851746 -2.600189 63.485390
v -17.168261 -0.621146 67.197540
v -17.658327 1.620837 70.918617
v -18.401680 3.572543 74.196014
v -19.048279 4.328439 76.661285
v -19.466516 4.373891 78.902817
v -19.605684 4.028821 81.241150
v -19.442974 3.252399 83.622177
v -18.997385 1.966665 85.905350
v -18.324549 0.198299 88.021767
v -17.501402 -1.959140 89.967880
v -16.615070 -4.370265 91.784637
v -21.338789 2.993791 9.628747
v -23.634823 12.632126 14.313567
v -23.397198 13.559616 18.985826
v -22.799450 12.443503 22.850828
v -21.857782 10.853041 26.095776
v -20.921972 8.669401 28.598158
v -20.202389 5.483889 30.314550
v -19.719858 1.374016 31.267965
v -19.458088 -3.235569 31.631916
v -19.049063 -7.527157 32.212288
v -18.613136 -10.272128 33.683353
v -18.321552 -11.065075 36.350658
v -18.280529 -11.067883 39.603291
v -18.462688 -10.413635 43.245838
v -18.630264 -9.828474 46.774845
v -18.946278 -9.247074 50.244186
v -19.419468 -8.532407 53.742077
v -19.905998 -7.108664 57.497078
v -20.391306 -5.123876 61.309361
v -20.959391 -2.737906 65.147095
v -21.741096 -0.088351 68.881851
v -22.643730 2.090750 72.098015
v -23.381721 3.585421 75.008865
v -23.876270 4.778083 78.090698
v -24.053488 5.415711 81.212860
v -23.875353 5.035676 83.965866
v -23.371655 3.781331 86.338699
v -22.615398 1.893950 88.416626
v -21.695656 -0.406286 90.303642
v -20.706375 -2.910737 92.109451
v -25.979977 2.954560 10.444193
v -28.872620 10.931689 16.338221
v -28.676182 12.560978 21.572569
v -27.690805 12.527921 25.343390
v -26.641609 11.586559 28.202667
v -25.873014 9.665793 30.345028
v -25.366522 6.720648 31.774485
v -24.971725 2.801343 32.463196
v -24.393711 -1.771843 32.711609
v -23.649174 -5.987045 33.184826
v -22.918318 -8.555166 34.649639
v -22.316326 -10.171577 36.713684
v -21.940861 -11.128280 39.279510
v -21.823275 -11.359476 42.304161
v -21.909754 -11.042830 45.595963
v -22.108406 -10.674407 48.879700
v -22.561253 -10.110644 52.278770
v -23.137766 -9.248290 55.723259
v -23.820333 -7.243264 59.540665
v -24.671436 -4.308576 63.614586
v -25.709480 -0.996821 67.598763
v -26.686588 1.920378 71.266357
v -27.502169 4.667733 75.082809
v -28.055738 6.523358 78.690231
v -28.255655 7.170852 81.884705
v -28.055740 6.678338 84.612274
v -27.502169 5.318290 86.926880
v -26.684650 3.345441 88.933258
v -25.698835 0.958889 90.743134
v -24.641150 -1.653765 92.469070
v -30.301859 3.024781 11.611710
v -32.447281 9.312440 18.324863
v -32.801777 13.051303 24.229815
v -32.627193 14.410416 28.128237
v -32.209724 13.802809 30.698214
v -31.708529 11.841432 32.461620
v -31.148256 8.767202 33.555462
v -30.420397 4.739873 34.050087
v -29.477612 0.291392 34.258751
v -28.426823 -3.507166 34.850513
v -27.410536 -6.284131 36.078300
v -26.528717 -8.672034 37.591801
v -25.848145 -10.498713 39.492718
v -25.431036 -11.582227 41.901970
v -25.288252 -11.919041 44.741673
v -25.380972 -11.749997 47.852993
v -25.790668 -11.202566 51.250626
v -26.445362 -10.217898 54.879562
v -27.319439 -8.087551 58.791374
v -28.375786 -4.784536 63.008972
v -29.456861 -1.102281 67.208206
v -30.466358 2.459407 71.348022
v -31.307119 5.334649 75.290817
v -31.882473 7.158227 78.923683
v -32.095741 7.771234 82.133743
v -31.882473 7.242778 84.845718
v -31.307119 5.890035 87.134888
v -30.466358 3.951303 89.114136
v -29.456861 1.599740 90.896347
v -28.375301 -0.996848 92.594406
v -35.020638 4.708700 13.206045
v -36.601120 9.572704 19.480545
v -37.741863 13.693391 25.181080
v -38.106472 15.554411 29.331964
v -37.927868 15.420389 32.203281
v -37.445679 13.806248 34.169769
v -36.735947 11.031422 35.417519
v -35.796776 7.464680 36.143238
v -34.639450 3.706377 36.699268
v -33.344723 0.123201 37.330982
v -32.050213 -3.466484 37.973972
v -30.868687 -6.742610 38.852757
v -29.908482 -9.383450 40.181377
v -29.258211 -11.123951 42.114948
v -28.912066 -12.016583 44.578709
v -28.877718 -12.130274 47.491718
v -29.256536 -11.588317 50.895103
v -29.950172 -10.452548 54.666096
v -30.861805 -8.158206 58.691643
v -31.899824 -4.934727 62.863396
v -32.958282 -1.312522 67.060181
v -33.938278 2.126487 71.167152
v -34.755798 4.889436 75.082809
v -35.309429 6.631465 78.690445
v -35.512527 7.237935 81.896210
v -35.310776 6.792508 84.617256
v -34.755798 5.558793 86.926880
v -33.938278 3.751753 88.933258
v -32.952469 1.529051 90.743134
v -31.894779 -0.952519 92.469070
v -39.784557 7.772918 15.350706
v -41.227650 11.679184 21.044376
v -42.228909 14.428631 25.911005
v -42.862183 16.415022 30.189960
v -42.960136 16.935106 33.481674
v -42.560833 15.898096 35.799015
v -41.804680 13.755230 37.427689
v -40.753567 10.907730 38.586403
v -39.496464 7.467452 39.337036
v -38.119335 3.638455 39.807686
v -36.704475 -0.339553 40.165741
v -35.342163 -4.196815 40.609936
v -34.135876 -7.620229 41.366508
v -33.197899 -10.267180 42.664680
v -32.640709 -11.787704 44.708893
v -32.495689 -12.135274 47.479942
v -32.791336 -11.720766 50.786327
v -33.466507 -10.647286 54.521412
v -34.400978 -8.436443 58.548134
v -35.442692 -5.367194 62.704147
v -36.439438 -1.996867 66.827049
v -37.291901 1.129159 70.801888
v -37.958961 3.610103 74.574966
v -38.429764 5.267100 78.175842
v -38.617401 5.943234 81.413925
v -38.434372 5.636958 84.147011
v -37.910027 4.592984 86.404678
v -37.135742 3.003368 88.363747
v -36.215775 1.012211 90.219238
v -35.225388 -1.297225 92.032295
v -43.930225 9.179867 16.360338
v -45.384140 13.117512 22.059574
v -46.584927 16.468811 27.289785
v -47.277790 18.572865 31.610361
v -47.278229 18.852739 34.750881
v -46.782009 17.741995 37.060001
v -45.952366 15.639986 38.768341
v -44.893009 12.826174 40.005112
v -43.681679 9.516850 40.874851
v -42.375858 5.870959 41.472084
v -41.018929 2.013375 41.890911
v -39.659504 -1.904475 42.255035
v -38.374187 -5.642647 42.749729
v -37.284801 -8.844861 43.629692
v -36.527302 -11.095621 45.162319
v -36.244064 -11.963588 47.590996
v -36.501373 -11.636621 50.824608
v -37.179230 -10.638607 54.530827
v -38.101032 -8.656325 58.515472
v -39.099785 -5.899964 62.603100
v -40.012428 -2.889883 66.622040
v -40.734100 -0.126898 70.453598
v -41.269962 2.131958 74.190834
v -41.592098 3.684639 77.706718
v -41.654861 4.544850 80.746735
v -41.430222 4.654838 83.290176
v -40.937885 4.065181 85.421677
v -40.234192 2.868848 87.285507
v -39.376461 1.141501 89.040268
v -38.473190 -0.945533 90.895111
v -47.393154 8.735994 16.097223
v -48.974319 13.086158 22.058224
v -50.302620 16.925362 27.582325
v -50.891270 18.872736 31.803154
v -50.785805 18.939972 34.866703
v -50.234440 17.713804 37.176243
v -49.405502 15.642080 38.960705
v -48.411026 13.041700 40.362022
v -47.324432 10.108133 41.475994
v -46.190559 6.915740 42.356133
v -45.041695 3.497771 43.048283
v -43.871292 -0.092438 43.606541
v -42.711426 -3.699130 44.155403
v -41.651775 -7.019879 44.913387
v -40.836918 -9.616525 46.173866
v -40.416405 -11.057874 48.205128
v -40.496422 -11.189825 51.119526
v -41.100388 -10.359797 54.717823
v -41.945187 -8.749545 58.592983
v -42.859718 -6.423222 62.566391
v -43.676125 -3.845471 66.462898
v -44.302425 -1.415437 70.235107
v -44.759598 0.881990 73.895477
v -44.999294 2.869776 77.148819
v -44.976456 4.171449 79.942886
v -44.684299 4.692389 82.287003
v -44.147335 4.459302 84.259346
v -43.420177 3.547343 85.990860
v -42.585293 2.072351 87.646095
v -41.747726 0.207421 89.406265
v -50.280689 6.738566 14.778686
v -52.005489 11.582094 21.069389
v -53.333809 15.520232 26.682781
v -53.872860 17.397608 30.921198
v -53.751324 17.452415 34.047882
v -53.220001 16.314075 36.462936
v -52.464474 14.500543 38.428936
v -51.616043 12.355058 40.110901
v -50.794495 10.023474 41.600578
v -49.985119 7.496388 42.898438
v -49.133430 4.682209 43.967773
v -48.207916 1.560172 44.817749
v -47.225636 -1.747244 45.545017
v -46.267151 -4.953466 46.350224
v -45.454422 -7.691284 47.487530
v -44.919350 -9.602242 49.201145
v -44.809147 -10.303742 51.730598
v -45.248394 -9.745487 55.115299
v -45.952908 -8.597781 58.816208
v -46.739685 -6.787817 62.629448
v -47.443619 -4.697936 66.384941
v -48.030685 -2.303630 70.095978
v -48.476028 0.516928 73.515129
v -48.679947 2.992236 76.555367
v -48.609772 4.755113 79.165375
v -48.276966 5.712115 81.364052
v -47.715809 5.876855 83.230843
v -46.978161 5.301063 84.884216
v -46.135384 4.073497 86.465424
v -45.281799 2.348588 88.130219
v -52.773628 3.686485 12.761086
v -54.483292 8.546511 19.068394
v -55.807568 12.520974 24.760128
v -56.390446 14.542044 29.164000
v -56.346085 14.831167 32.489952
v -55.923988 14.042433 35.142029
v -55.341316 12.749720 37.427025
v -54.811691 11.311383 39.545506
v -54.350075 9.827681 41.538910
v -53.876030 8.087435 43.300335
v -53.306561 5.869008 44.734951
v -52.595390 3.116952 45.833942
v -51.770775 0.025437 46.721222
v -50.902851 -3.125441 47.581524
v -50.113510 -5.962587 48.666798
v -49.565399 -8.049777 50.269829
v -49.422653 -8.969959 52.660690
v -49.674816 -8.755825 55.788620
v -50.178036 -8.055347 59.254116
v -50.788780 -6.822207 62.858646
v -51.376713 -5.154343 66.491447
v -51.957256 -2.367924 69.972038
v -52.403728 0.884122 73.193466
v -52.603821 3.813167 76.067627
v -52.524422 6.045779 78.539490
v -52.185658 7.474465 80.636520
v -51.631248 8.100190 82.446182
v -50.916100 7.958341 84.085640
v -50.106373 7.113648 85.680939
v -49.284908 5.688998 87.359329
v -54.978813 -0.159237 10.243269
v -56.531040 4.276071 16.250332
v -57.841095 8.214651 21.957569
v -58.536011 10.543909 26.613766
v -58.658558 11.309309 30.268948
v -58.432732 11.104347 33.285713
v -58.160267 10.507491 36.005630
v -57.996338 9.945977 38.647461
v -57.892841 9.376652 41.167625
v -57.655174 8.127250 43.231411
v -57.257290 6.162950 44.853207
v -56.717541 3.667934 46.147850
v -56.058052 0.833647 47.233814
v -55.338333 -2.081522 48.277523
v -54.673958 -4.723079 49.514427
v -54.231842 -6.653890 51.236523
v -54.129177 -7.560086 53.649704
v -54.396854 -7.368945 56.763702
v -54.701382 -6.979895 60.001625
v -55.090954 -6.338254 63.363380
v -55.580437 -4.701344 66.806297
v -56.115753 -1.695807 70.054947
v -56.539936 1.792720 73.089249
v -56.736977 5.052890 75.807434
v -56.666862 7.704150 78.154495
v -56.348736 9.611165 80.164818
v -55.831005 10.753396 81.937637
v -55.173248 11.148635 83.600540
v -54.440937 10.836411 85.279778
v -53.707966 9.896783 87.084763
v -57.109272 -4.223605 7.643133
v -58.359222 -0.655544 13.014277
v -59.578846 2.998057 18.521931
v -60.388748 5.618798 23.382561
v -60.726044 6.970840 27.418674
v -60.764389 7.440345 30.859283
v -60.825439 7.577474 34.040493
v -60.993156 7.784188 37.151154
v -61.135933 7.722429 39.995586
v -61.088963 6.821991 42.303303
v -60.882065 5.229625 44.183262
v -60.534420 3.122468 45.750027
v -60.071453 0.697752 47.126888
v -59.554619 -1.784849 48.479652
v -59.098225 -3.978941 50.035862
v -58.818226 -5.552446 52.022987
v -58.829994 -6.237444 54.587044
v -59.192406 -5.886115 57.809059
v -59.529739 -5.452548 61.084221
v -59.798904 -4.973736 64.399490
v -60.152565 -3.270897 67.541710
v -60.573105 -0.344158 70.546432
v -60.917294 3.101013 73.367126
v -61.075218 6.466449 75.905434
v -61.000916 9.386342 78.110184
v -60.705868 11.696172 80.016602
v -60.236061 13.343347 81.731094
v -59.653019 14.319049 83.397705
v -59.023426 14.629478 85.162582
v -58.415230 14.295535 87.143799
v -59.431778 -7.768384 5.477942
v -60.258179 -5.430045 9.950755
v -61.246727 -2.483082 14.921855
v -62.074535 0.128687 19.738392
v -62.587692 1.925065 24.038944
v -62.879719 2.995898 27.853577
v -63.224632 3.761033 31.435366
v -63.663940 4.537064 34.920963
v -64.008018 4.821979 38.024010
v -64.165268 4.328671 40.621002
v -64.167496 3.204542 42.823448
v -64.037979 1.614768 44.744011
v -63.812096 -0.237237 46.513992
v -63.547676 -2.107263 48.292706
v -63.323219 -3.725166 50.262596
v -63.256294 -4.805028 52.584507
v -63.483963 -5.016253 55.458019
v -63.974041 -4.420356 58.843281
v -64.410324 -3.803792 62.334915
v -64.783081 -2.927505 65.792450
v -65.120743 -1.088660 68.858398
v -65.391396 1.523451 71.629852
v -65.579369 4.608842 74.189148
v -65.636444 7.786368 76.510483
v -65.515640 10.731164 78.549042
v -65.218155 13.259782 80.331490
v -64.780151 15.281383 81.955688
v -64.258224 16.748737 83.571404
v -63.688702 17.568123 85.321022
v -63.075485 17.582138 87.300507
v -62.160374 -10.205002 4.107322
v -62.536156 -9.174257 7.669127
v -63.158554 -7.325551 11.823780
v -63.832939 -5.224540 16.219757
v -64.385056 -3.396785 20.479593
v -64.823097 -1.998023 24.469727
v -65.361671 -0.797921 28.321650
v -65.996071 0.363049 32.078033
v -66.525757 0.988810 35.443577
v -66.890343 0.939119 38.362614
v -67.118050 0.352499 40.940636
v -67.241089 -0.603154 43.295979
v -67.281868 -1.765402 45.542236
v -67.284142 -2.934811 47.813763
v -67.337143 -3.875884 50.235153
v -67.568520 -4.267142 53.004433
v -68.102295 -3.784752 56.329445
v -68.690384 -3.021311 59.855011
v -69.212631 -2.251922 63.521008
v -69.643372 -1.255340 67.089333
v -70.000717 0.566405 70.235764
v -70.247986 2.923657 73.008278
v -70.358559 5.605254 75.462189
v -70.316048 8.414384 77.634659
v -70.115112 11.135007 79.537842
v -69.764908 13.606278 81.209030
v -69.286751 15.700635 82.725204
v -68.710495 17.305897 84.205521
v -68.068993 18.310669 85.797150
v -67.389038 18.589298 87.638512
v -65.282547 -11.647729 3.321270
v -65.383797 -11.359568 6.439755
v -65.624878 -10.636775 9.833460
v -66.003647 -9.450473 13.544168
v -66.419701 -8.094961 17.410734
v -66.833420 -6.808766 21.260725
v -67.430191 -5.473112 25.161840
v -68.155502 -4.138185 29.036779
v -68.817589 -3.250456 32.606079
v -69.373619 -2.859765 35.846851
v -69.840088 -2.856938 38.840389
v -70.223640 -3.133813 41.671505
v -70.536377 -3.572795 44.422962
v -70.838783 -3.997922 47.183586
v -71.236420 -4.123177 50.133629
v -71.851364 -3.626881 53.479385
v -72.603592 -2.675251 57.111618
v -73.257477 -1.819720 60.715206
v -73.830650 -0.980597 64.438171
v -74.271362 -0.158532 68.090683
v -74.590927 1.240385 71.327774
v -74.766937 3.093822 74.148323
v -74.784637 5.212613 76.597275
v -74.644508 7.463283 78.717766
v -74.356308 9.754863 80.569504
v -73.933922 11.960952 82.206841
v -73.395905 13.942401 83.696823
v -72.765427 15.563741 85.136902
v -72.068268 16.689968 86.649544
v -71.327477 17.183563 88.356247
v -68.731514 -12.187449 3.028910
v -68.744591 -12.147748 6.011434
v -68.761368 -12.096593 9.000316
v -68.856812 -11.768806 12.164688
v -69.050896 -11.111115 15.538431
v -69.304756 -10.307529 19.009418
v -69.808533 -9.201589 22.701944
v -70.474510 -8.039302 26.452362
v -71.186165 -7.047514 30.102434
v -71.892181 -6.286968 33.608692
v -72.552994 -5.770341 36.970695
v -73.158958 -5.458986 40.207382
v -73.749184 -5.210233 43.405170
v -74.397568 -4.805975 46.702553
v -75.199684 -3.981814 50.268345
v -76.100441 -2.840148 54.034348
v -76.909515 -1.813632 57.719036
v -77.602463 -0.921193 61.329395
v -78.194473 -0.085354 65.008659
v -78.628708 0.591043 68.637527
v -78.878067 1.316292 71.987389
v -78.953773 2.431974 74.882034
v -78.854668 3.820182 77.374542
v -78.597099 5.409574 79.524811
v -78.203239 7.134625 81.395576
v -77.694649 8.909659 83.052727
v -77.090614 10.621060 84.568459
v -76.409058 12.131215 86.025085
v -75.667480 13.287269 87.514145
v -74.881927 13.928617 89.124939
v -72.357193 -12.190890 3.027046
v -72.357193 -12.190890 5.988064
v -72.357193 -12.190890 8.949081
v -72.357193 -12.190890 11.910103
v -72.368866 -12.149707 14.896914
v -72.447830 -11.897488 18.017073
v -72.757309 -11.309998 21.368332
v -73.291183 -10.479816 24.895840
v -73.962654 -9.570796 28.490685
v -74.704872 -8.686196 32.082333
v -75.483154 -7.851595 35.650490
v -76.298882 -7.011483 39.227688
v -77.187187 -6.036476 42.894730
v -78.186287 -4.795242 46.734024
v -79.183807 -3.529651 50.587250
v -80.123131 -2.337878 54.388435
v -80.968864 -1.264861 58.105904
v -81.685616 -0.355478 61.708023
v -82.267670 0.418214 65.268082
v -82.686615 1.027712 68.777466
v -82.886009 1.371791 72.119743
v -82.855835 1.650455 75.135376
v -82.635368 2.199450 77.717346
v -82.254677 2.999111 79.933319
v -81.745712 4.023751 81.854630
v -81.136856 5.218974 83.554092
v -80.451225 6.491872 85.105751
v -79.706810 7.712409 86.584930
v -78.917633 8.722905 88.067009
v -78.094765 9.351651 89.622437
v -75.984009 -12.190890 3.027046
v -75.984009 -12.190890 5.988064
v -75.984009 -12.190890 8.949081
v -75.984009 -12.190890 11.910103
v -75.984009 -12.190890 14.871119
v -75.994873 -12.177099 17.841860
v -76.195168 -11.922978 20.982027
v -76.620842 -11.382910 24.323780
v -77.237213 -10.599739 27.836771
v -78.006516 -9.624843 31.485207
v -78.895615 -8.496799 35.241467
v -79.868286 -7.262722 39.072475
v -80.889084 -5.967587 42.946533
v -81.922562 -4.656374 46.831921
v -82.933250 -3.374062 50.696938
v -83.885712 -2.165626 54.509872
v -84.744499 -1.076043 58.239017
v -85.474152 -0.150294 61.852665
v -86.039291 0.566788 65.319313
v -86.422714 1.075173 68.672096
v -86.589554 1.331275 71.881302
v -86.501923 1.270085 74.875275
v -86.183609 1.007295 77.607460
v -85.699799 0.977046 79.962799
v -85.088982 1.221483 81.992043
v -84.383728 1.713957 83.768234
v -83.611847 2.388827 85.369148
v -82.795319 3.139169 86.873734
v -81.950562 3.823096 88.357780
v -81.089478 4.277421 89.889404
v -79.610825 -12.190890 3.027046
v -79.610825 -12.190890 5.988064
v -79.610825 -12.190890 8.949081
v -79.610825 -12.190890 11.910103
v -79.610825 -12.190890 14.871119
v -79.618233 -12.181487 17.838766
v -79.805252 -11.944205 20.967064
v -80.217659 -11.420972 24.296947
v -80.819992 -10.656763 27.796713
v -81.576797 -9.696556 31.434650
v -82.452652 -8.585326 35.179058
v -83.412086 -7.368048 38.998222
v -84.419655 -6.089697 42.860447
v -85.439919 -4.795242 46.734024
v -86.437431 -3.529651 50.587250
v -87.376762 -2.337878 54.388435
v -88.222488 -1.264861 58.105904
v -88.939240 -0.355490 61.708008
v -89.491760 0.345512 65.163216
v -89.845306 0.794070 68.440453
v -89.968979 0.951835 71.513985
v -89.855865 0.820056 74.399971
v -89.517632 0.409183 77.099121
v -88.981003 -0.245590 79.616653
v -88.302673 -0.779608 81.848694
v -87.528778 -1.024252 83.787842
v -86.689995 -1.020471 85.508461
v -85.812866 -0.847610 87.092392
v -84.919098 -0.619967 88.622971
v -84.026138 -0.475878 90.178864
v -83.237640 -12.190890 3.027046
v -83.237640 -12.190890 5.988064
v -83.237640 -12.190890 8.949081
v -83.237640 -12.190890 11.910103
v -83.237640 -12.190890 14.871119
v -83.238647 -12.189614 17.833038
v -83.386124 -12.002497 20.925968
v -83.759041 -11.529361 24.220535
v -84.321960 -10.815166 27.685041
v -85.039436 -9.904865 31.287798
v -85.876053 -8.843405 34.997116
v -86.796402 -7.675718 38.781326
v -87.765076 -6.446713 42.608761
v -88.746719 -5.201263 46.447788
v -89.705994 -3.984177 50.266823
v -90.607697 -2.840148 54.034348
v -91.416779 -1.813632 57.719036
v -92.098595 -0.948577 61.289894
v -92.619522 -0.287661 64.716843
v -92.948494 0.129729 67.972107
v -93.061371 0.272939 71.034088
v -92.948502 0.129733 73.894150
v -92.619522 -0.287661 76.560913
v -92.098602 -0.948574 79.056007
v -91.416916 -1.813291 81.407669
v -90.615387 -2.737042 83.604584
v -89.747459 -3.393781 85.556190
v -88.843369 -3.814939 87.327927
v -87.929321 -4.086637 89.006058
v -87.029190 -4.316206 90.680573
v -86.864456 -12.190890 3.027046
v -86.864456 -12.190890 5.988064
v -86.864456 -12.190890 8.949081
v -86.864456 -12.190890 11.910103
v -86.864456 -12.190890 14.871119
v -86.864456 -12.190890 17.832138
v -86.950371 -12.081886 20.870001
v -87.258514 -11.690929 24.106632
v -87.756927 -11.058569 27.513449
v -88.410248 -10.229673 31.058817
v -89.183136 -9.249066 34.711136
v -90.040329 -8.161513 38.438850
v -90.946594 -7.011690 42.210464
v -91.866852 -5.844119 45.994591
v -92.766190 -4.703079 49.760014
v -93.610062 -3.632426 53.475815
v -94.364487 -2.675251 57.111618
v -94.996643 -1.873207 60.638054
v -95.475914 -1.265128 64.027756
v -95.775986 -0.884406 67.257172
v -95.878296 -0.754606 70.309692
v -95.775993 -0.884402 73.179214
v -95.475914 -1.265127 75.871826
v -94.996643 -1.873208 78.404160
v -94.364487 -2.675251 80.799759
v -93.610062 -3.632423 83.085999
v -92.766197 -4.703042 85.292221
v -91.878113 -5.673727 87.374901
v -90.985909 -6.417015 89.328674
v -90.116028 -7.016461 91.240234
v -90.491272 -12.190890 3.027046
v -90.491272 -12.190890 5.988064
v -90.491272 -12.190890 8.949081
v -90.491272 -12.190890 11.910103
v -90.491272 -12.190890 14.871119
v -90.491272 -12.190890 17.832138
v -90.518463 -12.156393 20.817474
v -90.737976 -11.877884 23.974834
v -91.148438 -11.357111 27.302984
v -91.714645 -10.638734 30.770439
v -92.401489 -9.767302 34.345795
v -93.173981 -8.787211 37.997749
v -93.997299 -7.742621 41.695179
v -94.836945 -6.677336 45.407196
v -95.658798 -5.634602 49.103313
v -96.429504 -4.656773 52.753677
v -97.116814 -3.784752 56.329445
v -97.690399 -3.057024 59.803497
v -98.123047 -2.508093 63.151497
v -98.392586 -2.166120 66.353592
v -98.484177 -2.049907 69.396545
v -98.392593 -2.166118 72.275635
v -98.123047 -2.508093 74.995567
v -97.690399 -3.057022 77.569603
v -97.116821 -3.784750 80.017593
v -96.429504 -4.656769 82.363861
v -95.658798 -5.634598 84.635529
v -94.836945 -6.677332 86.861450
v -93.997307 -7.742618 89.071472
v -93.178970 -8.711776 91.263336
v -94.118088 -12.190890 3.027046
v -94.118088 -12.190890 5.988064
v -94.118088 -12.190890 8.949081
v -94.118088 -12.190890 11.910103
v -94.118088 -12.190890 14.871119
v -94.118088 -12.190890 17.832138
v -94.118088 -12.190887 20.793158
v -94.226906 -12.052825 23.851507
v -94.527977 -11.670842 27.081814
v -94.986389 -11.089231 30.452850
v -95.567413 -10.352063 33.933552
v -96.236542 -9.503111 37.493061
v -96.959625 -8.585703 41.100826
v -97.703018 -7.642526 44.726761
v -98.433807 -6.715334 48.341427
v -99.120193 -5.844474 51.916378
v -99.732056 -5.068188 55.424660
v -100.241699 -4.421575 58.841522
v -100.625107 -3.935127 62.145473
v -100.863342 -3.632863 65.319580
v -100.944176 -3.530311 68.352898
v -100.863342 -3.632863 71.241615
v -100.625107 -3.935126 73.989548
v -100.241699 -4.421575 76.607635
v -99.732056 -5.068186 79.112801
v -99.120201 -5.844471 81.526566
v -98.433807 -6.715333 83.873642
v -97.703018 -7.642522 86.181015
v -96.959625 -8.585699 88.477119
v -96.236542 -9.503111 90.791382
v -97.744904 -12.190890 3.027046
v -97.744904 -12.190890 5.988064
v -97.744904 -12.190890 8.949081
v -97.744904 -12.190890 11.910103
v -97.744904 -12.190890 14.871119
v -97.744904 -12.190890 17.832138
v -97.744904 -12.190890 20.793156
v -97.761383 -12.169976 23.768917
v -97.933815 -11.951207 26.884161
v -98.266144 -11.529559 30.142431
v -98.724197 -10.948409 33.513145
v -99.274162 -10.250643 36.966072
v -99.882782 -9.478461 40.471455
v -100.517532 -8.673123 44.000217
v -101.146950 -7.874552 47.524208
v -101.741028 -7.120817 51.016590
v -102.271820 -6.447379 54.452362
v -102.714188 -5.886115 57.809059
v -103.046844 -5.464062 61.067616
v -103.253387 -5.202021 64.213364
v -103.323418 -5.113165 67.237022
v -103.253387 -5.202021 70.135399
v -103.046844 -5.464060 72.911690
v -102.714195 -5.886113 75.575165
v -102.271820 -6.447379 78.140511
v -101.741028 -7.120812 80.626770
v -101.146950 -7.874550 83.056427
v -100.517532 -8.673119 85.454475
v -99.882782 -9.478460 87.847748
v -99.274170 -10.250642 90.264397
v -101.371719 -12.190890 3.027046
v -101.371719 -12.190890 5.988064
v -101.371719 -12.190890 8.949081
v -101.371719 -12.190890 11.910103
v -101.371719 -12.190890 14.871119
v -101.371719 -12.190890 17.832138
v -101.371719 -12.190890 20.793156
v -101.371719 -12.190890 23.754173
v -101.409828 -12.142539 26.749279
v -101.600166 -11.901050 29.880541
v -101.920609 -11.494486 33.128174
v -102.338226 -10.964628 36.462730
v -102.820839 -10.352322 39.855408
v -103.337219 -9.697165 43.278294
v -103.857468 -9.037093 46.704647
v -104.353455 -8.407814 50.109291
v -104.799332 -7.842109 53.469116
v -105.172272 -7.368945 56.763702
v -105.453239 -7.012471 59.976025
v -105.627838 -6.790954 63.093208
v -105.687057 -6.715819 66.107193
v -105.627838 -6.790954 69.015244
v -105.453239 -7.012469 71.820099
v -105.172272 -7.368943 74.529808
v -104.799332 -7.842108 77.157257
v -104.353455 -8.407812 79.719467
v -103.857475 -9.037091 82.236862
v -103.337219 -9.697163 84.732544
v -102.820839 -10.352320 87.231705
v -102.338234 -10.964627 89.761055
vn 0.0028 1.0000 -0.0034
vn -0.0000 1.0000 -0.0000
vn 0.1832 0.4194 0.8891
vn -0.1810 0.9672 0.1783
vn 0.2288 0.3204 0.9192
vn 0.2919 0.2143 0.9321
vn 0.3718 0.2196 0.9020
vn 0.4804 0.3266 0.8140
vn 0.6015 0.5371 0.5913
vn 0.6497 0.7301 0.2117
vn 0.5481 0.8210 -0.1599
vn 0.4120 0.8369 -0.3603
vn 0.3031 0.8369 -0.4558
vn 0.2483 0.8459 -0.4719
vn 0.2962 0.8509 -0.4338
vn 0.3626 0.8498 -0.3825
vn 0.3839 0.8572 -0.3432
vn 0.3619 0.8860 -0.2899
vn 0.3156 0.9342 -0.1664
vn 0.2503 0.9632 -0.0983
vn 0.1952 0.9718 -0.1324
vn 0.1282 0.9834 -0.1288
vn 0.0531 0.9962 -0.0689
vn 0.0011 1.0000 -0.0035
vn 0.0880 0.9931 0.0780
vn 0.2827 0.9513 0.1230
vn 0.5161 0.7763 0.3619
vn 0.6909 0.6463 0.3239
vn 0.7728 0.6095 0.1771
vn 0.7538 0.6567 -0.0249
vn 0.6607 0.7277 -0.1843
vn 0.5327 0.7970 -0.2848
vn 0.3747 0.8811 -0.2886
vn 0.1680 0.9730 -0.1581
vn 0.1353 0.9675 -0.2136
vn 0.2135 0.8810 -0.4222
vn 0.1989 0.8171 -0.5411
vn 0.1768 0.7623 -0.6226
vn 0.1689 0.6612 -0.7309
vn 0.0234 0.5606 -0.8278
vn 0.0154 0.5913 -0.8063
vn 0.0478 0.6679 -0.7427
vn 0.1691 0.7657 -0.6205
vn 0.3075 0.8105 -0.4986
vn 0.2088 0.8100 -0.5480
vn 0.0594 0.8048 -0.5906
vn -0.1280 0.7751 -0.6188
vn -0.2912 0.7324 -0.6155
vn -0.3946 0.6988 -0.5967
vn -0.4509 0.6940 -0.5614
vn -0.5525 0.7070 -0.4415
vn -0.5083 0.8055 -0.3046
vn -0.3447 0.9149 -0.2102
vn -0.1979 0.9732 -0.1168
vn -0.0582 0.9981 -0.0207
vn -0.0003 1.0000 -0.0003
vn -0.0038 1.0000 -0.0036
vn -0.0278 0.9993 -0.0230
vn -0.0669 0.9967 -0.0451
vn -0.1036 0.9885 -0.1098
vn -0.1546 0.9769 -0.1478
vn -0.2040 0.9634 -0.1737
vn -0.2523 0.9491 -0.1884
vn -0.2998 0.9344 -0.1925
vn -0.3464 0.9194 -0.1862
vn -0.3917 0.9043 -0.1694
vn -0.4349 0.8891 -0.1425
vn -0.4744 0.8740 -0.1056
vn -0.5082 0.8592 -0.0600
vn -0.5340 0.8455 -0.0074
vn -0.5493 0.8341 0.0492
vn -0.5524 0.8268 0.1062
vn -0.5420 0.8252 0.1591
vn -0.5180 0.8308 0.2037
vn -0.4808 0.8445 0.2360
vn -0.4317 0.8659 0.2527
vn -0.3725 0.8933 0.2513
vn -0.3056 0.9238 0.2308
vn -0.2339 0.9532 0.1915
vn -0.1948 0.9493 0.2467
vn -0.2302 0.9153 0.3306
vn -0.2559 0.8822 0.3953
vn -0.3676 0.8277 0.4240
vn -0.5095 0.7522 0.4179
vn -0.6336 0.6513 0.4175
vn -0.7363 0.5352 0.4139
vn -0.7807 0.4849 0.3942
vn -0.7677 0.5280 0.3630
vn -0.6717 0.6645 0.3275
vn -0.4164 0.8564 0.3052
vn 0.0537 0.9596 0.2761
vn 0.4750 0.8511 0.2236
vn 0.6464 0.7364 0.1994
vn 0.6640 0.6900 0.2880
vn 0.5449 0.6990 0.4631
vn 0.2680 0.7183 0.6421
vn -0.0301 0.6746 0.7376
vn -0.1555 0.5994 0.7852
vn -0.1449 0.5479 0.8239
vn -0.0540 0.5431 0.8379
vn 0.0780 0.5670 0.8200
vn 0.2058 0.6049 0.7692
vn 0.2678 0.6346 0.7250
vn 0.1372 0.5922 0.7941
vn -0.0085 0.4409 0.8975
vn -0.0364 0.2987 0.9537
vn 0.0162 0.2323 0.9725
vn 0.0859 0.2503 0.9643
vn 0.1654 0.3308 0.9291
vn 0.2824 0.8946 -0.3464
vn 0.4412 0.7984 -0.4097
vn 0.5708 0.7394 -0.3570
vn 0.6935 0.6871 -0.2168
vn 0.7869 0.6171 -0.0013
vn 0.8104 0.5228 0.2645
vn 0.7470 0.4701 0.4701
vn 0.6267 0.5128 0.5867
vn 0.3765 0.7909 0.4824
vn 0.0942 0.9752 0.2004
vn 0.0475 0.9987 -0.0172
vn 0.0860 0.9867 -0.1376
vn 0.1503 0.9715 -0.1835
vn 0.2067 0.9636 -0.1696
vn 0.2635 0.9486 -0.1754
vn 0.3197 0.9032 -0.2864
vn 0.3550 0.8673 -0.3490
vn 0.3664 0.8588 -0.3582
vn 0.3428 0.8592 -0.3799
vn 0.2917 0.8535 -0.4319
vn 0.2583 0.8407 -0.4759
vn 0.3007 0.8341 -0.4625
vn 0.3931 0.8492 -0.3527
vn 0.5123 0.8533 -0.0972
vn 0.5758 0.7335 0.3612
vn 0.5020 0.4799 0.7196
vn 0.3925 0.2590 0.8825
vn 0.3054 0.1547 0.9396
vn 0.2454 0.1442 0.9586
vn 0.1990 0.2334 0.9518
vn 0.3132 0.8068 -0.5010
vn 0.4488 0.7283 -0.5178
vn 0.6244 0.6456 -0.4396
vn 0.7984 0.5673 -0.2018
vn 0.8460 0.5321 0.0343
vn 0.8237 0.4392 0.3586
vn 0.7259 0.3237 0.6069
vn 0.6042 0.2835 0.7447
vn 0.4800 0.4112 0.7749
vn 0.2958 0.8423 0.4505
vn 0.0964 0.9938 0.0554
vn 0.0887 0.9748 -0.2048
vn 0.1315 0.9626 -0.2368
vn 0.1782 0.9589 -0.2209
vn 0.2199 0.9362 -0.2741
vn 0.2513 0.8926 -0.3742
vn 0.2810 0.8791 -0.3849
vn 0.3059 0.8779 -0.3685
vn 0.3055 0.8757 -0.3738
vn 0.2666 0.8654 -0.4243
vn 0.2141 0.8480 -0.4849
vn 0.2140 0.8473 -0.4860
vn 0.2696 0.8893 -0.3694
vn 0.2837 0.9589 0.0066
vn 0.2178 0.7989 0.5606
vn 0.1480 0.4419 0.8848
vn 0.0930 0.2065 0.9740
vn 0.0779 0.1104 0.9908
vn 0.0832 0.1004 0.9915
vn 0.0899 0.1762 0.9802
vn 0.2856 0.7466 -0.6009
vn 0.5333 0.5560 -0.6375
vn 0.7846 0.5131 -0.3480
vn 0.8117 0.5827 -0.0398
vn 0.7839 0.5875 0.2007
vn 0.7326 0.4196 0.5360
vn 0.6123 0.2339 0.7553
vn 0.4792 0.1531 0.8643
vn 0.3804 0.2154 0.8994
vn 0.2611 0.6236 0.7369
vn 0.0807 0.9806 0.1788
vn 0.0616 0.9701 -0.2348
vn 0.0775 0.9589 -0.2730
vn 0.1058 0.9578 -0.2673
vn 0.1155 0.9348 -0.3360
vn 0.1215 0.9017 -0.4149
vn 0.1437 0.8985 -0.4147
vn 0.1610 0.9084 -0.3858
vn 0.1609 0.9116 -0.3782
vn 0.1420 0.8955 -0.4217
vn 0.1191 0.8619 -0.4929
vn 0.1028 0.8634 -0.4939
vn 0.0216 0.9421 -0.3346
vn -0.1501 0.9799 0.1317
vn -0.2792 0.7351 0.6178
vn -0.3184 0.3944 0.8620
vn -0.2712 0.2158 0.9380
vn -0.1912 0.1413 0.9713
vn -0.1049 0.1301 0.9859
vn -0.0262 0.1884 0.9817
vn 0.2915 0.6408 -0.7102
vn 0.5687 0.5020 -0.6516
vn 0.6479 0.7413 -0.1751
vn 0.5646 0.8240 0.0464
vn 0.5346 0.8071 0.2505
vn 0.4947 0.5220 0.6949
vn 0.3822 0.1999 0.9022
vn 0.2816 0.0834 0.9559
vn 0.2245 0.1197 0.9671
vn 0.1918 0.4285 0.8830
vn 0.0915 0.9548 0.2827
vn 0.0091 0.9736 -0.2279
vn 0.0011 0.9573 -0.2890
vn -0.0076 0.9596 -0.2814
vn -0.0330 0.9379 -0.3453
vn -0.0553 0.9018 -0.4286
vn -0.0619 0.9027 -0.4257
vn -0.0572 0.9178 -0.3930
vn -0.0354 0.9206 -0.3888
vn -0.0050 0.9002 -0.4355
vn 0.0155 0.8658 -0.5001
vn -0.0324 0.8814 -0.4712
vn -0.2294 0.9433 -0.2398
vn -0.4764 0.8592 0.1866
vn -0.5975 0.5959 0.5366
vn -0.5723 0.4168 0.7062
vn -0.4861 0.3260 0.8108
vn -0.3689 0.2732 0.8884
vn -0.2380 0.2525 0.9379
vn -0.1086 0.2875 0.9516
vn 0.2740 0.5494 -0.7894
vn 0.3737 0.7334 -0.5679
vn 0.3191 0.9469 -0.0385
vn 0.2325 0.9711 0.0547
vn 0.1146 0.9515 0.2856
vn 0.0788 0.5989 0.7969
vn 0.0579 0.2026 0.9775
vn 0.0826 0.0692 0.9942
vn 0.1051 0.0925 0.9901
vn 0.1240 0.3541 0.9270
vn 0.0588 0.9072 0.4166
vn -0.0508 0.9790 -0.1975
vn -0.0831 0.9554 -0.2834
vn -0.1130 0.9581 -0.2631
vn -0.1561 0.9423 -0.2962
vn -0.2181 0.8918 -0.3964
vn -0.2492 0.8727 -0.4199
vn -0.2423 0.8800 -0.4085
vn -0.1979 0.8874 -0.4165
vn -0.1298 0.8789 -0.4590
vn -0.0778 0.8621 -0.5007
vn -0.1371 0.8902 -0.4344
vn -0.3359 0.9275 -0.1643
vn -0.5122 0.8349 0.2015
vn -0.5335 0.7182 0.4468
vn -0.4778 0.6451 0.5963
vn -0.3989 0.5781 0.7118
vn -0.3040 0.5101 0.8046
vn -0.1925 0.4593 0.8672
vn -0.0673 0.4586 0.8861
vn 0.1053 0.5051 -0.8566
vn 0.1626 0.8199 -0.5489
vn 0.1899 0.9809 0.0413
vn 0.1227 0.9698 0.2109
vn -0.0381 0.9212 0.3873
vn -0.1015 0.5876 0.8028
vn -0.0143 0.2629 0.9647
vn 0.0704 0.1208 0.9902
vn 0.1014 0.1062 0.9892
vn 0.1288 0.3248 0.9370
vn 0.1275 0.8348 0.5356
vn -0.0048 0.9964 -0.0848
vn -0.1311 0.9616 -0.2413
vn -0.1976 0.9514 -0.2363
vn -0.2433 0.9429 -0.2274
vn -0.3078 0.9005 -0.3071
vn -0.3531 0.8505 -0.3899
vn -0.3379 0.8395 -0.4254
vn -0.2706 0.8459 -0.4596
vn -0.1729 0.8465 -0.5036
vn -0.0948 0.8464 -0.5240
vn -0.1022 0.8898 -0.4448
vn -0.1506 0.9594 -0.2383
vn -0.1273 0.9918 0.0077
vn -0.0419 0.9743 0.2213
vn 0.0249 0.9119 0.4096
vn 0.0598 0.8180 0.5721
vn 0.0744 0.7186 0.6914
vn 0.0924 0.6404 0.7624
vn 0.1317 0.6096 0.7817
vn -0.1063 0.5039 -0.8572
vn -0.2157 0.7519 -0.6230
vn -0.0298 0.9995 0.0044
vn 0.1609 0.9407 0.2987
vn 0.1831 0.8615 0.4736
vn 0.1816 0.6439 0.7433
vn 0.2061 0.3585 0.9105
vn 0.1935 0.1577 0.9683
vn 0.1881 0.1181 0.9750
vn 0.2459 0.3337 0.9100
vn 0.2861 0.7477 0.5992
vn 0.1368 0.9809 0.1386
vn -0.0839 0.9923 -0.0913
vn -0.2283 0.9569 -0.1796
vn -0.2903 0.9406 -0.1762
vn -0.3281 0.9202 -0.2133
vn -0.3582 0.8814 -0.3078
vn -0.3406 0.8373 -0.4278
vn -0.2528 0.8216 -0.5109
vn -0.1339 0.8144 -0.5647
vn -0.0334 0.8179 -0.5744
vn 0.0027 0.8611 -0.5085
vn 0.0682 0.9072 -0.4151
vn 0.1926 0.9467 -0.2582
vn 0.3153 0.9488 -0.0178
vn 0.3683 0.8938 0.2558
vn 0.3654 0.8040 0.4691
vn 0.3362 0.7154 0.6125
vn 0.2989 0.6534 0.6955
vn 0.2708 0.6302 0.7277
vn -0.1839 0.5803 -0.7934
vn -0.4691 0.6468 -0.6014
vn -0.1032 0.9810 -0.1640
vn 0.2255 0.9679 0.1112
vn 0.3744 0.8418 0.3888
vn 0.4121 0.6136 0.6736
vn 0.3554 0.3248 0.8765
vn 0.2904 0.1392 0.9467
vn 0.2910 0.1258 0.9484
vn 0.3791 0.3624 0.8514
vn 0.4165 0.6426 0.6431
vn 0.3080 0.8582 0.4106
vn 0.0779 0.9772 0.1973
vn -0.1467 0.9890 -0.0195
vn -0.2630 0.9581 -0.1135
vn -0.2953 0.9409 -0.1659
vn -0.2842 0.9277 -0.2420
vn -0.2402 0.8890 -0.3899
vn -0.1566 0.8278 -0.5387
vn -0.0581 0.7926 -0.6070
vn 0.0156 0.7816 -0.6236
vn 0.0903 0.8135 -0.5745
vn 0.1828 0.8581 -0.4799
vn 0.2360 0.9256 -0.2960
vn 0.2594 0.9657 -0.0096
vn 0.2665 0.9154 0.3017
vn 0.2604 0.8053 0.5327
vn 0.2413 0.6975 0.6748
vn 0.2201 0.6249 0.7491
vn 0.2011 0.5981 0.7758
vn -0.0602 0.7194 -0.6920
vn -0.3310 0.6896 -0.6441
vn -0.0622 0.9098 -0.4103
vn 0.2552 0.9651 -0.0581
vn 0.4216 0.8173 0.3928
vn 0.4456 0.5403 0.7138
vn 0.3855 0.2765 0.8803
vn 0.3728 0.1546 0.9149
vn 0.4454 0.2006 0.8726
vn 0.5512 0.3903 0.7375
vn 0.5477 0.5362 0.6423
vn 0.4643 0.6643 0.5858
vn 0.2720 0.8256 0.4943
vn 0.0424 0.9686 0.2451
vn -0.1197 0.9927 0.0176
vn -0.1779 0.9764 -0.1223
vn -0.1650 0.9596 -0.2281
vn -0.1109 0.9176 -0.3816
vn -0.0471 0.8333 -0.5508
vn -0.0037 0.7773 -0.6291
vn 0.0203 0.7622 -0.6471
vn 0.0318 0.7904 -0.6118
vn 0.0231 0.8592 -0.5112
vn 0.0058 0.9505 -0.3107
vn -0.0029 1.0000 0.0061
vn 0.0065 0.9367 0.3501
vn 0.0230 0.8008 0.5986
vn 0.0375 0.6739 0.7379
vn 0.0483 0.5928 0.8039
vn 0.0573 0.5649 0.8232
vn 0.1956 0.8080 -0.5558
vn 0.0318 0.8014 -0.5973
vn 0.0353 0.8704 -0.4911
vn 0.1612 0.9672 -0.1964
vn 0.3464 0.8953 0.2799
vn 0.4232 0.6095 0.6704
vn 0.4525 0.3723 0.8103
vn 0.5265 0.2926 0.7983
vn 0.6013 0.3210 0.7317
vn 0.6141 0.3527 0.7061
vn 0.5548 0.3734 0.7435
vn 0.4752 0.4646 0.7472
vn 0.3793 0.6313 0.6764
vn 0.2505 0.8573 0.4498
vn 0.0704 0.9804 0.1840
vn -0.0303 0.9977 -0.0614
vn -0.0496 0.9741 -0.2206
vn -0.0315 0.9185 -0.3942
vn -0.0206 0.8299 -0.5576
vn -0.0342 0.7709 -0.6361
vn -0.0644 0.7572 -0.6500
vn -0.1105 0.7790 -0.6172
vn -0.1693 0.8393 -0.5166
vn -0.2288 0.9189 -0.3215
vn -0.2656 0.9640 -0.0117
vn -0.2585 0.9037 0.3412
vn -0.2195 0.7665 0.6035
vn -0.1740 0.6404 0.7481
vn -0.1288 0.5637 0.8159
vn -0.0900 0.5428 0.8350
vn 0.2198 0.8199 -0.5286
vn 0.2033 0.8484 -0.4888
vn 0.1729 0.8766 -0.4492
vn 0.2401 0.9314 -0.2734
vn 0.3721 0.9220 0.1067
vn 0.4605 0.7385 0.4925
vn 0.5154 0.5476 0.6591
vn 0.5436 0.4192 0.7271
vn 0.5501 0.3326 0.7660
vn 0.5326 0.2805 0.7985
vn 0.5121 0.2715 0.8149
vn 0.4628 0.3014 0.8336
vn 0.3841 0.4226 0.8209
vn 0.2870 0.6845 0.6702
vn 0.1497 0.9196 0.3631
vn 0.0393 0.9991 0.0150
vn -0.0043 0.9799 -0.1994
vn -0.0166 0.9240 -0.3820
vn -0.0416 0.8390 -0.5425
vn -0.0796 0.7789 -0.6221
vn -0.1325 0.7667 -0.6282
vn -0.1965 0.7781 -0.5966
vn -0.2758 0.8206 -0.5006
vn -0.3473 0.8770 -0.3320
vn -0.3787 0.9241 -0.0522
vn -0.3593 0.8855 0.2946
vn -0.3147 0.7584 0.5708
vn -0.2788 0.6327 0.7225
vn -0.2418 0.5639 0.7897
vn -0.1859 0.5542 0.8114
vn 0.0459 0.8179 -0.5736
vn 0.0897 0.8425 -0.5312
vn 0.1682 0.8721 -0.4594
vn 0.2105 0.9478 -0.2394
vn 0.2254 0.9594 0.1698
vn 0.2406 0.7925 0.5604
vn 0.2644 0.5775 0.7724
vn 0.2923 0.4169 0.8607
vn 0.3323 0.3177 0.8881
vn 0.3738 0.2613 0.8899
vn 0.4147 0.2474 0.8757
vn 0.4253 0.2459 0.8710
vn 0.4281 0.3218 0.8445
vn 0.3830 0.5150 0.7669
vn 0.2664 0.8037 0.5321
vn 0.1533 0.9791 0.1337
vn 0.0737 0.9845 -0.1589
vn 0.0254 0.9365 -0.3498
vn -0.0348 0.8620 -0.5057
vn -0.1001 0.8014 -0.5896
vn -0.1705 0.7867 -0.5934
vn -0.2310 0.7882 -0.5704
vn -0.2596 0.8312 -0.4916
vn -0.2439 0.8986 -0.3648
vn -0.2124 0.9636 -0.1623
vn -0.1857 0.9720 0.1443
vn -0.1858 0.8670 0.4624
vn -0.2003 0.7115 0.6736
vn -0.2015 0.6207 0.7578
vn -0.1689 0.6106 0.7737
vn -0.1440 0.7815 -0.6070
vn -0.0953 0.8024 -0.5891
vn -0.0907 0.8634 -0.4962
vn -0.1791 0.9622 -0.2052
vn -0.2468 0.9332 0.2611
vn -0.2245 0.7297 0.6459
vn -0.1422 0.5319 0.8348
vn -0.0258 0.4175 0.9083
vn 0.1083 0.3551 0.9285
vn 0.2299 0.3096 0.9227
vn 0.3302 0.2929 0.8973
vn 0.3712 0.2564 0.8924
vn 0.4033 0.2934 0.8667
vn 0.4229 0.4157 0.8052
vn 0.3904 0.6740 0.6271
vn 0.2743 0.9211 0.2762
vn 0.1652 0.9842 -0.0631
vn 0.0821 0.9526 -0.2928
vn -0.0056 0.8965 -0.4430
vn -0.0947 0.8378 -0.5377
vn -0.1704 0.8162 -0.5520
vn -0.1857 0.8015 -0.5685
vn -0.1191 0.8293 -0.5460
vn -0.0104 0.8790 -0.4767
vn 0.1000 0.9383 -0.3311
vn 0.1730 0.9809 -0.0892
vn 0.1710 0.9557 0.2395
vn 0.0992 0.8359 0.5398
vn 0.0361 0.7204 0.6926
vn 0.0315 0.6899 0.7232
vn -0.2918 0.7285 -0.6198
vn -0.2807 0.7403 -0.6109
vn -0.3807 0.7804 -0.4960
vn -0.5464 0.8150 -0.1929
vn -0.6261 0.7441 0.2329
vn -0.5713 0.5959 0.5644
vn -0.4384 0.5096 0.7404
vn -0.2492 0.5025 0.8279
vn -0.0244 0.5016 0.8648
vn 0.1664 0.4520 0.8764
vn 0.2917 0.3954 0.8710
vn 0.3336 0.3108 0.8900
vn 0.3688 0.3106 0.8761
vn 0.3970 0.3879 0.8318
vn 0.4151 0.5656 0.7126
vn 0.3659 0.8333 0.4144
vn 0.2465 0.9675 0.0574
vn 0.1512 0.9660 -0.2099
vn 0.0517 0.9337 -0.3544
vn -0.0555 0.8855 -0.4613
vn -0.1342 0.8456 -0.5167
vn -0.0923 0.7896 -0.6066
vn 0.0239 0.7759 -0.6304
vn 0.1465 0.7955 -0.5880
vn 0.2756 0.8215 -0.4991
vn 0.3883 0.8656 -0.3162
vn 0.4459 0.8932 -0.0584
vn 0.4342 0.8630 0.2583
vn 0.3798 0.7783 0.5000
vn 0.3503 0.7238 0.5944
vn -0.4078 0.6819 -0.6072
vn -0.4420 0.6684 -0.5983
vn -0.5751 0.6634 -0.4787
vn -0.7334 0.6450 -0.2149
vn -0.8004 0.5865 0.1239
vn -0.7502 0.5363 0.3869
vn -0.6181 0.5822 0.5282
vn -0.3967 0.6982 0.5960
vn -0.1177 0.7447 0.6569
vn 0.0788 0.6450 0.7601
vn 0.1803 0.5069 0.8430
vn 0.2228 0.3676 0.9029
vn 0.2668 0.3287 0.9060
vn 0.3087 0.3753 0.8740
vn 0.3524 0.5317 0.7701
vn 0.3603 0.7829 0.5073
vn 0.2938 0.9468 0.1317
vn 0.2162 0.9691 -0.1190
vn 0.1359 0.9593 -0.2477
vn 0.0271 0.9323 -0.3607
vn -0.0165 0.8594 -0.5111
vn 0.0603 0.7506 -0.6580
vn 0.1510 0.7046 -0.6933
vn 0.2446 0.7026 -0.6683
vn 0.3249 0.7176 -0.6161
vn 0.4223 0.7542 -0.5028
vn 0.5274 0.7944 -0.3013
vn 0.5846 0.8105 -0.0351
vn 0.5923 0.7728 0.2278
vn 0.5824 0.7149 0.3870
vn -0.5046 0.6494 -0.5689
vn -0.5546 0.6090 -0.5670
vn -0.6748 0.5737 -0.4643
vn -0.8020 0.5371 -0.2615
vn -0.8409 0.5401 -0.0346
vn -0.8267 0.5366 0.1695
vn -0.7225 0.6573 0.2143
vn -0.5259 0.8210 0.2224
vn -0.3396 0.8610 0.3785
vn -0.2229 0.7259 0.6507
vn -0.1117 0.5650 0.8175
vn -0.0092 0.4163 0.9092
vn 0.0777 0.3699 0.9258
vn 0.1647 0.4171 0.8938
vn 0.2544 0.5763 0.7767
vn 0.3092 0.7990 0.5158
vn 0.2943 0.9456 0.1384
vn 0.2598 0.9627 -0.0756
vn 0.2186 0.9649 -0.1454
vn 0.1513 0.9479 -0.2804
vn 0.1159 0.8368 -0.5351
vn 0.1238 0.7062 -0.6971
vn 0.1606 0.6531 -0.7400
vn 0.2200 0.6408 -0.7356
vn 0.2945 0.6497 -0.7009
vn 0.3667 0.6793 -0.6357
vn 0.4705 0.7289 -0.4973
vn 0.5828 0.7686 -0.2638
vn 0.6450 0.7641 -0.0072
vn 0.6662 0.7193 0.1972
vn -0.5684 0.6462 -0.5092
vn -0.6426 0.5718 -0.5100
vn -0.7142 0.5305 -0.4566
vn -0.7986 0.5067 -0.3248
vn -0.8503 0.4976 -0.1715
vn -0.8531 0.5200 -0.0417
vn -0.7407 0.6688 -0.0640
vn -0.6362 0.7701 -0.0465
vn -0.5901 0.7932 0.1503
vn -0.5280 0.7155 0.4575
vn -0.4222 0.6039 0.6760
vn -0.2904 0.4926 0.8204
vn -0.1397 0.4678 0.8727
vn 0.0066 0.5353 0.8446
vn 0.1433 0.6942 0.7054
vn 0.2372 0.8643 0.4435
vn 0.2634 0.9616 0.0770
vn 0.2687 0.9588 -0.0921
vn 0.2748 0.9547 -0.1145
vn 0.2478 0.9260 -0.2847
vn 0.1822 0.8048 -0.5649
vn 0.1243 0.6851 -0.7178
vn 0.1094 0.6254 -0.7726
vn 0.1308 0.6030 -0.7869
vn 0.1781 0.6045 -0.7765
vn 0.2481 0.6317 -0.7344
vn 0.3294 0.6917 -0.6426
vn 0.4523 0.7645 -0.4593
vn 0.5706 0.7992 -0.1889
vn 0.6225 0.7787 0.0781
vn -0.5708 0.7162 -0.4015
vn -0.6820 0.5872 -0.4360
vn -0.7163 0.5394 -0.4427
vn -0.7988 0.4880 -0.3517
vn -0.8529 0.4620 -0.2430
vn -0.8510 0.4897 -0.1898
vn -0.7995 0.5645 -0.2050
vn -0.7564 0.6291 -0.1793
vn -0.7598 0.6492 -0.0344
vn -0.7505 0.6320 0.1933
vn -0.6758 0.6067 0.4185
vn -0.5385 0.5941 0.5976
vn -0.3595 0.6236 0.6942
vn -0.1627 0.7140 0.6810
vn -0.0057 0.8320 0.5547
vn 0.1377 0.9552 0.2621
vn 0.2315 0.9721 -0.0383
vn 0.2597 0.9564 -0.1339
vn 0.2805 0.9457 -0.1639
vn 0.2491 0.9034 -0.3491
vn 0.1480 0.7951 -0.5881
vn 0.0557 0.6894 -0.7223
vn 0.0004 0.6206 -0.7842
vn -0.0183 0.5860 -0.8101
vn -0.0075 0.5794 -0.8150
vn 0.0296 0.6044 -0.7961
vn 0.1030 0.6675 -0.7375
vn 0.1975 0.7824 -0.5907
vn 0.3124 0.9016 -0.2992
vn 0.4080 0.9114 0.0533
vn -0.4603 0.8566 -0.2330
vn -0.5814 0.7379 -0.3427
vn -0.6786 0.6223 -0.3901
vn -0.7603 0.5445 -0.3541
vn -0.8164 0.4997 -0.2896
vn -0.8230 0.5025 -0.2648
vn -0.7899 0.5431 -0.2848
vn -0.7731 0.5762 -0.2651
vn -0.7923 0.5880 -0.1630
vn -0.7999 0.5999 -0.0153
vn -0.7624 0.6315 0.1414
vn -0.6654 0.6883 0.2890
vn -0.5014 0.7728 0.3889
vn -0.3230 0.8507 0.4147
vn -0.0933 0.9590 0.2677
vn 0.1244 0.9922 0.0035
vn 0.2103 0.9661 -0.1499
vn 0.2358 0.9574 -0.1668
vn 0.2406 0.9498 -0.2001
vn 0.1814 0.9140 -0.3629
vn 0.0568 0.8209 -0.5682
vn -0.0630 0.7198 -0.6913
vn -0.1513 0.6405 -0.7529
vn -0.2166 0.5970 -0.7725
vn -0.2523 0.5725 -0.7802
vn -0.2590 0.5930 -0.7624
vn -0.2555 0.6605 -0.7060
vn -0.2255 0.7976 -0.5595
vn -0.1489 0.9454 -0.2898
vn -0.0415 0.9966 0.0708
vn -0.2772 0.9580 -0.0739
vn -0.3766 0.9126 -0.1590
vn -0.5175 0.8143 -0.2629
vn -0.6377 0.7081 -0.3033
vn -0.7200 0.6310 -0.2888
vn -0.7477 0.5959 -0.2931
vn -0.7363 0.5953 -0.3216
vn -0.7360 0.6000 -0.3136
vn -0.7535 0.6080 -0.2502
vn -0.7545 0.6350 -0.1657
vn -0.7211 0.6888 -0.0746
vn -0.6384 0.7695 0.0150
vn -0.4863 0.8705 0.0755
vn -0.2714 0.9542 0.1258
vn -0.0198 0.9980 -0.0593
vn 0.1344 0.9744 -0.1800
vn 0.1829 0.9616 -0.2044
vn 0.1955 0.9622 -0.1894
vn 0.1906 0.9617 -0.1969
vn 0.1265 0.9435 -0.3064
vn -0.0155 0.8823 -0.4704
vn -0.1891 0.7959 -0.5751
vn -0.3305 0.6891 -0.6449
vn -0.4059 0.6325 -0.6596
vn -0.4591 0.5912 -0.6631
vn -0.5088 0.5909 -0.6261
vn -0.5496 0.6326 -0.5457
vn -0.5736 0.7167 -0.3967
vn -0.5566 0.8152 -0.1603
vn -0.4837 0.8645 0.1371
vn -0.0776 0.9970 -0.0071
vn -0.1082 0.9939 -0.0226
vn -0.1968 0.9775 -0.0765
vn -0.3310 0.9299 -0.1602
vn -0.4648 0.8590 -0.2146
vn -0.5497 0.7941 -0.2593
vn -0.5866 0.7471 -0.3127
vn -0.6119 0.7212 -0.3249
vn -0.6296 0.7162 -0.3010
vn -0.6209 0.7388 -0.2618
vn -0.5757 0.7892 -0.2138
vn -0.4788 0.8611 -0.1709
vn -0.3456 0.9291 -0.1314
vn -0.1312 0.9775 -0.1653
vn 0.0641 0.9692 -0.2378
vn 0.1223 0.9603 -0.2506
vn 0.1349 0.9647 -0.2260
vn 0.1425 0.9683 -0.2050
vn 0.1376 0.9731 -0.1849
vn 0.0932 0.9734 -0.2092
vn -0.0294 0.9534 -0.3004
vn -0.2111 0.9087 -0.3601
vn -0.3856 0.7919 -0.4735
vn -0.5069 0.7051 -0.4959
vn -0.5950 0.6423 -0.4832
vn -0.6628 0.6094 -0.4352
vn -0.7169 0.6063 -0.3443
vn -0.7527 0.6266 -0.2020
vn -0.7554 0.6552 -0.0102
vn -0.7132 0.6686 0.2106
vn -0.0020 1.0000 -0.0015
vn -0.0060 1.0000 -0.0000
vn -0.0111 0.9999 -0.0019
vn -0.0472 0.9987 -0.0181
vn -0.1304 0.9894 -0.0638
vn -0.2302 0.9624 -0.1438
vn -0.3121 0.9209 -0.2334
vn -0.3668 0.8859 -0.2840
vn -0.3872 0.8721 -0.2992
vn -0.3794 0.8793 -0.2880
vn -0.3311 0.9002 -0.2830
vn -0.2377 0.9297 -0.2815
vn -0.0983 0.9587 -0.2669
vn 0.0246 0.9556 -0.2937
vn 0.0592 0.9550 -0.2905
vn 0.0665 0.9599 -0.2722
vn 0.0737 0.9666 -0.2453
vn 0.0776 0.9733 -0.2161
vn 0.0721 0.9808 -0.1814
vn 0.0467 0.9888 -0.1417
vn -0.0421 0.9930 -0.1103
vn -0.1870 0.9767 -0.1055
vn -0.3629 0.9089 -0.2055
vn -0.5291 0.8135 -0.2414
vn -0.6476 0.7230 -0.2407
vn -0.7295 0.6530 -0.2035
vn -0.7851 0.6061 -0.1276
vn -0.8165 0.5771 -0.0135
vn -0.8199 0.5576 0.1299
vn -0.7929 0.5385 0.2852
vn -0.0041 1.0000 -0.0038
vn -0.0294 0.9982 -0.0521
vn -0.0696 0.9882 -0.1365
vn -0.1047 0.9720 -0.2102
vn -0.1218 0.9579 -0.2600
vn -0.1098 0.9531 -0.2819
vn -0.0695 0.9513 -0.3002
vn -0.0285 0.9506 -0.3090
vn -0.0034 0.9485 -0.3169
vn 0.0003 0.9487 -0.3163
vn 0.0001 0.9516 -0.3074
vn -0.0002 0.9570 -0.2901
vn -0.0005 0.9648 -0.2631
vn -0.0030 0.9741 -0.2261
vn -0.0121 0.9837 -0.1795
vn -0.0344 0.9929 -0.1141
vn -0.0638 0.9976 -0.0259
vn -0.1194 0.9909 0.0621
vn -0.2537 0.9629 0.0919
vn -0.4349 0.8980 0.0674
vn -0.5878 0.8075 0.0496
vn -0.6941 0.7176 0.0578
vn -0.7613 0.6412 0.0960
vn -0.7972 0.5813 0.1630
vn -0.8064 0.5356 0.2507
vn -0.7929 0.5011 0.3467
vn -0.0002 1.0000 -0.0017
vn -0.0020 0.9992 -0.0398
vn -0.0087 0.9933 -0.1153
vn -0.0163 0.9825 -0.1858
vn -0.0233 0.9711 -0.2375
vn -0.0297 0.9610 -0.2750
vn -0.0361 0.9529 -0.3011
vn -0.0426 0.9472 -0.3177
vn -0.0494 0.9441 -0.3259
vn -0.0568 0.9435 -0.3264
vn -0.0650 0.9456 -0.3188
vn -0.0743 0.9503 -0.3023
vn -0.0851 0.9575 -0.2755
vn -0.0994 0.9670 -0.2344
vn -0.1165 0.9767 -0.1805
vn -0.1361 0.9856 -0.1004
vn -0.1607 0.9870 -0.0047
vn -0.1886 0.9759 0.1096
vn -0.2217 0.9485 0.2264
vn -0.2998 0.9074 0.2945
vn -0.4270 0.8506 0.3068
vn -0.5526 0.7793 0.2954
vn -0.6429 0.7063 0.2963
vn -0.6999 0.6413 0.3144
vn -0.7290 0.5892 0.3484
vn -0.7360 0.5523 0.3915
vn -0.0003 1.0000 -0.0005
vn -0.0031 0.9995 -0.0323
vn -0.0165 0.9947 -0.1017
vn -0.0317 0.9840 -0.1752
vn -0.0457 0.9721 -0.2302
vn -0.0591 0.9609 -0.2704
vn -0.0723 0.9515 -0.2989
vn -0.0857 0.9443 -0.3176
vn -0.0997 0.9395 -0.3277
vn -0.1149 0.9372 -0.3295
vn -0.1342 0.9375 -0.3211
vn -0.1547 0.9389 -0.3074
vn -0.1765 0.9436 -0.2802
vn -0.2002 0.9505 -0.2376
vn -0.2262 0.9573 -0.1803
vn -0.2546 0.9619 -0.1002
vn -0.2794 0.9602 0.0025
vn -0.2973 0.9472 0.1202
vn -0.3061 0.9211 0.2407
vn -0.3061 0.8852 0.3503
vn -0.3230 0.8455 0.4251
vn -0.3825 0.8063 0.4511
vn -0.4668 0.7667 0.4407
vn -0.5403 0.7252 0.4269
vn -0.5915 0.6887 0.4193
vn -0.6221 0.6621 0.4179
vn -0.0031 0.9998 -0.0209
vn -0.0203 0.9966 -0.0795
vn -0.0424 0.9870 -0.1551
vn -0.0641 0.9748 -0.2139
vn -0.0848 0.9626 -0.2575
vn -0.1050 0.9516 -0.2888
vn -0.1255 0.9425 -0.3098
vn -0.1504 0.9357 -0.3192
vn -0.1754 0.9292 -0.3254
vn -0.1989 0.9274 -0.3168
vn -0.2243 0.9263 -0.3027
vn -0.2553 0.9268 -0.2752
vn -0.2897 0.9281 -0.2337
vn -0.3264 0.9289 -0.1751
vn -0.3629 0.9268 -0.0966
vn -0.3941 0.9191 0.0016
vn -0.4141 0.9031 0.1138
vn -0.4188 0.8788 0.2288
vn -0.4082 0.8495 0.3343
vn -0.3855 0.8211 0.4210
vn -0.3611 0.7978 0.4828
vn -0.3623 0.7827 0.5061
vn -0.3972 0.7730 0.4947
vn -0.4471 0.7638 0.4655
vn -0.4899 0.7559 0.4343
vn -0.0029 1.0000 -0.0085
vn -0.0175 0.9984 -0.0532
vn -0.0455 0.9912 -0.1244
vn -0.0752 0.9793 -0.1877
vn -0.1034 0.9664 -0.2352
vn -0.1354 0.9543 -0.2664
vn -0.1661 0.9411 -0.2945
vn -0.1922 0.9329 -0.3045
vn -0.2186 0.9248 -0.3112
vn -0.2508 0.9184 -0.3059
vn -0.2858 0.9133 -0.2903
vn -0.3238 0.9089 -0.2629
vn -0.3645 0.9044 -0.2217
vn -0.4063 0.8988 -0.1646
vn -0.4462 0.8904 -0.0902
vn -0.4797 0.8774 0.0006
vn -0.5015 0.8591 0.1027
vn -0.5075 0.8363 0.2075
vn -0.4972 0.8123 0.3050
vn -0.4727 0.7917 0.3869
vn -0.4379 0.7792 0.4485
vn -0.3964 0.7778 0.4877
vn -0.3604 0.7869 0.5009
vn -0.3448 0.8027 0.4865
vn -0.3502 0.8235 0.4463
vn -0.0013 1.0000 -0.0013
vn -0.0100 0.9996 -0.0279
vn -0.0395 0.9956 -0.0845
vn -0.0756 0.9857 -0.1508
vn -0.1115 0.9729 -0.2027
vn -0.1487 0.9613 -0.2321
vn -0.1824 0.9460 -0.2679
vn -0.2173 0.9340 -0.2836
vn -0.2535 0.9230 -0.2894
vn -0.2915 0.9131 -0.2851
vn -0.3317 0.9038 -0.2703
vn -0.3740 0.8948 -0.2438
vn -0.4176 0.8854 -0.2042
vn -0.4609 0.8746 -0.1504
vn -0.5008 0.8617 -0.0819
vn -0.5334 0.8459 -0.0003
vn -0.5542 0.8275 0.0902
vn -0.5600 0.8081 0.1827
vn -0.5498 0.7906 0.2694
vn -0.5251 0.7787 0.3434
vn -0.4885 0.7756 0.3998
vn -0.4432 0.7834 0.4358
vn -0.3916 0.8027 0.4498
vn -0.3355 0.8324 0.4411
vn -0.2815 0.8686 0.4077
vn -0.0045 1.0000 -0.0079
vn -0.0242 0.9987 -0.0445
vn -0.0623 0.9927 -0.1034
vn -0.1118 0.9817 -0.1543
vn -0.1549 0.9679 -0.1979
vn -0.1896 0.9539 -0.2326
vn -0.2304 0.9401 -0.2512
vn -0.2718 0.9268 -0.2591
vn -0.3141 0.9140 -0.2567
vn -0.3576 0.9015 -0.2436
vn -0.4020 0.8890 -0.2192
vn -0.4461 0.8761 -0.1826
vn -0.4884 0.8623 -0.1336
vn -0.5260 0.8474 -0.0724
vn -0.5557 0.8314 -0.0009
vn -0.5739 0.8152 0.0773
vn -0.5782 0.8007 0.1567
vn -0.5674 0.7903 0.2312
vn -0.5423 0.7866 0.2951
vn -0.5046 0.7920 0.3437
vn -0.4566 0.8074 0.3737
vn -0.4005 0.8324 0.3829
vn -0.3383 0.8652 0.3702
vn -0.2720 0.9019 0.3355
vn -0.0008 1.0000 -0.0008
vn -0.0094 0.9999 -0.0145
vn -0.0379 0.9979 -0.0527
vn -0.0832 0.9922 -0.0930
vn -0.1311 0.9794 -0.1537
vn -0.1779 0.9660 -0.1876
vn -0.2239 0.9518 -0.2097
vn -0.2694 0.9374 -0.2208
vn -0.3149 0.9230 -0.2212
vn -0.3602 0.9087 -0.2110
vn -0.4049 0.8944 -0.1899
vn -0.4480 0.8800 -0.1579
vn -0.4877 0.8654 -0.1150
vn -0.5218 0.8508 -0.0622
vn -0.5475 0.8368 -0.0013
vn -0.5622 0.8245 0.0643
vn -0.5637 0.8156 0.1305
vn -0.5512 0.8119 0.1921
vn -0.5248 0.8154 0.2444
vn -0.4855 0.8272 0.2830
vn -0.4350 0.8473 0.3048
vn -0.3753 0.8745 0.3072
vn -0.3089 0.9060 0.2894
vn -0.2385 0.9379 0.2518
vt 0.967742 0.967742
vt 1.000000 1.000000
vt 0.967742 1.000000
vt 0.000000 0.967742
vt 0.032258 1.000000
vt 0.000000 1.000000
vt 0.032258 0.967742
vt 0.064516 1.000000
vt 0.064516 0.967742
vt 0.096774 1.000000
vt 0.096774 0.967742
vt 0.129032 1.000000
vt 0.129032 0.967742
vt 0.161290 1.000000
vt 0.161290 0.967742
vt 0.193548 1.000000
vt 0.193548 0.967742
vt 0.225806 1.000000
vt 0.225806 0.967742
vt 0.258065 1.000000
vt 0.258065 0.967742
vt 0.290323 1.000000
vt 0.290323 0.967742
vt 0.322581 1.000000
vt 0.322581 0.967742
vt 0.354839 1.000000
vt 0.354839 0.967742
vt 0.387097 1.000000
vt 0.387097 0.967742
vt 0.419212 0.999561
vt 0.419321 0.964884
vt 0.459377 1.005453
vt 0.465327 0.976967
vt 0.508698 1.016997
vt 0.513250 1.004927
vt 0.560774 1.057287
vt 0.556875 1.028654
vt 0.603694 1.081599
vt 0.613571 1.035251
vt 0.657009 1.075508
vt 0.672752 0.909565
vt 0.709713 0.939204
vt 0.538531 1.147418
vt 0.584193 1.061512
vt 0.561397 0.892835
vt 0.641889 1.079038
vt 0.627861 1.024565
vt 0.687133 1.059494
vt 0.686517 1.025005
vt 0.730383 1.032978
vt 0.731044 1.000491
vt 0.769355 1.009441
vt 0.770077 0.978080
vt 0.806047 1.000385
vt 0.806108 0.968304
vt 0.838710 1.000000
vt 0.838710 0.967742
vt 0.870968 1.000000
vt 0.870968 0.967742
vt 0.903226 1.000000
vt 0.903226 0.967742
vt 0.935484 1.000000
vt 0.935484 0.967742
vt 0.032258 0.000000
vt 0.000000 0.032258
vt 0.000000 0.000000
vt 0.032258 0.032258
vt 0.000000 0.064516
vt 0.032258 0.064516
vt 0.000000 0.096774
vt 0.032258 0.096774
vt 0.000000 0.129032
vt 0.032258 0.129032
vt 0.000000 0.161290
vt 0.032258 0.161290
vt 0.000000 0.193548
vt 0.032258 0.225806
vt 0.000000 0.225806
vt 0.032258 0.258065
vt 0.000000 0.258064
vt 0.032258 0.290323
vt 0.000000 0.290323
vt 0.000000 0.322581
vt 0.032258 0.322581
vt 0.000000 0.354839
vt 0.032258 0.354839
vt 0.000000 0.387097
vt 0.032258 0.387097
vt 0.000000 0.419355
vt 0.032258 0.419355
vt 0.000000 0.451613
vt 0.032258 0.451613
vt 0.000000 0.483871
vt 0.032258 0.483871
vt 0.000000 0.516129
vt 0.032258 0.516129
vt 0.000000 0.548387
vt 0.032258 0.548387
vt 0.000000 0.580645
vt 0.032258 0.580645
vt 0.000000 0.612903
vt 0.032258 0.612903
vt 0.000000 0.645161
vt 0.032258 0.645161
vt 0.000000 0.677419
vt 0.032258 0.677419
vt 0.000000 0.709677
vt 0.032258 0.709677
vt 0.000000 0.741935
vt 0.032258 0.741935
vt 0.000000 0.774194
vt 0.032258 0.774194
vt 0.000000 0.806452
vt 0.032258 0.838710
vt 0.000000 0.838710
vt 0.032258 0.870968
vt 0.000000 0.870968
vt 0.032258 0.903226
vt 0.000000 0.903226
vt 0.032258 0.935484
vt 0.000000 0.935484
vt 0.064516 0.000000
vt 0.064516 0.032258
vt 0.064516 0.064516
vt 0.064516 0.096774
vt 0.064516 0.129032
vt 0.064516 0.161290
vt 0.032258 0.193548
vt 0.064516 0.225806
vt 0.064516 0.258065
vt 0.064516 0.290323
vt 0.064516 0.322581
vt 0.064516 0.354839
vt 0.064516 0.387097
vt 0.064516 0.419355
vt 0.064516 0.451613
vt 0.064516 0.483871
vt 0.064516 0.516129
vt 0.064516 0.548387
vt 0.064516 0.580645
vt 0.064516 0.612903
vt 0.064516 0.645161
vt 0.064516 0.677419
vt 0.064516 0.709677
vt 0.064516 0.741936
vt 0.064516 0.774194
vt 0.032258 0.806452
vt 0.064516 0.838710
vt 0.064516 0.870968
vt 0.064516 0.903226
vt 0.064516 0.935484
vt 0.096774 0.000000
vt 0.096774 0.032258
vt 0.096774 0.064516
vt 0.096774 0.096774
vt 0.096774 0.129032
vt 0.096774 0.161290
vt 0.064516 0.193548
vt 0.096774 0.225806
vt 0.096774 0.258065
vt 0.096774 0.290323
vt 0.096774 0.322581
vt 0.096774 0.354839
vt 0.096774 0.387097
vt 0.096774 0.419355
vt 0.096774 0.451613
vt 0.096774 0.483871
vt 0.096774 0.516129
vt 0.096774 0.548387
vt 0.096774 0.580645
vt 0.096774 0.612903
vt 0.096774 0.645161
vt 0.096774 0.677419
vt 0.096774 0.709677
vt 0.096774 0.741935
vt 0.096774 0.806452
vt 0.064516 0.806452
vt 0.096774 0.838710
vt 0.096774 0.870968
vt 0.096774 0.903226
vt 0.096774 0.935484
vt 0.129032 0.000000
vt 0.129032 0.032258
vt 0.129032 0.064516
vt 0.129032 0.096774
vt 0.129032 0.129032
vt 0.129032 0.193548
vt 0.096774 0.193548
vt 0.129032 0.225806
vt 0.129032 0.258065
vt 0.129032 0.290323
vt 0.129032 0.322581
vt 0.129032 0.354839
vt 0.129032 0.387097
vt 0.129032 0.419355
vt 0.129032 0.451613
vt 0.129032 0.483871
vt 0.129032 0.516129
vt 0.129032 0.548387
vt 0.129032 0.580645
vt 0.129032 0.612903
vt 0.129032 0.645161
vt 0.129032 0.677419
vt 0.129032 0.741935
vt 0.129032 0.774194
vt 0.096774 0.774194
vt 0.129032 0.806452
vt 0.129032 0.838710
vt 0.129032 0.870968
vt 0.129032 0.903226
vt 0.129032 0.935484
vt 0.161290 0.000000
vt 0.161290 0.032258
vt 0.161290 0.064516
vt 0.161290 0.096774
vt 0.161290 0.129032
vt 0.129032 0.161290
vt 0.161290 0.193548
vt 0.161290 0.225806
vt 0.161290 0.258065
vt 0.161290 0.290323
vt 0.161290 0.322581
vt 0.161290 0.354839
vt 0.161290 0.387097
vt 0.161290 0.451613
vt 0.161290 0.483871
vt 0.161290 0.516129
vt 0.161290 0.548387
vt 0.161290 0.580645
vt 0.161290 0.612903
vt 0.161290 0.645161
vt 0.161290 0.677419
vt 0.161290 0.709677
vt 0.129032 0.709677
vt 0.161290 0.741935
vt 0.161290 0.774193
vt 0.161290 0.806452
vt 0.161290 0.838710
vt 0.161290 0.870968
vt 0.161290 0.903226
vt 0.161290 0.935484
vt 0.193548 0.032258
vt 0.193548 0.064516
vt 0.193548 0.096774
vt 0.193548 0.129032
vt 0.193548 0.161290
vt 0.161290 0.161290
vt 0.193548 0.193548
vt 0.193548 0.225806
vt 0.193548 0.258065
vt 0.193548 0.290323
vt 0.193548 0.322581
vt 0.193548 0.387097
vt 0.193548 0.419355
vt 0.161290 0.419355
vt 0.193548 0.451613
vt 0.193548 0.483871
vt 0.193548 0.516129
vt 0.193548 0.548387
vt 0.193548 0.580645
vt 0.193548 0.612903
vt 0.193548 0.645161
vt 0.193548 0.677419
vt 0.193548 0.709677
vt 0.193548 0.741935
vt 0.193548 0.774194
vt 0.193548 0.806452
vt 0.193548 0.838710
vt 0.193548 0.870968
vt 0.193548 0.903226
vt 0.193548 0.935484
vt 0.193548 0.000000
vt 0.225806 0.032258
vt 0.225806 0.064516
vt 0.225806 0.096774
vt 0.225806 0.129032
vt 0.225806 0.161290
vt 0.225806 0.193548
vt 0.225806 0.225806
vt 0.225806 0.258065
vt 0.225806 0.290323
vt 0.225806 0.322581
vt 0.193548 0.354839
vt 0.225806 0.387097
vt 0.225806 0.419355
vt 0.225806 0.451613
vt 0.225806 0.483871
vt 0.225806 0.516129
vt 0.225806 0.548387
vt 0.225806 0.580645
vt 0.225806 0.612903
vt 0.225806 0.645161
vt 0.225806 0.677419
vt 0.225806 0.709677
vt 0.225806 0.741935
vt 0.225806 0.774194
vt 0.225806 0.806452
vt 0.225806 0.838710
vt 0.225806 0.870968
vt 0.225806 0.903226
vt 0.225806 0.935484
vt 0.225806 0.000000
vt 0.258065 0.032258
vt 0.258065 0.064516
vt 0.258065 0.096774
vt 0.258065 0.129032
vt 0.258065 0.161290
vt 0.258065 0.193548
vt 0.258065 0.225806
vt 0.258065 0.258065
vt 0.258065 0.290323
vt 0.258065 0.354839
vt 0.225806 0.354839
vt 0.258065 0.387097
vt 0.258065 0.419355
vt 0.258065 0.451613
vt 0.258065 0.483871
vt 0.258065 0.516129
vt 0.258065 0.548387
vt 0.258064 0.580645
vt 0.258065 0.612903
vt 0.258065 0.645161
vt 0.258065 0.677419
vt 0.258065 0.709677
vt 0.258065 0.741935
vt 0.258065 0.774193
vt 0.258065 0.806452
vt 0.258065 0.870968
vt 0.258065 0.903226
vt 0.258065 0.935484
vt 0.258065 0.000000
vt 0.290323 0.032258
vt 0.290323 0.064516
vt 0.290323 0.096774
vt 0.290323 0.129032
vt 0.290323 0.161290
vt 0.290323 0.193548
vt 0.290323 0.225806
vt 0.290322 0.258064
vt 0.290322 0.290323
vt 0.258065 0.322581
vt 0.290322 0.354839
vt 0.290323 0.387097
vt 0.290322 0.419355
vt 0.290322 0.451613
vt 0.290323 0.483871
vt 0.290323 0.516129
vt 0.290323 0.548387
vt 0.290323 0.580645
vt 0.290323 0.612903
vt 0.290323 0.645161
vt 0.290323 0.677419
vt 0.290323 0.709677
vt 0.290323 0.741935
vt 0.290323 0.774194
vt 0.290323 0.838710
vt 0.258065 0.838710
vt 0.290323 0.870968
vt 0.290323 0.903226
vt 0.290323 0.935484
vt 0.290323 0.000000
vt 0.322581 0.032258
vt 0.322581 0.064516
vt 0.322581 0.096774
vt 0.322581 0.129032
vt 0.322581 0.161290
vt 0.322581 0.193548
vt 0.322581 0.225806
vt 0.322581 0.258065
vt 0.322581 0.290323
vt 0.290323 0.322581
vt 0.322581 0.322581
vt 0.322581 0.354839
vt 0.322581 0.387097
vt 0.322581 0.451613
vt 0.322581 0.483871
vt 0.322581 0.516129
vt 0.322581 0.548387
vt 0.322581 0.580645
vt 0.322581 0.612903
vt 0.322581 0.645161
vt 0.322581 0.677419
vt 0.322581 0.709677
vt 0.322581 0.741935
vt 0.322296 0.806257
vt 0.290323 0.806452
vt 0.322438 0.838606
vt 0.322581 0.870968
vt 0.322581 0.903226
vt 0.322581 0.935484
vt 0.322581 0.000000
vt 0.354839 0.032258
vt 0.354839 0.064516
vt 0.354839 0.096774
vt 0.354839 0.129032
vt 0.354839 0.161290
vt 0.354839 0.193548
vt 0.354839 0.225806
vt 0.354839 0.258065
vt 0.354839 0.290323
vt 0.354839 0.322581
vt 0.354839 0.354839
vt 0.354839 0.387097
vt 0.322581 0.419355
vt 0.354839 0.419355
vt 0.354839 0.451613
vt 0.354839 0.483871
vt 0.354839 0.516129
vt 0.354839 0.548387
vt 0.354839 0.580645
vt 0.354839 0.612903
vt 0.354839 0.645161
vt 0.354839 0.709677
vt 0.354809 0.742068
vt 0.353619 0.775674
vt 0.322579 0.774196
vt 0.351559 0.806999
vt 0.351562 0.839082
vt 0.353453 0.870268
vt 0.354726 0.903113
vt 0.354839 0.935484
vt 0.387097 0.000000
vt 0.354839 0.000000
vt 0.387097 0.032258
vt 0.387097 0.064516
vt 0.387097 0.096774
vt 0.387097 0.129032
vt 0.387097 0.161290
vt 0.387097 0.193548
vt 0.387097 0.225806
vt 0.387097 0.258065
vt 0.387097 0.290323
vt 0.387097 0.322581
vt 0.387097 0.354839
vt 0.387097 0.419355
vt 0.387097 0.451613
vt 0.387097 0.483871
vt 0.387097 0.516129
vt 0.387097 0.548387
vt 0.387097 0.580645
vt 0.387097 0.612903
vt 0.387097 0.645161
vt 0.354839 0.677419
vt 0.387097 0.709682
vt 0.386664 0.743880
vt 0.384419 0.779029
vt 0.380011 0.809216
vt 0.377520 0.839557
vt 0.378588 0.865464
vt 0.383442 0.899272
vt 0.386355 0.934488
vt 0.419355 0.000000
vt 0.419355 0.032258
vt 0.419355 0.064516
vt 0.419355 0.096774
vt 0.419355 0.129032
vt 0.419355 0.161290
vt 0.419355 0.193548
vt 0.419355 0.225806
vt 0.419355 0.258065
vt 0.419355 0.290323
vt 0.419355 0.322581
vt 0.419355 0.387097
vt 0.387097 0.387097
vt 0.419355 0.419355
vt 0.419355 0.451613
vt 0.419355 0.483871
vt 0.419355 0.516129
vt 0.419355 0.548387
vt 0.419355 0.580645
vt 0.419355 0.612903
vt 0.419355 0.645161
vt 0.387097 0.677419
vt 0.419439 0.710562
vt 0.420246 0.747388
vt 0.423092 0.789373
vt 0.432027 0.839559
vt 0.420749 0.846802
vt 0.438350 0.909039
vt 0.434863 0.904938
vt 0.420031 0.927947
vt 0.451613 0.000000
vt 0.451613 0.032258
vt 0.451613 0.064516
vt 0.451613 0.096774
vt 0.451613 0.129032
vt 0.451613 0.161290
vt 0.451613 0.193548
vt 0.451613 0.225806
vt 0.451613 0.258065
vt 0.451613 0.290323
vt 0.451613 0.322581
vt 0.419355 0.354839
vt 0.451613 0.387097
vt 0.451613 0.419355
vt 0.451613 0.451613
vt 0.451613 0.483871
vt 0.451613 0.516129
vt 0.451613 0.548387
vt 0.451613 0.580645
vt 0.451613 0.612903
vt 0.451613 0.645161
vt 0.419355 0.677419
vt 0.451962 0.712069
vt 0.452685 0.750106
vt 0.454666 0.792451
vt 0.459464 0.839641
vt 0.467667 0.890005
vt 0.483417 0.939066
vt 0.487112 0.947822
vt 0.473447 0.951867
vt 0.483871 0.000000
vt 0.483871 0.032258
vt 0.483871 0.064516
vt 0.483871 0.096774
vt 0.483871 0.129032
vt 0.483871 0.161290
vt 0.483871 0.193548
vt 0.483871 0.225806
vt 0.483871 0.258064
vt 0.483871 0.290323
vt 0.483871 0.322581
vt 0.451613 0.354839
vt 0.483871 0.387097
vt 0.483871 0.419355
vt 0.483871 0.451613
vt 0.483871 0.483871
vt 0.483871 0.516129
vt 0.483871 0.548387
vt 0.483871 0.580645
vt 0.483871 0.612903
vt 0.483871 0.645161
vt 0.451613 0.677439
vt 0.483950 0.678132
vt 0.484285 0.714035
vt 0.484679 0.753168
vt 0.485842 0.796419
vt 0.494109 0.894995
vt 0.505198 0.948941
vt 0.520211 0.988237
vt 0.521899 0.996317
vt 0.516129 0.000000
vt 0.516129 0.032258
vt 0.516129 0.064516
vt 0.516129 0.096774
vt 0.516129 0.129032
vt 0.516129 0.161290
vt 0.516129 0.193548
vt 0.516129 0.225806
vt 0.516129 0.258065
vt 0.516129 0.290323
vt 0.516129 0.322581
vt 0.483871 0.354839
vt 0.516129 0.387097
vt 0.516129 0.419355
vt 0.516129 0.451613
vt 0.516129 0.483871
vt 0.516129 0.516129
vt 0.516129 0.548387
vt 0.516129 0.580645
vt 0.516129 0.612903
vt 0.516164 0.645348
vt 0.516323 0.679884
vt 0.516780 0.716689
vt 0.517454 0.756359
vt 0.518444 0.799600
vt 0.488660 0.843831
vt 0.519996 0.846377
vt 0.530279 0.952807
vt 0.543876 1.002249
vt 0.555211 1.022776
vt 0.548387 0.000000
vt 0.548387 0.032258
vt 0.548387 0.064516
vt 0.548387 0.096774
vt 0.548387 0.129032
vt 0.548387 0.193548
vt 0.548387 0.225806
vt 0.548387 0.258065
vt 0.548387 0.290323
vt 0.548387 0.322581
vt 0.516129 0.354839
vt 0.548387 0.387097
vt 0.548387 0.419355
vt 0.548387 0.451613
vt 0.548387 0.483871
vt 0.548387 0.516129
vt 0.548387 0.548387
vt 0.548387 0.580645
vt 0.548590 0.613080
vt 0.548861 0.648068
vt 0.548917 0.683326
vt 0.550152 0.720127
vt 0.552139 0.759429
vt 0.554298 0.801538
vt 0.556096 0.846159
vt 0.523027 0.897203
vt 0.557477 0.894206
vt 0.573290 1.011157
vt 0.599783 1.045014
vt 0.580645 0.032258
vt 0.580645 0.096774
vt 0.580645 0.129032
vt 0.580645 0.161290
vt 0.548387 0.161290
vt 0.580645 0.193548
vt 0.580645 0.225806
vt 0.580645 0.258065
vt 0.580645 0.290323
vt 0.580645 0.322581
vt 0.580645 0.354839
vt 0.548387 0.354839
vt 0.580645 0.387097
vt 0.580645 0.419355
vt 0.580645 0.451613
vt 0.580645 0.483871
vt 0.580645 0.516129
vt 0.580645 0.548387
vt 0.580664 0.580666
vt 0.582550 0.615451
vt 0.581726 0.653456
vt 0.582545 0.689040
vt 0.585283 0.725236
vt 0.589105 0.764135
vt 0.593464 0.805985
vt 0.597604 0.850105
vt 0.600924 0.897392
vt 0.560717 0.949669
vt 0.604015 0.953572
vt 0.742880 1.122606
vt 0.580645 0.000000
vt 0.612903 0.032258
vt 0.612903 0.064516
vt 0.580645 0.064516
vt 0.612903 0.096774
vt 0.612903 0.129032
vt 0.612903 0.161290
vt 0.612903 0.193548
vt 0.612903 0.225806
vt 0.612903 0.258065
vt 0.612903 0.290323
vt 0.612903 0.322581
vt 0.612903 0.354839
vt 0.612903 0.387097
vt 0.612903 0.419355
vt 0.612903 0.451613
vt 0.612903 0.483871
vt 0.612903 0.516129
vt 0.612903 0.548387
vt 0.613566 0.581307
vt 0.616744 0.618237
vt 0.614496 0.658066
vt 0.616168 0.694747
vt 0.620217 0.733505
vt 0.625367 0.775258
vt 0.631066 0.820626
vt 0.636766 0.869799
vt 0.641605 0.924493
vt 0.629965 1.077875
vt 0.615269 1.043179
vt 0.538677 1.109550
vt 0.645161 0.000000
vt 0.612903 0.000000
vt 0.645161 0.064516
vt 0.645161 0.096774
vt 0.645161 0.129032
vt 0.645161 0.161290
vt 0.645161 0.193548
vt 0.645161 0.225806
vt 0.645161 0.258065
vt 0.645161 0.290323
vt 0.645161 0.322581
vt 0.645161 0.354839
vt 0.645161 0.387097
vt 0.645161 0.419355
vt 0.645161 0.451613
vt 0.645161 0.483871
vt 0.645161 0.516129
vt 0.645161 0.548387
vt 0.646201 0.581890
vt 0.651366 0.619117
vt 0.648551 0.661717
vt 0.647577 0.700507
vt 0.651147 0.740611
vt 0.655914 0.784419
vt 0.666184 0.883496
vt 0.669588 0.939959
vt 0.667775 1.000392
vt 0.643270 0.990222
vt 0.653021 1.055848
vt 0.576957 1.099132
vt 0.677419 0.000000
vt 0.645161 0.032258
vt 0.677419 0.064516
vt 0.677419 0.096774
vt 0.677419 0.129032
vt 0.677419 0.161290
vt 0.677419 0.193548
vt 0.677419 0.225806
vt 0.677419 0.258065
vt 0.677419 0.290323
vt 0.677419 0.322581
vt 0.677419 0.354839
vt 0.677419 0.387097
vt 0.677419 0.419355
vt 0.677419 0.451613
vt 0.677419 0.483871
vt 0.677419 0.516129
vt 0.677419 0.548387
vt 0.677920 0.581524
vt 0.683560 0.619091
vt 0.690556 0.659737
vt 0.678061 0.707529
vt 0.681209 0.783768
vt 0.685352 0.829382
vt 0.661119 0.831923
vt 0.689250 0.878462
vt 0.691466 0.930024
vt 0.689391 0.980704
vt 0.679780 1.022529
vt 0.654298 1.050973
vt 0.709677 0.000000
vt 0.677419 0.032258
vt 0.709677 0.032258
vt 0.709677 0.096774
vt 0.709677 0.129032
vt 0.709677 0.161290
vt 0.709677 0.193548
vt 0.709677 0.225806
vt 0.709677 0.258065
vt 0.709677 0.290323
vt 0.709677 0.322581
vt 0.709677 0.354839
vt 0.709677 0.387097
vt 0.709677 0.419355
vt 0.709677 0.451613
vt 0.709677 0.483871
vt 0.709677 0.516129
vt 0.709677 0.548387
vt 0.709677 0.580646
vt 0.711313 0.617236
vt 0.729459 0.660813
vt 0.709463 0.718390
vt 0.677652 0.742003
vt 0.706433 0.775608
vt 0.710245 0.814100
vt 0.709862 0.852523
vt 0.711846 0.896981
vt 0.711167 0.940078
vt 0.710374 0.985543
vt 0.699208 1.012645
vt 0.741935 0.000000
vt 0.741936 0.032258
vt 0.709677 0.064516
vt 0.741935 0.064516
vt 0.741935 0.096774
vt 0.741936 0.161290
vt 0.741935 0.193548
vt 0.741936 0.225806
vt 0.741935 0.258065
vt 0.741935 0.290323
vt 0.741936 0.322581
vt 0.741935 0.354839
vt 0.741935 0.387097
vt 0.741935 0.419355
vt 0.741935 0.451613
vt 0.741935 0.483871
vt 0.741935 0.516129
vt 0.741935 0.548387
vt 0.741935 0.580645
vt 0.741935 0.612911
vt 0.745654 0.648118
vt 0.733884 0.707714
vt 0.702304 0.742476
vt 0.728785 0.755319
vt 0.734724 0.791492
vt 0.737506 0.828871
vt 0.739171 0.867189
vt 0.739652 0.905390
vt 0.738395 0.941482
vt 0.735224 0.973349
vt 0.774194 0.000000
vt 0.774194 0.032258
vt 0.774193 0.064516
vt 0.774193 0.096774
vt 0.741936 0.129032
vt 0.774193 0.129032
vt 0.774193 0.161290
vt 0.774194 0.193548
vt 0.774193 0.225806
vt 0.774193 0.258065
vt 0.774193 0.290323
vt 0.774193 0.322581
vt 0.774193 0.354839
vt 0.774193 0.387097
vt 0.774194 0.419355
vt 0.774193 0.451613
vt 0.774193 0.483871
vt 0.774193 0.516129
vt 0.774194 0.548387
vt 0.774194 0.580645
vt 0.774193 0.612903
vt 0.774034 0.677374
vt 0.761843 0.677061
vt 0.771715 0.708293
vt 0.771822 0.739126
vt 0.771491 0.772929
vt 0.771068 0.808684
vt 0.771397 0.843298
vt 0.771554 0.877941
vt 0.771417 0.912313
vt 0.770893 0.945848
vt 0.806452 0.000000
vt 0.806452 0.032258
vt 0.806452 0.064516
vt 0.806452 0.096774
vt 0.806452 0.129032
vt 0.806452 0.161290
vt 0.806452 0.193548
vt 0.806452 0.225806
vt 0.806452 0.258065
vt 0.806452 0.290323
vt 0.806451 0.322581
vt 0.806452 0.354839
vt 0.806452 0.387097
vt 0.806452 0.419355
vt 0.806451 0.451613
vt 0.806451 0.483871
vt 0.806452 0.516129
vt 0.806451 0.548387
vt 0.806451 0.612903
vt 0.806452 0.645161
vt 0.774193 0.645161
vt 0.806451 0.677419
vt 0.806451 0.709677
vt 0.806452 0.741935
vt 0.806452 0.774193
vt 0.806443 0.806447
vt 0.806397 0.838712
vt 0.806332 0.871040
vt 0.806253 0.903453
vt 0.806170 0.935912
vt 0.838710 0.000000
vt 0.838710 0.032258
vt 0.838710 0.064516
vt 0.838710 0.096774
vt 0.838710 0.129032
vt 0.838710 0.161290
vt 0.838710 0.193548
vt 0.838710 0.225806
vt 0.838710 0.258065
vt 0.838710 0.290323
vt 0.838710 0.322581
vt 0.838710 0.354839
vt 0.838710 0.387097
vt 0.838710 0.419355
vt 0.838710 0.451613
vt 0.838710 0.516129
vt 0.838710 0.548387
vt 0.838710 0.580645
vt 0.806451 0.580645
vt 0.838710 0.612903
vt 0.838710 0.645161
vt 0.838710 0.677419
vt 0.838710 0.709677
vt 0.838710 0.741935
vt 0.838710 0.774194
vt 0.838710 0.806452
vt 0.838710 0.838710
vt 0.838710 0.870968
vt 0.838710 0.903226
vt 0.838710 0.935484
vt 0.870968 0.000000
vt 0.870968 0.032258
vt 0.870968 0.064516
vt 0.870968 0.096774
vt 0.870968 0.129032
vt 0.870968 0.161290
vt 0.870968 0.193548
vt 0.870968 0.225806
vt 0.870968 0.258065
vt 0.870968 0.290323
vt 0.870968 0.322581
vt 0.870968 0.354839
vt 0.870968 0.387097
vt 0.870968 0.451613
vt 0.870968 0.483871
vt 0.838710 0.483871
vt 0.870968 0.516129
vt 0.870968 0.548387
vt 0.870968 0.580645
vt 0.870968 0.612903
vt 0.870968 0.645161
vt 0.870968 0.677419
vt 0.870968 0.709677
vt 0.870968 0.741935
vt 0.870968 0.774194
vt 0.870968 0.806452
vt 0.870968 0.838710
vt 0.870968 0.870968
vt 0.870968 0.903226
vt 0.870968 0.935484
vt 0.903226 0.000000
vt 0.903226 0.032258
vt 0.903226 0.064516
vt 0.903226 0.096774
vt 0.903226 0.129032
vt 0.903226 0.161290
vt 0.903226 0.193548
vt 0.903226 0.225806
vt 0.903226 0.258065
vt 0.903226 0.290323
vt 0.903226 0.322581
vt 0.903226 0.387097
vt 0.903226 0.419355
vt 0.870968 0.419355
vt 0.903226 0.451613
vt 0.903226 0.483871
vt 0.903226 0.516129
vt 0.903226 0.548387
vt 0.903226 0.580645
vt 0.903226 0.612903
vt 0.903226 0.645161
vt 0.903226 0.677419
vt 0.903226 0.709677
vt 0.903226 0.741935
vt 0.903226 0.774193
vt 0.903226 0.806452
vt 0.903226 0.838710
vt 0.903226 0.870968
vt 0.903226 0.903226
vt 0.903226 0.935484
vt 0.935484 0.000000
vt 0.935484 0.032258
vt 0.935484 0.064516
vt 0.935484 0.096774
vt 0.935484 0.129032
vt 0.935484 0.161290
vt 0.935484 0.225806
vt 0.935484 0.258065
vt 0.935484 0.290323
vt 0.935484 0.322581
vt 0.903226 0.354839
vt 0.935484 0.387097
vt 0.935484 0.419355
vt 0.935484 0.451613
vt 0.935484 0.483871
vt 0.935484 0.516129
vt 0.935484 0.548387
vt 0.935484 0.580645
vt 0.935484 0.612903
vt 0.935484 0.645161
vt 0.935484 0.677419
vt 0.935484 0.709677
vt 0.935484 0.741935
vt 0.935484 0.774194
vt 0.935484 0.806452
vt 0.935484 0.838710
vt 0.935484 0.870968
vt 0.935484 0.903226
vt 0.935484 0.935484
vt 0.967742 0.000000
vt 0.967742 0.032258
vt 0.967742 0.064516
vt 0.967742 0.096774
vt 0.967742 0.129032
vt 0.967742 0.161290
vt 0.935484 0.193548
vt 0.967742 0.193548
vt 0.967742 0.225806
vt 0.967742 0.258065
vt 0.967742 0.290323
vt 0.967742 0.354839
vt 0.935484 0.354839
vt 0.967742 0.387097
vt 0.967742 0.419355
vt 0.967742 0.451613
vt 0.967742 0.483871
vt 0.967742 0.516129
vt 0.967742 0.548387
vt 0.967742 0.580645
vt 0.967742 0.612903
vt 0.967742 0.645161
vt 0.967742 0.677419
vt 0.967742 0.709677
vt 0.967742 0.741935
vt 0.967742 0.774194
vt 0.967742 0.806452
vt 0.967742 0.838710
vt 0.967742 0.870968
vt 0.967742 0.903226
vt 0.967742 0.935484
vt 1.000000 0.000000
vt 1.000000 0.032258
vt 1.000000 0.064516
vt 1.000000 0.096774
vt 1.000000 0.129032
vt 1.000000 0.161290
vt 1.000000 0.193548
vt 1.000000 0.225806
vt 1.000000 0.258065
vt 1.000000 0.290323
vt 0.967742 0.322581
vt 1.000000 0.354839
vt 1.000000 0.387097
vt 1.000000 0.419355
vt 1.000000 0.451613
vt 1.000000 0.483871
vt 1.000000 0.516129
vt 1.000000 0.548387
vt 1.000000 0.580645
vt 1.000000 0.612903
vt 1.000000 0.645161
vt 1.000000 0.677419
vt 1.000000 0.709677
vt 1.000000 0.741935
vt 1.000000 0.774194
vt 1.000000 0.806452
vt 1.000000 0.838710
vt 1.000000 0.870968
vt 1.000000 0.903226
vt 1.000000 0.935484
vt 1.000000 0.967742
vt 1.000000 0.322581
s 1
usemtl マテリアル
f 1024/1/970 4/2/4 95/3/80
f 5/4/5 124/5/109 3/6/3
f 154/7/139 123/8/108 124/5/109
f 184/9/169 122/10/107 123/8/108
f 214/11/199 121/12/106 122/10/107
f 244/13/229 120/14/105 121/12/106
f 274/15/259 119/16/104 120/14/105
f 304/17/289 118/18/103 119/16/104
f 334/19/319 117/20/102 118/18/103
f 364/21/349 116/22/101 117/20/102
f 394/23/379 115/24/100 116/22/101
f 424/25/409 114/26/99 115/24/100
f 454/27/439 113/28/98 114/26/99
f 484/29/469 112/30/97 113/28/98
f 514/31/499 111/32/96 112/30/97
f 544/33/529 110/34/95 111/32/96
f 574/35/559 109/36/94 110/34/95
f 604/37/589 108/38/93 109/36/94
f 634/39/619 107/40/92 108/38/93
f 664/41/649 106/42/91 107/40/92
f 694/43/679 105/44/90 106/42/91
f 724/45/709 104/46/89 105/44/90
f 754/47/739 103/48/88 104/46/89
f 784/49/769 102/50/87 103/48/88
f 814/51/795 101/52/86 102/50/87
f 844/53/821 100/54/85 101/52/86
f 874/55/847 99/56/84 100/54/85
f 904/57/872 98/58/83 99/56/84
f 934/59/897 97/60/82 98/58/83
f 964/61/922 96/62/81 97/60/82
f 994/63/946 95/3/80 96/62/81
f 35/64/35 34/65/34 1/66/1
f 125/67/110 33/68/33 34/65/34
f 126/69/111 32/70/32 33/68/33
f 127/71/112 31/72/31 32/70/32
f 128/73/113 30/74/30 31/72/31
f 129/75/114 29/76/29 30/74/30
f 29/76/29 131/77/116 28/78/28
f 28/78/28 132/79/117 27/80/27
f 27/80/27 133/81/118 26/82/26
f 133/81/118 25/83/25 26/82/26
f 134/84/119 24/85/24 25/83/25
f 135/86/120 23/87/23 24/85/24
f 136/88/121 22/89/22 23/87/23
f 137/90/122 21/91/21 22/89/22
f 138/92/123 20/93/20 21/91/21
f 139/94/124 19/95/19 20/93/20
f 140/96/125 18/97/18 19/95/19
f 141/98/126 17/99/17 18/97/18
f 142/100/127 16/101/16 17/99/17
f 143/102/128 15/103/15 16/101/16
f 144/104/129 14/105/14 15/103/15
f 145/106/130 13/107/13 14/105/14
f 146/108/131 12/109/12 13/107/13
f 147/110/132 11/111/11 12/109/12
f 148/112/133 10/113/10 11/111/11
f 10/113/10 150/114/135 9/115/9
f 9/115/9 151/116/136 8/117/8
f 8/117/8 152/118/137 7/119/7
f 7/119/7 153/120/138 6/121/6
f 6/121/6 154/7/139 5/4/5
f 36/122/36 125/67/110 35/64/35
f 155/123/140 126/69/111 125/67/110
f 156/124/141 127/71/112 126/69/111
f 157/125/142 128/73/113 127/71/112
f 158/126/143 129/75/114 128/73/113
f 159/127/144 130/128/115 129/75/114
f 130/128/115 161/129/146 131/77/116
f 131/77/116 162/130/147 132/79/117
f 132/79/117 163/131/148 133/81/118
f 133/81/118 164/132/149 134/84/119
f 164/132/149 135/86/120 134/84/119
f 165/133/150 136/88/121 135/86/120
f 166/134/151 137/90/122 136/88/121
f 167/135/152 138/92/123 137/90/122
f 168/136/153 139/94/124 138/92/123
f 169/137/154 140/96/125 139/94/124
f 170/138/155 141/98/126 140/96/125
f 171/139/156 142/100/127 141/98/126
f 172/140/157 143/102/128 142/100/127
f 173/141/158 144/104/129 143/102/128
f 174/142/159 145/106/130 144/104/129
f 175/143/160 146/108/131 145/106/130
f 176/144/161 147/110/132 146/108/131
f 177/145/162 148/112/133 147/110/132
f 178/146/163 149/147/134 148/112/133
f 149/147/134 180/148/165 150/114/135
f 150/114/135 181/149/166 151/116/136
f 151/116/136 182/150/167 152/118/137
f 152/118/137 183/151/168 153/120/138
f 153/120/138 184/9/169 154/7/139
f 37/152/37 155/123/140 36/122/36
f 185/153/170 156/124/141 155/123/140
f 186/154/171 157/125/142 156/124/141
f 187/155/172 158/126/143 157/125/142
f 188/156/173 159/127/144 158/126/143
f 189/157/174 160/158/145 159/127/144
f 160/158/145 191/159/176 161/129/146
f 161/129/146 192/160/177 162/130/147
f 162/130/147 193/161/178 163/131/148
f 163/131/148 194/162/179 164/132/149
f 194/162/179 165/133/150 164/132/149
f 195/163/180 166/134/151 165/133/150
f 196/164/181 167/135/152 166/134/151
f 197/165/182 168/136/153 167/135/152
f 198/166/183 169/137/154 168/136/153
f 199/167/184 170/138/155 169/137/154
f 200/168/185 171/139/156 170/138/155
f 201/169/186 172/140/157 171/139/156
f 202/170/187 173/141/158 172/140/157
f 203/171/188 174/142/159 173/141/158
f 204/172/189 175/143/160 174/142/159
f 205/173/190 176/144/161 175/143/160
f 206/174/191 177/145/162 176/144/161
f 207/175/192 178/146/163 177/145/162
f 178/146/163 209/176/194 179/177/164
f 179/177/164 210/178/195 180/148/165
f 180/148/165 211/179/196 181/149/166
f 181/149/166 212/180/197 182/150/167
f 182/150/167 213/181/198 183/151/168
f 183/151/168 214/11/199 184/9/169
f 38/182/38 185/153/170 37/152/37
f 215/183/200 186/154/171 185/153/170
f 216/184/201 187/155/172 186/154/171
f 217/185/202 188/156/173 187/155/172
f 218/186/203 189/157/174 188/156/173
f 189/157/174 220/187/205 190/188/175
f 190/188/175 221/189/206 191/159/176
f 191/159/176 222/190/207 192/160/177
f 192/160/177 223/191/208 193/161/178
f 193/161/178 224/192/209 194/162/179
f 194/162/179 225/193/210 195/163/180
f 225/193/210 196/164/181 195/163/180
f 226/194/211 197/165/182 196/164/181
f 227/195/212 198/166/183 197/165/182
f 228/196/213 199/167/184 198/166/183
f 229/197/214 200/168/185 199/167/184
f 230/198/215 201/169/186 200/168/185
f 231/199/216 202/170/187 201/169/186
f 232/200/217 203/171/188 202/170/187
f 233/201/218 204/172/189 203/171/188
f 234/202/219 205/173/190 204/172/189
f 235/203/220 206/174/191 205/173/190
f 206/174/191 237/204/222 207/175/192
f 207/175/192 238/205/223 208/206/193
f 208/206/193 239/207/224 209/176/194
f 209/176/194 240/208/225 210/178/195
f 210/178/195 241/209/226 211/179/196
f 211/179/196 242/210/227 212/180/197
f 212/180/197 243/211/228 213/181/198
f 213/181/198 244/13/229 214/11/199
f 39/212/39 215/183/200 38/182/38
f 245/213/230 216/184/201 215/183/200
f 246/214/231 217/185/202 216/184/201
f 247/215/232 218/186/203 217/185/202
f 248/216/233 219/217/204 218/186/203
f 219/217/204 250/218/235 220/187/205
f 220/187/205 251/219/236 221/189/206
f 221/189/206 252/220/237 222/190/207
f 222/190/207 253/221/238 223/191/208
f 223/191/208 254/222/239 224/192/209
f 224/192/209 255/223/240 225/193/210
f 255/223/240 226/194/211 225/193/210
f 256/224/241 227/195/212 226/194/211
f 227/195/212 258/225/243 228/196/213
f 228/196/213 259/226/244 229/197/214
f 229/197/214 260/227/245 230/198/215
f 230/198/215 261/228/246 231/199/216
f 231/199/216 262/229/247 232/200/217
f 232/200/217 263/230/248 233/201/218
f 233/201/218 264/231/249 234/202/219
f 234/202/219 265/232/250 235/203/220
f 235/203/220 266/233/251 236/234/221
f 236/234/221 267/235/252 237/204/222
f 237/204/222 268/236/253 238/205/223
f 238/205/223 269/237/254 239/207/224
f 239/207/224 270/238/255 240/208/225
f 240/208/225 271/239/256 241/209/226
f 241/209/226 272/240/257 242/210/227
f 242/210/227 273/241/258 243/211/228
f 243/211/228 274/15/259 244/13/229
f 39/212/39 275/242/260 245/213/230
f 245/213/230 276/243/261 246/214/231
f 246/214/231 277/244/262 247/215/232
f 247/215/232 278/245/263 248/216/233
f 248/216/233 279/246/264 249/247/234
f 279/246/264 250/218/235 249/247/234
f 280/248/265 251/219/236 250/218/235
f 281/249/266 252/220/237 251/219/236
f 282/250/267 253/221/238 252/220/237
f 283/251/268 254/222/239 253/221/238
f 284/252/269 255/223/240 254/222/239
f 255/223/240 286/253/271 256/224/241
f 256/224/241 287/254/272 257/255/242
f 257/255/242 288/256/273 258/225/243
f 258/225/243 289/257/274 259/226/244
f 259/226/244 290/258/275 260/227/245
f 260/227/245 291/259/276 261/228/246
f 261/228/246 292/260/277 262/229/247
f 262/229/247 293/261/278 263/230/248
f 263/230/248 294/262/279 264/231/249
f 264/231/249 295/263/280 265/232/250
f 265/232/250 296/264/281 266/233/251
f 266/233/251 297/265/282 267/235/252
f 267/235/252 298/266/283 268/236/253
f 268/236/253 299/267/284 269/237/254
f 269/237/254 300/268/285 270/238/255
f 270/238/255 301/269/286 271/239/256
f 271/239/256 302/270/287 272/240/257
f 272/240/257 303/271/288 273/241/258
f 273/241/258 304/17/289 274/15/259
f 40/272/40 305/273/290 275/242/260
f 275/242/260 306/274/291 276/243/261
f 276/243/261 307/275/292 277/244/262
f 277/244/262 308/276/293 278/245/263
f 278/245/263 309/277/294 279/246/264
f 279/246/264 310/278/295 280/248/265
f 310/278/295 281/249/266 280/248/265
f 311/279/296 282/250/267 281/249/266
f 312/280/297 283/251/268 282/250/267
f 313/281/298 284/252/269 283/251/268
f 314/282/299 285/283/270 284/252/269
f 285/283/270 316/284/301 286/253/271
f 286/253/271 317/285/302 287/254/272
f 287/254/272 318/286/303 288/256/273
f 288/256/273 319/287/304 289/257/274
f 289/257/274 320/288/305 290/258/275
f 290/258/275 321/289/306 291/259/276
f 291/259/276 322/290/307 292/260/277
f 292/260/277 323/291/308 293/261/278
f 293/261/278 324/292/309 294/262/279
f 294/262/279 325/293/310 295/263/280
f 295/263/280 326/294/311 296/264/281
f 296/264/281 327/295/312 297/265/282
f 297/265/282 328/296/313 298/266/283
f 298/266/283 329/297/314 299/267/284
f 299/267/284 330/298/315 300/268/285
f 300/268/285 331/299/316 301/269/286
f 301/269/286 332/300/317 302/270/287
f 302/270/287 333/301/318 303/271/288
f 303/271/288 334/19/319 304/17/289
f 41/302/41 335/303/320 305/273/290
f 305/273/290 336/304/321 306/274/291
f 306/274/291 337/305/322 307/275/292
f 307/275/292 338/306/323 308/276/293
f 308/276/293 339/307/324 309/277/294
f 309/277/294 340/308/325 310/278/295
f 340/308/325 311/279/296 310/278/295
f 341/309/326 312/280/297 311/279/296
f 342/310/327 313/281/298 312/280/297
f 343/311/328 314/282/299 313/281/298
f 314/282/299 345/312/330 315/313/300
f 315/313/300 346/314/331 316/284/301
f 316/284/301 347/315/332 317/285/302
f 317/285/302 348/316/333 318/286/303
f 318/286/303 349/317/334 319/287/304
f 319/287/304 350/318/335 320/288/305
f 320/288/305 351/319/336 321/289/306
f 321/289/306 352/320/337 322/290/307
f 322/290/307 353/321/338 323/291/308
f 323/291/308 354/322/339 324/292/309
f 324/292/309 355/323/340 325/293/310
f 325/293/310 356/324/341 326/294/311
f 356/324/341 327/295/312 326/294/311
f 357/325/342 328/296/313 327/295/312
f 358/326/343 329/297/314 328/296/313
f 359/327/344 330/298/315 329/297/314
f 330/298/315 361/328/346 331/299/316
f 331/299/316 362/329/347 332/300/317
f 332/300/317 363/330/348 333/301/318
f 333/301/318 364/21/349 334/19/319
f 42/331/42 365/332/350 335/303/320
f 335/303/320 366/333/351 336/304/321
f 336/304/321 367/334/352 337/305/322
f 337/305/322 368/335/353 338/306/323
f 338/306/323 369/336/354 339/307/324
f 339/307/324 370/337/355 340/308/325
f 370/337/355 341/309/326 340/308/325
f 371/338/356 342/310/327 341/309/326
f 372/339/357 343/311/328 342/310/327
f 373/340/358 344/341/329 343/311/328
f 344/341/329 375/342/360 345/312/330
f 345/312/330 376/343/361 346/314/331
f 346/314/331 377/344/362 347/315/332
f 347/315/332 378/345/363 348/316/333
f 348/316/333 379/346/364 349/317/334
f 349/317/334 380/347/365 350/318/335
f 350/318/335 381/348/366 351/319/336
f 351/319/336 382/349/367 352/320/337
f 352/320/337 383/350/368 353/321/338
f 353/321/338 384/351/369 354/322/339
f 384/351/369 355/323/340 354/322/339
f 385/352/370 356/324/341 355/323/340
f 386/353/371 357/325/342 356/324/341
f 387/354/372 358/326/343 357/325/342
f 388/355/373 359/327/344 358/326/343
f 359/327/344 390/356/375 360/357/345
f 360/357/345 391/358/376 361/328/346
f 361/328/346 392/359/377 362/329/347
f 362/329/347 393/360/378 363/330/348
f 363/330/348 394/23/379 364/21/349
f 43/361/43 395/362/380 365/332/350
f 365/332/350 396/363/381 366/333/351
f 366/333/351 397/364/382 367/334/352
f 367/334/352 398/365/383 368/335/353
f 368/335/353 399/366/384 369/336/354
f 369/336/354 400/367/385 370/337/355
f 370/337/355 401/368/386 371/338/356
f 401/368/386 372/339/357 371/338/356
f 402/369/387 373/340/358 372/339/357
f 403/370/388 374/371/359 373/340/358
f 404/372/389 375/342/360 374/371/359
f 405/373/390 376/343/361 375/342/360
f 406/374/391 377/344/362 376/343/361
f 377/344/362 408/375/393 378/345/363
f 378/345/363 409/376/394 379/346/364
f 379/346/364 410/377/395 380/347/365
f 380/347/365 411/378/396 381/348/366
f 411/378/396 382/349/367 381/348/366
f 412/379/397 383/350/368 382/349/367
f 413/380/398 384/351/369 383/350/368
f 414/381/399 385/352/370 384/351/369
f 415/382/400 386/353/371 385/352/370
f 416/383/401 387/354/372 386/353/371
f 417/384/402 388/355/373 387/354/372
f 388/355/373 419/385/404 389/386/374
f 389/386/374 420/387/405 390/356/375
f 390/356/375 421/388/406 391/358/376
f 391/358/376 422/389/407 392/359/377
f 392/359/377 423/390/408 393/360/378
f 393/360/378 424/25/409 394/23/379
f 44/391/44 425/392/410 395/362/380
f 395/362/380 426/393/411 396/363/381
f 396/363/381 427/394/412 397/364/382
f 397/364/382 428/395/413 398/365/383
f 398/365/383 429/396/414 399/366/384
f 399/366/384 430/397/415 400/367/385
f 430/397/415 401/368/386 400/367/385
f 431/398/416 402/369/387 401/368/386
f 432/399/417 403/370/388 402/369/387
f 433/400/418 404/372/389 403/370/388
f 434/401/419 405/373/390 404/372/389
f 435/402/420 406/374/391 405/373/390
f 436/403/421 407/404/392 406/374/391
f 437/405/422 408/375/393 407/404/392
f 438/406/423 409/376/394 408/375/393
f 439/407/424 410/377/395 409/376/394
f 440/408/425 411/378/396 410/377/395
f 441/409/426 412/379/397 411/378/396
f 442/410/427 413/380/398 412/379/397
f 443/411/428 414/381/399 413/380/398
f 444/412/429 415/382/400 414/381/399
f 415/382/400 446/413/431 416/383/401
f 416/383/401 447/414/432 417/384/402
f 417/384/402 448/415/433 418/416/403
f 418/416/403 449/417/434 419/385/404
f 419/385/404 450/418/435 420/387/405
f 420/387/405 451/419/436 421/388/406
f 421/388/406 452/420/437 422/389/407
f 422/389/407 453/421/438 423/390/408
f 423/390/408 454/27/439 424/25/409
f 46/422/46 425/392/410 45/423/45
f 455/424/440 426/393/411 425/392/410
f 456/425/441 427/394/412 426/393/411
f 457/426/442 428/395/413 427/394/412
f 458/427/443 429/396/414 428/395/413
f 459/428/444 430/397/415 429/396/414
f 460/429/445 431/398/416 430/397/415
f 461/430/446 432/399/417 431/398/416
f 462/431/447 433/400/418 432/399/417
f 463/432/448 434/401/419 433/400/418
f 464/433/449 435/402/420 434/401/419
f 465/434/450 436/403/421 435/402/420
f 436/403/421 467/435/452 437/405/422
f 437/405/422 468/436/453 438/406/423
f 468/436/453 439/407/424 438/406/423
f 469/437/454 440/408/425 439/407/424
f 470/438/455 441/409/426 440/408/425
f 471/439/456 442/410/427 441/409/426
f 472/440/457 443/411/428 442/410/427
f 473/441/458 444/412/429 443/411/428
f 474/442/459 445/443/430 444/412/429
f 445/443/430 476/444/461 446/413/431
f 446/413/431 477/445/462 447/414/432
f 447/414/432 478/446/463 448/415/433
f 448/415/433 479/447/464 449/417/434
f 449/417/434 480/448/465 450/418/435
f 450/418/435 481/449/466 451/419/436
f 451/419/436 482/450/467 452/420/437
f 452/420/437 483/451/468 453/421/438
f 453/421/438 484/29/469 454/27/439
f 47/452/47 455/424/440 46/422/46
f 485/453/470 456/425/441 455/424/440
f 486/454/471 457/426/442 456/425/441
f 487/455/472 458/427/443 457/426/442
f 488/456/473 459/428/444 458/427/443
f 489/457/474 460/429/445 459/428/444
f 490/458/475 461/430/446 460/429/445
f 491/459/476 462/431/447 461/430/446
f 492/460/477 463/432/448 462/431/447
f 493/461/478 464/433/449 463/432/448
f 494/462/479 465/434/450 464/433/449
f 465/434/450 496/463/481 466/464/451
f 466/464/451 497/465/482 467/435/452
f 467/435/452 498/466/483 468/436/453
f 468/436/453 499/467/484 469/437/454
f 499/467/484 470/438/455 469/437/454
f 500/468/485 471/439/456 470/438/455
f 501/469/486 472/440/457 471/439/456
f 502/470/487 473/441/458 472/440/457
f 503/471/488 474/442/459 473/441/458
f 504/472/489 475/473/460 474/442/459
f 475/473/460 506/474/491 476/444/461
f 476/444/461 507/475/492 477/445/462
f 477/445/462 508/476/493 478/446/463
f 478/446/463 509/477/494 479/447/464
f 479/447/464 510/478/495 480/448/465
f 480/448/465 511/479/496 481/449/466
f 481/449/466 512/480/497 482/450/467
f 482/450/467 513/481/498 483/451/468
f 483/451/468 514/31/499 484/29/469
f 48/482/48 485/453/470 47/452/47
f 515/483/500 486/454/471 485/453/470
f 516/484/501 487/455/472 486/454/471
f 517/485/502 488/456/473 487/455/472
f 518/486/503 489/457/474 488/456/473
f 519/487/504 490/458/475 489/457/474
f 520/488/505 491/459/476 490/458/475
f 521/489/506 492/460/477 491/459/476
f 522/490/507 493/461/478 492/460/477
f 523/491/508 494/462/479 493/461/478
f 524/492/509 495/493/480 494/462/479
f 495/493/480 526/494/511 496/463/481
f 496/463/481 527/495/512 497/465/482
f 497/465/482 528/496/513 498/466/483
f 498/466/483 529/497/514 499/467/484
f 499/467/484 530/498/515 500/468/485
f 530/498/515 501/469/486 500/468/485
f 531/499/516 502/470/487 501/469/486
f 532/500/517 503/471/488 502/470/487
f 533/501/518 504/472/489 503/471/488
f 534/502/519 505/503/490 504/472/489
f 505/503/490 536/504/521 506/474/491
f 506/474/491 537/505/522 507/475/492
f 507/475/492 538/506/523 508/476/493
f 508/476/493 539/507/524 509/477/494
f 509/477/494 540/508/525 510/478/495
f 510/478/495 541/509/526 511/479/496
f 511/479/496 542/510/527 512/480/497
f 512/480/497 543/511/528 513/481/498
f 513/481/498 544/33/529 514/31/499
f 49/512/49 515/483/500 48/482/48
f 545/513/530 516/484/501 515/483/500
f 546/514/531 517/485/502 516/484/501
f 547/515/532 518/486/503 517/485/502
f 548/516/533 519/487/504 518/486/503
f 549/517/534 520/488/505 519/487/504
f 550/518/535 521/489/506 520/488/505
f 551/519/536 522/490/507 521/489/506
f 552/520/537 523/491/508 522/490/507
f 553/521/538 524/492/509 523/491/508
f 554/522/539 525/523/510 524/492/509
f 525/523/510 556/524/541 526/494/511
f 526/494/511 557/525/542 527/495/512
f 527/495/512 558/526/543 528/496/513
f 528/496/513 559/527/544 529/497/514
f 529/497/514 560/528/545 530/498/515
f 560/528/545 531/499/516 530/498/515
f 561/529/546 532/500/517 531/499/516
f 562/530/547 533/501/518 532/500/517
f 563/531/548 534/502/519 533/501/518
f 564/532/549 535/533/520 534/502/519
f 565/534/550 536/504/521 535/533/520
f 566/535/551 537/505/522 536/504/521
f 567/536/552 538/506/523 537/505/522
f 568/537/553 539/507/524 538/506/523
f 539/507/524 570/538/555 540/508/525
f 540/508/525 571/539/556 541/509/526
f 541/509/526 572/540/557 542/510/527
f 542/510/527 573/541/558 543/511/528
f 543/511/528 574/35/559 544/33/529
f 50/542/50 545/513/530 49/512/49
f 575/543/560 546/514/531 545/513/530
f 576/544/561 547/515/532 546/514/531
f 577/545/562 548/516/533 547/515/532
f 578/546/563 549/517/534 548/516/533
f 579/547/564 550/518/535 549/517/534
f 580/548/565 551/519/536 550/518/535
f 581/549/566 552/520/537 551/519/536
f 582/550/567 553/521/538 552/520/537
f 583/551/568 554/522/539 553/521/538
f 584/552/569 555/553/540 554/522/539
f 555/553/540 586/554/571 556/524/541
f 556/524/541 587/555/572 557/525/542
f 557/525/542 588/556/573 558/526/543
f 558/526/543 589/557/574 559/527/544
f 559/527/544 590/558/575 560/528/545
f 590/558/575 561/529/546 560/528/545
f 591/559/576 562/530/547 561/529/546
f 592/560/577 563/531/548 562/530/547
f 593/561/578 564/532/549 563/531/548
f 594/562/579 565/534/550 564/532/549
f 595/563/580 566/535/551 565/534/550
f 596/564/581 567/536/552 566/535/551
f 597/565/582 568/537/553 567/536/552
f 598/566/583 569/567/554 568/537/553
f 599/568/584 570/538/555 569/567/554
f 570/538/555 601/569/586 571/539/556
f 571/539/556 602/570/587 572/540/557
f 572/540/557 603/571/588 573/541/558
f 573/541/558 604/37/589 574/35/559
f 51/572/51 575/543/560 50/542/50
f 605/573/590 576/544/561 575/543/560
f 606/574/591 577/545/562 576/544/561
f 607/575/592 578/546/563 577/545/562
f 608/576/593 579/547/564 578/546/563
f 579/547/564 610/577/595 580/548/565
f 610/577/595 581/549/566 580/548/565
f 611/578/596 582/550/567 581/549/566
f 612/579/597 583/551/568 582/550/567
f 613/580/598 584/552/569 583/551/568
f 614/581/599 585/582/570 584/552/569
f 585/582/570 616/583/601 586/554/571
f 586/554/571 617/584/602 587/555/572
f 587/555/572 618/585/603 588/556/573
f 588/556/573 619/586/604 589/557/574
f 589/557/574 620/587/605 590/558/575
f 620/587/605 591/559/576 590/558/575
f 621/588/606 592/560/577 591/559/576
f 622/589/607 593/561/578 592/560/577
f 623/590/608 594/562/579 593/561/578
f 624/591/609 595/563/580 594/562/579
f 625/592/610 596/564/581 595/563/580
f 626/593/611 597/565/582 596/564/581
f 627/594/612 598/566/583 597/565/582
f 628/595/613 599/568/584 598/566/583
f 629/596/614 600/597/585 599/568/584
f 630/598/615 601/569/586 600/597/585
f 601/569/586 632/599/617 602/570/587
f 602/570/587 633/600/618 603/571/588
f 603/571/588 634/39/619 604/37/589
f 51/572/51 635/601/620 605/573/590
f 635/601/620 606/574/591 605/573/590
f 606/574/591 637/602/622 607/575/592
f 607/575/592 638/603/623 608/576/593
f 608/576/593 639/604/624 609/605/594
f 609/605/594 640/606/625 610/577/595
f 610/577/595 641/607/626 611/578/596
f 611/578/596 642/608/627 612/579/597
f 612/579/597 643/609/628 613/580/598
f 613/580/598 644/610/629 614/581/599
f 614/581/599 645/611/630 615/612/600
f 615/612/600 646/613/631 616/583/601
f 616/583/601 647/614/632 617/584/602
f 617/584/602 648/615/633 618/585/603
f 618/585/603 649/616/634 619/586/604
f 619/586/604 650/617/635 620/587/605
f 650/617/635 621/588/606 620/587/605
f 651/618/636 622/589/607 621/588/606
f 652/619/637 623/590/608 622/589/607
f 653/620/638 624/591/609 623/590/608
f 654/621/639 625/592/610 624/591/609
f 655/622/640 626/593/611 625/592/610
f 656/623/641 627/594/612 626/593/611
f 657/624/642 628/595/613 627/594/612
f 658/625/643 629/596/614 628/595/613
f 659/626/644 630/598/615 629/596/614
f 660/627/645 631/628/616 630/598/615
f 661/629/646 632/599/617 631/628/616
f 632/599/617 663/630/648 633/600/618
f 633/600/618 664/41/649 634/39/619
f 52/631/52 665/632/650 635/601/620
f 635/601/620 666/633/651 636/634/621
f 636/634/621 667/635/652 637/602/622
f 637/602/622 668/636/653 638/603/623
f 638/603/623 669/637/654 639/604/624
f 639/604/624 670/638/655 640/606/625
f 640/606/625 671/639/656 641/607/626
f 641/607/626 672/640/657 642/608/627
f 642/608/627 673/641/658 643/609/628
f 643/609/628 674/642/659 644/610/629
f 644/610/629 675/643/660 645/611/630
f 645/611/630 676/644/661 646/613/631
f 646/613/631 677/645/662 647/614/632
f 647/614/632 678/646/663 648/615/633
f 648/615/633 679/647/664 649/616/634
f 679/647/664 650/617/635 649/616/634
f 680/648/665 651/618/636 650/617/635
f 681/649/666 652/619/637 651/618/636
f 682/650/667 653/620/638 652/619/637
f 683/651/668 654/621/639 653/620/638
f 684/652/669 655/622/640 654/621/639
f 685/653/670 656/623/641 655/622/640
f 686/654/671 657/624/642 656/623/641
f 687/655/672 658/625/643 657/624/642
f 688/656/673 659/626/644 658/625/643
f 689/657/674 660/627/645 659/626/644
f 690/658/675 661/629/646 660/627/645
f 661/629/646 692/659/677 662/660/647
f 662/660/647 693/661/678 663/630/648
f 663/630/648 694/43/679 664/41/649
f 54/662/54 665/632/650 53/663/53
f 665/632/650 696/664/681 666/633/651
f 666/633/651 697/665/682 667/635/652
f 667/635/652 698/666/683 668/636/653
f 668/636/653 699/667/684 669/637/654
f 669/637/654 700/668/685 670/638/655
f 670/638/655 701/669/686 671/639/656
f 671/639/656 702/670/687 672/640/657
f 672/640/657 703/671/688 673/641/658
f 673/641/658 704/672/689 674/642/659
f 674/642/659 705/673/690 675/643/660
f 675/643/660 706/674/691 676/644/661
f 676/644/661 707/675/692 677/645/662
f 677/645/662 708/676/693 678/646/663
f 708/676/693 679/647/664 678/646/663
f 709/677/694 680/648/665 679/647/664
f 710/678/695 681/649/666 680/648/665
f 711/679/696 682/650/667 681/649/666
f 712/680/697 683/651/668 682/650/667
f 713/681/698 684/652/669 683/651/668
f 714/682/699 685/653/670 684/652/669
f 715/683/700 686/654/671 685/653/670
f 716/684/701 687/655/672 686/654/671
f 717/685/702 688/656/673 687/655/672
f 688/656/673 719/686/704 689/657/674
f 689/657/674 720/687/705 690/658/675
f 690/658/675 721/688/706 691/689/676
f 691/689/676 722/690/707 692/659/677
f 692/659/677 723/691/708 693/661/678
f 693/661/678 724/45/709 694/43/679
f 55/692/55 695/693/680 54/662/54
f 695/693/680 726/694/711 696/664/681
f 696/664/681 727/695/712 697/665/682
f 697/665/682 728/696/713 698/666/683
f 698/666/683 729/697/714 699/667/684
f 699/667/684 730/698/715 700/668/685
f 700/668/685 731/699/716 701/669/686
f 701/669/686 732/700/717 702/670/687
f 702/670/687 733/701/718 703/671/688
f 703/671/688 734/702/719 704/672/689
f 704/672/689 735/703/720 705/673/690
f 705/673/690 736/704/721 706/674/691
f 706/674/691 737/705/722 707/675/692
f 707/675/692 738/706/723 708/676/693
f 738/706/723 709/677/694 708/676/693
f 739/707/724 710/678/695 709/677/694
f 740/708/725 711/679/696 710/678/695
f 741/709/726 712/680/697 711/679/696
f 742/710/727 713/681/698 712/680/697
f 743/711/728 714/682/699 713/681/698
f 744/712/729 715/683/700 714/682/699
f 745/713/730 716/684/701 715/683/700
f 716/684/701 747/714/732 717/685/702
f 717/685/702 748/715/733 718/716/703
f 718/716/703 749/717/734 719/686/704
f 719/686/704 750/718/735 720/687/705
f 720/687/705 751/719/736 721/688/706
f 721/688/706 752/720/737 722/690/707
f 722/690/707 753/721/738 723/691/708
f 723/691/708 754/47/739 724/45/709
f 56/722/56 725/723/710 55/692/55
f 755/724/740 726/694/711 725/723/710
f 726/694/711 757/725/742 727/695/712
f 727/695/712 758/726/743 728/696/713
f 728/696/713 759/727/744 729/697/714
f 729/697/714 760/728/745 730/698/715
f 730/698/715 761/729/746 731/699/716
f 731/699/716 762/730/747 732/700/717
f 732/700/717 763/731/748 733/701/718
f 733/701/718 764/732/749 734/702/719
f 734/702/719 765/733/750 735/703/720
f 735/703/720 766/734/751 736/704/721
f 736/704/721 767/735/752 737/705/722
f 767/735/752 738/706/723 737/705/722
f 768/736/753 739/707/724 738/706/723
f 769/737/754 740/708/725 739/707/724
f 770/738/755 741/709/726 740/708/725
f 771/739/756 742/710/727 741/709/726
f 772/740/757 743/711/728 742/710/727
f 773/741/758 744/712/729 743/711/728
f 774/742/759 745/713/730 744/712/729
f 775/743/760 746/744/731 745/713/730
f 746/744/731 777/745/762 747/714/732
f 747/714/732 778/746/763 748/715/733
f 748/715/733 779/747/764 749/717/734
f 749/717/734 780/748/765 750/718/735
f 750/718/735 781/749/766 751/719/736
f 751/719/736 782/750/767 752/720/737
f 752/720/737 783/751/768 753/721/738
f 753/721/738 784/49/769 754/47/739
f 57/752/2 755/724/740 56/722/56
f 785/753/2 756/754/741 755/724/740
f 786/755/2 757/725/742 756/754/741
f 787/756/2 758/726/743 757/725/742
f 758/726/743 789/757/770 759/727/744
f 759/727/744 790/758/771 760/728/745
f 760/728/745 791/759/772 761/729/746
f 761/729/746 792/760/773 762/730/747
f 762/730/747 793/761/774 763/731/748
f 763/731/748 794/762/775 764/732/749
f 794/762/775 765/733/750 764/732/749
f 795/763/776 766/734/751 765/733/750
f 796/764/777 767/735/752 766/734/751
f 797/765/778 768/736/753 767/735/752
f 798/766/779 769/737/754 768/736/753
f 799/767/780 770/738/755 769/737/754
f 800/768/781 771/739/756 770/738/755
f 801/769/782 772/740/757 771/739/756
f 802/770/783 773/741/758 772/740/757
f 803/771/784 774/742/759 773/741/758
f 804/772/785 775/743/760 774/742/759
f 775/743/760 806/773/787 776/774/761
f 776/774/761 807/775/788 777/745/762
f 777/745/762 808/776/789 778/746/763
f 778/746/763 809/777/790 779/747/764
f 779/747/764 810/778/791 780/748/765
f 780/748/765 811/779/792 781/749/766
f 781/749/766 812/780/793 782/750/767
f 782/750/767 813/781/794 783/751/768
f 783/751/768 814/51/795 784/49/769
f 58/782/2 785/753/2 57/752/2
f 815/783/2 786/755/2 785/753/2
f 816/784/2 787/756/2 786/755/2
f 817/785/2 788/786/2 787/756/2
f 818/787/2 789/757/770 788/786/2
f 819/788/796 790/758/771 789/757/770
f 820/789/797 791/759/772 790/758/771
f 821/790/798 792/760/773 791/759/772
f 822/791/799 793/761/774 792/760/773
f 823/792/800 794/762/775 793/761/774
f 824/793/801 795/763/776 794/762/775
f 825/794/802 796/764/777 795/763/776
f 826/795/803 797/765/778 796/764/777
f 827/796/804 798/766/779 797/765/778
f 828/797/805 799/767/780 798/766/779
f 829/798/806 800/768/781 799/767/780
f 830/799/807 801/769/782 800/768/781
f 831/800/808 802/770/783 801/769/782
f 832/801/809 803/771/784 802/770/783
f 833/802/810 804/772/785 803/771/784
f 804/772/785 835/803/812 805/804/786
f 805/804/786 836/805/813 806/773/787
f 806/773/787 837/806/814 807/775/788
f 807/775/788 838/807/815 808/776/789
f 808/776/789 839/808/816 809/777/790
f 809/777/790 840/809/817 810/778/791
f 810/778/791 841/810/818 811/779/792
f 811/779/792 842/811/819 812/780/793
f 812/780/793 843/812/820 813/781/794
f 813/781/794 844/53/821 814/51/795
f 59/813/2 815/783/2 58/782/2
f 845/814/2 816/784/2 815/783/2
f 846/815/2 817/785/2 816/784/2
f 847/816/2 818/787/2 817/785/2
f 848/817/2 819/788/796 818/787/2
f 849/818/822 820/789/797 819/788/796
f 850/819/823 821/790/798 820/789/797
f 851/820/824 822/791/799 821/790/798
f 852/821/825 823/792/800 822/791/799
f 853/822/826 824/793/801 823/792/800
f 854/823/827 825/794/802 824/793/801
f 855/824/828 826/795/803 825/794/802
f 856/825/829 827/796/804 826/795/803
f 857/826/830 828/797/805 827/796/804
f 858/827/831 829/798/806 828/797/805
f 859/828/832 830/799/807 829/798/806
f 860/829/833 831/800/808 830/799/807
f 861/830/834 832/801/809 831/800/808
f 832/801/809 863/831/836 833/802/810
f 833/802/810 864/832/837 834/833/811
f 834/833/811 865/834/838 835/803/812
f 835/803/812 866/835/839 836/805/813
f 836/805/813 867/836/840 837/806/814
f 837/806/814 868/837/841 838/807/815
f 838/807/815 869/838/842 839/808/816
f 839/808/816 870/839/843 840/809/817
f 840/809/817 871/840/844 841/810/818
f 841/810/818 872/841/845 842/811/819
f 842/811/819 873/842/846 843/812/820
f 843/812/820 874/55/847 844/53/821
f 60/843/2 845/814/2 59/813/2
f 875/844/2 846/815/2 845/814/2
f 876/845/2 847/816/2 846/815/2
f 877/846/2 848/817/2 847/816/2
f 878/847/2 849/818/822 848/817/2
f 879/848/2 850/819/823 849/818/822
f 880/849/848 851/820/824 850/819/823
f 881/850/849 852/821/825 851/820/824
f 882/851/850 853/822/826 852/821/825
f 883/852/851 854/823/827 853/822/826
f 884/853/852 855/824/828 854/823/827
f 885/854/853 856/825/829 855/824/828
f 886/855/854 857/826/830 856/825/829
f 887/856/855 858/827/831 857/826/830
f 888/857/856 859/828/832 858/827/831
f 859/828/832 890/858/858 860/829/833
f 860/829/833 891/859/859 861/830/834
f 861/830/834 892/860/860 862/861/835
f 862/861/835 893/862/861 863/831/836
f 863/831/836 894/863/862 864/832/837
f 864/832/837 895/864/863 865/834/838
f 865/834/838 896/865/864 866/835/839
f 866/835/839 897/866/865 867/836/840
f 867/836/840 898/867/866 868/837/841
f 868/837/841 899/868/867 869/838/842
f 869/838/842 900/869/868 870/839/843
f 870/839/843 901/870/869 871/840/844
f 871/840/844 902/871/870 872/841/845
f 872/841/845 903/872/871 873/842/846
f 873/842/846 904/57/872 874/55/847
f 61/873/2 875/844/2 60/843/2
f 905/874/2 876/845/2 875/844/2
f 906/875/2 877/846/2 876/845/2
f 907/876/2 878/847/2 877/846/2
f 908/877/2 879/848/2 878/847/2
f 909/878/2 880/849/848 879/848/2
f 910/879/873 881/850/849 880/849/848
f 911/880/874 882/851/850 881/850/849
f 912/881/875 883/852/851 882/851/850
f 913/882/876 884/853/852 883/852/851
f 914/883/877 885/854/853 884/853/852
f 915/884/878 886/855/854 885/854/853
f 916/885/879 887/856/855 886/855/854
f 887/856/855 918/886/881 888/857/856
f 888/857/856 919/887/882 889/888/857
f 889/888/857 920/889/883 890/858/858
f 890/858/858 921/890/884 891/859/859
f 891/859/859 922/891/885 892/860/860
f 892/860/860 923/892/886 893/862/861
f 893/862/861 924/893/887 894/863/862
f 894/863/862 925/894/888 895/864/863
f 895/864/863 926/895/889 896/865/864
f 896/865/864 927/896/890 897/866/865
f 897/866/865 928/897/891 898/867/866
f 898/867/866 929/898/892 899/868/867
f 899/868/867 930/899/893 900/869/868
f 900/869/868 931/900/894 901/870/869
f 901/870/869 932/901/895 902/871/870
f 902/871/870 933/902/896 903/872/871
f 903/872/871 934/59/897 904/57/872
f 62/903/2 905/874/2 61/873/2
f 935/904/2 906/875/2 905/874/2
f 936/905/2 907/876/2 906/875/2
f 937/906/2 908/877/2 907/876/2
f 938/907/2 909/878/2 908/877/2
f 939/908/2 910/879/873 909/878/2
f 940/909/898 911/880/874 910/879/873
f 941/910/899 912/881/875 911/880/874
f 942/911/900 913/882/876 912/881/875
f 943/912/901 914/883/877 913/882/876
f 944/913/902 915/884/878 914/883/877
f 915/884/878 946/914/904 916/885/879
f 916/885/879 947/915/905 917/916/880
f 917/916/880 948/917/906 918/886/881
f 918/886/881 949/918/907 919/887/882
f 919/887/882 950/919/908 920/889/883
f 920/889/883 951/920/909 921/890/884
f 921/890/884 952/921/910 922/891/885
f 922/891/885 953/922/911 923/892/886
f 923/892/886 954/923/912 924/893/887
f 924/893/887 955/924/913 925/894/888
f 925/894/888 956/925/914 926/895/889
f 926/895/889 957/926/915 927/896/890
f 927/896/890 958/927/916 928/897/891
f 928/897/891 959/928/917 929/898/892
f 929/898/892 960/929/918 930/899/893
f 930/899/893 961/930/919 931/900/894
f 931/900/894 962/931/920 932/901/895
f 932/901/895 963/932/921 933/902/896
f 933/902/896 964/61/922 934/59/897
f 63/933/2 935/904/2 62/903/2
f 965/934/2 936/905/2 935/904/2
f 966/935/2 937/906/2 936/905/2
f 967/936/2 938/907/2 937/906/2
f 968/937/2 939/908/2 938/907/2
f 969/938/2 940/909/898 939/908/2
f 940/909/898 971/939/923 941/910/899
f 971/939/923 942/911/900 941/910/899
f 972/940/924 943/912/901 942/911/900
f 973/941/925 944/913/902 943/912/901
f 974/942/926 945/943/903 944/913/902
f 945/943/903 976/944/928 946/914/904
f 946/914/904 977/945/929 947/915/905
f 947/915/905 978/946/930 948/917/906
f 948/917/906 979/947/931 949/918/907
f 949/918/907 980/948/932 950/919/908
f 950/919/908 981/949/933 951/920/909
f 951/920/909 982/950/934 952/921/910
f 952/921/910 983/951/935 953/922/911
f 953/922/911 984/952/936 954/923/912
f 954/923/912 985/953/937 955/924/913
f 955/924/913 986/954/938 956/925/914
f 956/925/914 987/955/939 957/926/915
f 957/926/915 988/956/940 958/927/916
f 958/927/916 989/957/941 959/928/917
f 959/928/917 990/958/942 960/929/918
f 960/929/918 991/959/943 961/930/919
f 961/930/919 992/960/944 962/931/920
f 962/931/920 993/961/945 963/932/921
f 963/932/921 994/63/946 964/61/922
f 64/962/2 965/934/2 63/933/2
f 995/963/2 966/935/2 965/934/2
f 996/964/2 967/936/2 966/935/2
f 997/965/2 968/937/2 967/936/2
f 998/966/2 969/938/2 968/937/2
f 999/967/2 970/968/2 969/938/2
f 1000/969/2 971/939/923 970/968/2
f 1001/970/947 972/940/924 971/939/923
f 1002/971/948 973/941/925 972/940/924
f 1003/972/949 974/942/926 973/941/925
f 974/942/926 1005/973/951 975/974/927
f 975/974/927 1006/975/952 976/944/928
f 976/944/928 1007/976/953 977/945/929
f 977/945/929 1008/977/954 978/946/930
f 978/946/930 1009/978/955 979/947/931
f 979/947/931 1010/979/956 980/948/932
f 980/948/932 1011/980/957 981/949/933
f 981/949/933 1012/981/958 982/950/934
f 982/950/934 1013/982/959 983/951/935
f 983/951/935 1014/983/960 984/952/936
f 984/952/936 1015/984/961 985/953/937
f 985/953/937 1016/985/962 986/954/938
f 986/954/938 1017/986/963 987/955/939
f 987/955/939 1018/987/964 988/956/940
f 988/956/940 1019/988/965 989/957/941
f 989/957/941 1020/989/966 990/958/942
f 990/958/942 1021/990/967 991/959/943
f 991/959/943 1022/991/968 992/960/944
f 992/960/944 1023/992/969 993/961/945
f 993/961/945 1024/1/970 994/63/946
f 2/993/2 995/963/2 64/962/2
f 65/994/2 996/964/2 995/963/2
f 66/995/2 997/965/2 996/964/2
f 67/996/2 998/966/2 997/965/2
f 68/997/2 999/967/2 998/966/2
f 69/998/2 1000/969/2 999/967/2
f 70/999/2 1001/970/947 1000/969/2
f 71/1000/2 1002/971/948 1001/970/947
f 72/1001/57 1003/972/949 1002/971/948
f 73/1002/58 1004/1003/950 1003/972/949
f 1004/1003/950 75/1004/60 1005/973/951
f 1005/973/951 76/1005/61 1006/975/952
f 1006/975/952 77/1006/62 1007/976/953
f 1007/976/953 78/1007/63 1008/977/954
f 1008/977/954 79/1008/64 1009/978/955
f 1009/978/955 80/1009/65 1010/979/956
f 1010/979/956 81/1010/66 1011/980/957
f 1011/980/957 82/1011/67 1012/981/958
f 1012/981/958 83/1012/68 1013/982/959
f 1013/982/959 84/1013/69 1014/983/960
f 1014/983/960 85/1014/70 1015/984/961
f 1015/984/961 86/1015/71 1016/985/962
f 1016/985/962 87/1016/72 1017/986/963
f 1017/986/963 88/1017/73 1018/987/964
f 1018/987/964 89/1018/74 1019/988/965
f 1019/988/965 90/1019/75 1020/989/966
f 1020/989/966 91/1020/76 1021/990/967
f 1021/990/967 92/1021/77 1022/991/968
f 1022/991/968 93/1022/78 1023/992/969
f 1023/992/969 94/1023/79 1024/1/970
f 1024/1/970 94/1023/79 4/2/4
f 5/4/5 154/7/139 124/5/109
f 154/7/139 184/9/169 123/8/108
f 184/9/169 214/11/199 122/10/107
f 214/11/199 244/13/229 121/12/106
f 244/13/229 274/15/259 120/14/105
f 274/15/259 304/17/289 119/16/104
f 304/17/289 334/19/319 118/18/103
f 334/19/319 364/21/349 117/20/102
f 364/21/349 394/23/379 116/22/101
f 394/23/379 424/25/409 115/24/100
f 424/25/409 454/27/439 114/26/99
f 454/27/439 484/29/469 113/28/98
f 484/29/469 514/31/499 112/30/97
f 514/31/499 544/33/529 111/32/96
f 544/33/529 574/35/559 110/34/95
f 574/35/559 604/37/589 109/36/94
f 604/37/589 634/39/619 108/38/93
f 634/39/619 664/41/649 107/40/92
f 664/41/649 694/43/679 106/42/91
f 694/43/679 724/45/709 105/44/90
f 724/45/709 754/47/739 104/46/89
f 754/47/739 784/49/769 103/48/88
f 784/49/769 814/51/795 102/50/87
f 814/51/795 844/53/821 101/52/86
f 844/53/821 874/55/847 100/54/85
f 874/55/847 904/57/872 99/56/84
f 904/57/872 934/59/897 98/58/83
f 934/59/897 964/61/922 97/60/82
f 964/61/922 994/63/946 96/62/81
f 994/63/946 1024/1/970 95/3/80
f 35/64/35 125/67/110 34/65/34
f 125/67/110 126/69/111 33/68/33
f 126/69/111 127/71/112 32/70/32
f 127/71/112 128/73/113 31/72/31
f 128/73/113 129/75/114 30/74/30
f 129/75/114 130/128/115 29/76/29
f 29/76/29 130/128/115 131/77/116
f 28/78/28 131/77/116 132/79/117
f 27/80/27 132/79/117 133/81/118
f 133/81/118 134/84/119 25/83/25
f 134/84/119 135/86/120 24/85/24
f 135/86/120 136/88/121 23/87/23
f 136/88/121 137/90/122 22/89/22
f 137/90/122 138/92/123 21/91/21
f 138/92/123 139/94/124 20/93/20
f 139/94/124 140/96/125 19/95/19
f 140/96/125 141/98/126 18/97/18
f 141/98/126 142/100/127 17/99/17
f 142/100/127 143/102/128 16/101/16
f 143/102/128 144/104/129 15/103/15
f 144/104/129 145/106/130 14/105/14
f 145/106/130 146/108/131 13/107/13
f 146/108/131 147/110/132 12/109/12
f 147/110/132 148/112/133 11/111/11
f 148/112/133 149/147/134 10/113/10
f 10/113/10 149/147/134 150/114/135
f 9/115/9 150/114/135 151/116/136
f 8/117/8 151/116/136 152/118/137
f 7/119/7 152/118/137 153/120/138
f 6/121/6 153/120/138 154/7/139
f 36/122/36 155/123/140 125/67/110
f 155/123/140 156/124/141 126/69/111
f 156/124/141 157/125/142 127/71/112
f 157/125/142 158/126/143 128/73/113
f 158/126/143 159/127/144 129/75/114
f 159/127/144 160/158/145 130/128/115
f 130/128/115 160/158/145 161/129/146
f 131/77/116 161/129/146 162/130/147
f 132/79/117 162/130/147 163/131/148
f 133/81/118 163/131/148 164/132/149
f 164/132/149 165/133/150 135/86/120
f 165/133/150 166/134/151 136/88/121
f 166/134/151 167/135/152 137/90/122
f 167/135/152 168/136/153 138/92/123
f 168/136/153 169/137/154 139/94/124
f 169/137/154 170/138/155 140/96/125
f 170/138/155 171/139/156 141/98/126
f 171/139/156 172/140/157 142/100/127
f 172/140/157 173/141/158 143/102/128
f 173/141/158 174/142/159 144/104/129
f 174/142/159 175/143/160 145/106/130
f 175/143/160 176/144/161 146/108/131
f 176/144/161 177/145/162 147/110/132
f 177/145/162 178/146/163 148/112/133
f 178/146/163 179/177/164 149/147/134
f 149/147/134 179/177/164 180/148/165
f 150/114/135 180/148/165 181/149/166
f 151/116/136 181/149/166 182/150/167
f 152/118/137 182/150/167 183/151/168
f 153/120/138 183/151/168 184/9/169
f 37/152/37 185/153/170 155/123/140
f 185/153/170 186/154/171 156/124/141
f 186/154/171 187/155/172 157/125/142
f 187/155/172 188/156/173 158/126/143
f 188/156/173 189/157/174 159/127/144
f 189/157/174 190/188/175 160/158/145
f 160/158/145 190/188/175 191/159/176
f 161/129/146 191/159/176 192/160/177
f 162/130/147 192/160/177 193/161/178
f 163/131/148 193/161/178 194/162/179
f 194/162/179 195/163/180 165/133/150
f 195/163/180 196/164/181 166/134/151
f 196/164/181 197/165/182 167/135/152
f 197/165/182 198/166/183 168/136/153
f 198/166/183 199/167/184 169/137/154
f 199/167/184 200/168/185 170/138/155
f 200/168/185 201/169/186 171/139/156
f 201/169/186 202/170/187 172/140/157
f 202/170/187 203/171/188 173/141/158
f 203/171/188 204/172/189 174/142/159
f 204/172/189 205/173/190 175/143/160
f 205/173/190 206/174/191 176/144/161
f 206/174/191 207/175/192 177/145/162
f 207/175/192 208/206/193 178/146/163
f 178/146/163 208/206/193 209/176/194
f 179/177/164 209/176/194 210/178/195
f 180/148/165 210/178/195 211/179/196
f 181/149/166 211/179/196 212/180/197
f 182/150/167 212/180/197 213/181/198
f 183/151/168 213/181/198 214/11/199
f 38/182/38 215/183/200 185/153/170
f 215/183/200 216/184/201 186/154/171
f 216/184/201 217/185/202 187/155/172
f 217/185/202 218/186/203 188/156/173
f 218/186/203 219/217/204 189/157/174
f 189/157/174 219/217/204 220/187/205
f 190/188/175 220/187/205 221/189/206
f 191/159/176 221/189/206 222/190/207
f 192/160/177 222/190/207 223/191/208
f 193/161/178 223/191/208 224/192/209
f 194/162/179 224/192/209 225/193/210
f 225/193/210 226/194/211 196/164/181
f 226/194/211 227/195/212 197/165/182
f 227/195/212 228/196/213 198/166/183
f 228/196/213 229/197/214 199/167/184
f 229/197/214 230/198/215 200/168/185
f 230/198/215 231/199/216 201/169/186
f 231/199/216 232/200/217 202/170/187
f 232/200/217 233/201/218 203/171/188
f 233/201/218 234/202/219 204/172/189
f 234/202/219 235/203/220 205/173/190
f 235/203/220 236/234/221 206/174/191
f 206/174/191 236/234/221 237/204/222
f 207/175/192 237/204/222 238/205/223
f 208/206/193 238/205/223 239/207/224
f 209/176/194 239/207/224 240/208/225
f 210/178/195 240/208/225 241/209/226
f 211/179/196 241/209/226 242/210/227
f 212/180/197 242/210/227 243/211/228
f 213/181/198 243/211/228 244/13/229
f 39/212/39 245/213/230 215/183/200
f 245/213/230 246/214/231 216/184/201
f 246/214/231 247/215/232 217/185/202
f 247/215/232 248/216/233 218/186/203
f 248/216/233 249/247/234 219/217/204
f 219/217/204 249/247/234 250/218/235
f 220/187/205 250/218/235 251/219/236
f 221/189/206 251/219/236 252/220/237
f 222/190/207 252/220/237 253/221/238
f 223/191/208 253/221/238 254/222/239
f 224/192/209 254/222/239 255/223/240
f 255/223/240 256/224/241 226/194/211
f 256/224/241 257/255/242 227/195/212
f 227/195/212 257/255/242 258/225/243
f 228/196/213 258/225/243 259/226/244
f 229/197/214 259/226/244 260/227/245
f 230/198/215 260/227/245 261/228/246
f 231/199/216 261/228/246 262/229/247
f 232/200/217 262/229/247 263/230/248
f 233/201/218 263/230/248 264/231/249
f 234/202/219 264/231/249 265/232/250
f 235/203/220 265/232/250 266/233/251
f 236/234/221 266/233/251 267/235/252
f 237/204/222 267/235/252 268/236/253
f 238/205/223 268/236/253 269/237/254
f 239/207/224 269/237/254 270/238/255
f 240/208/225 270/238/255 271/239/256
f 241/209/226 271/239/256 272/240/257
f 242/210/227 272/240/257 273/241/258
f 243/211/228 273/241/258 274/15/259
f 39/212/39 40/272/40 275/242/260
f 245/213/230 275/242/260 276/243/261
f 246/214/231 276/243/261 277/244/262
f 247/215/232 277/244/262 278/245/263
f 248/216/233 278/245/263 279/246/264
f 279/246/264 280/248/265 250/218/235
f 280/248/265 281/249/266 251/219/236
f 281/249/266 282/250/267 252/220/237
f 282/250/267 283/251/268 253/221/238
f 283/251/268 284/252/269 254/222/239
f 284/252/269 285/283/270 255/223/240
f 255/223/240 285/283/270 286/253/271
f 256/224/241 286/253/271 287/254/272
f 257/255/242 287/254/272 288/256/273
f 258/225/243 288/256/273 289/257/274
f 259/226/244 289/257/274 290/258/275
f 260/227/245 290/258/275 291/259/276
f 261/228/246 291/259/276 292/260/277
f 262/229/247 292/260/277 293/261/278
f 263/230/248 293/261/278 294/262/279
f 264/231/249 294/262/279 295/263/280
f 265/232/250 295/263/280 296/264/281
f 266/233/251 296/264/281 297/265/282
f 267/235/252 297/265/282 298/266/283
f 268/236/253 298/266/283 299/267/284
f 269/237/254 299/267/284 300/268/285
f 270/238/255 300/268/285 301/269/286
f 271/239/256 301/269/286 302/270/287
f 272/240/257 302/270/287 303/271/288
f 273/241/258 303/271/288 304/17/289
f 40/272/40 41/302/41 305/273/290
f 275/242/260 305/273/290 306/274/291
f 276/243/261 306/274/291 307/275/292
f 277/244/262 307/275/292 308/276/293
f 278/245/263 308/276/293 309/277/294
f 279/246/264 309/277/294 310/278/295
f 310/278/295 311/279/296 281/249/266
f 311/279/296 312/280/297 282/250/267
f 312/280/297 313/281/298 283/251/268
f 313/281/298 314/282/299 284/252/269
f 314/282/299 315/313/300 285/283/270
f 285/283/270 315/313/300 316/284/301
f 286/253/271 316/284/301 317/285/302
f 287/254/272 317/285/302 318/286/303
f 288/256/273 318/286/303 319/287/304
f 289/257/274 319/287/304 320/288/305
f 290/258/275 320/288/305 321/289/306
f 291/259/276 321/289/306 322/290/307
f 292/260/277 322/290/307 323/291/308
f 293/261/278 323/291/308 324/292/309
f 294/262/279 324/292/309 325/293/310
f 295/263/280 325/293/310 326/294/311
f 296/264/281 326/294/311 327/295/312
f 297/265/282 327/295/312 328/296/313
f 298/266/283 328/296/313 329/297/314
f 299/267/284 329/297/314 330/298/315
f 300/268/285 330/298/315 331/299/316
f 301/269/286 331/299/316 332/300/317
f 302/270/287 332/300/317 333/301/318
f 303/271/288 333/301/318 334/19/319
f 41/302/41 42/331/42 335/303/320
f 305/273/290 335/303/320 336/304/321
f 306/274/291 336/304/321 337/305/322
f 307/275/292 337/305/322 338/306/323
f 308/276/293 338/306/323 339/307/324
f 309/277/294 339/307/324 340/308/325
f 340/308/325 341/309/326 311/279/296
f 341/309/326 342/310/327 312/280/297
f 342/310/327 343/311/328 313/281/298
f 343/311/328 344/341/329 314/282/299
f 314/282/299 344/341/329 345/312/330
f 315/313/300 345/312/330 346/314/331
f 316/284/301 346/314/331 347/315/332
f 317/285/302 347/315/332 348/316/333
f 318/286/303 348/316/333 349/317/334
f 319/287/304 349/317/334 350/318/335
f 320/288/305 350/318/335 351/319/336
f 321/289/306 351/319/336 352/320/337
f 322/290/307 352/320/337 353/321/338
f 323/291/308 353/321/338 354/322/339
f 324/292/309 354/322/339 355/323/340
f 325/293/310 355/323/340 356/324/341
f 356/324/341 357/325/342 327/295/312
f 357/325/342 358/326/343 328/296/313
f 358/326/343 359/327/344 329/297/314
f 359/327/344 360/357/345 330/298/315
f 330/298/315 360/357/345 361/328/346
f 331/299/316 361/328/346 362/329/347
f 332/300/317 362/329/347 363/330/348
f 333/301/318 363/330/348 364/21/349
f 42/331/42 43/361/43 365/332/350
f 335/303/320 365/332/350 366/333/351
f 336/304/321 366/333/351 367/334/352
f 337/305/322 367/334/352 368/335/353
f 338/306/323 368/335/353 369/336/354
f 339/307/324 369/336/354 370/337/355
f 370/337/355 371/338/356 341/309/326
f 371/338/356 372/339/357 342/310/327
f 372/339/357 373/340/358 343/311/328
f 373/340/358 374/371/359 344/341/329
f 344/341/329 374/371/359 375/342/360
f 345/312/330 375/342/360 376/343/361
f 346/314/331 376/343/361 377/344/362
f 347/315/332 377/344/362 378/345/363
f 348/316/333 378/345/363 379/346/364
f 349/317/334 379/346/364 380/347/365
f 350/318/335 380/347/365 381/348/366
f 351/319/336 381/348/366 382/349/367
f 352/320/337 382/349/367 383/350/368
f 353/321/338 383/350/368 384/351/369
f 384/351/369 385/352/370 355/323/340
f 385/352/370 386/353/371 356/324/341
f 386/353/371 387/354/372 357/325/342
f 387/354/372 388/355/373 358/326/343
f 388/355/373 389/386/374 359/327/344
f 359/327/344 389/386/374 390/356/375
f 360/357/345 390/356/375 391/358/376
f 361/328/346 391/358/376 392/359/377
f 362/329/347 392/359/377 393/360/378
f 363/330/348 393/360/378 394/23/379
f 43/361/43 44/391/44 395/362/380
f 365/332/350 395/362/380 396/363/381
f 366/333/351 396/363/381 397/364/382
f 367/334/352 397/364/382 398/365/383
f 368/335/353 398/365/383 399/366/384
f 369/336/354 399/366/384 400/367/385
f 370/337/355 400/367/385 401/368/386
f 401/368/386 402/369/387 372/339/357
f 402/369/387 403/370/388 373/340/358
f 403/370/388 404/372/389 374/371/359
f 404/372/389 405/373/390 375/342/360
f 405/373/390 406/374/391 376/343/361
f 406/374/391 407/404/392 377/344/362
f 377/344/362 407/404/392 408/375/393
f 378/345/363 408/375/393 409/376/394
f 379/346/364 409/376/394 410/377/395
f 380/347/365 410/377/395 411/378/396
f 411/378/396 412/379/397 382/349/367
f 412/379/397 413/380/398 383/350/368
f 413/380/398 414/381/399 384/351/369
f 414/381/399 415/382/400 385/352/370
f 415/382/400 416/383/401 386/353/371
f 416/383/401 417/384/402 387/354/372
f 417/384/402 418/416/403 388/355/373
f 388/355/373 418/416/403 419/385/404
f 389/386/374 419/385/404 420/387/405
f 390/356/375 420/387/405 421/388/406
f 391/358/376 421/388/406 422/389/407
f 392/359/377 422/389/407 423/390/408
f 393/360/378 423/390/408 424/25/409
f 44/391/44 45/423/45 425/392/410
f 395/362/380 425/392/410 426/393/411
f 396/363/381 426/393/411 427/394/412
f 397/364/382 427/394/412 428/395/413
f 398/365/383 428/395/413 429/396/414
f 399/366/384 429/396/414 430/397/415
f 430/397/415 431/398/416 401/368/386
f 431/398/416 432/399/417 402/369/387
f 432/399/417 433/400/418 403/370/388
f 433/400/418 434/401/419 404/372/389
f 434/401/419 435/402/420 405/373/390
f 435/402/420 436/403/421 406/374/391
f 436/403/421 437/405/422 407/404/392
f 437/405/422 438/406/423 408/375/393
f 438/406/423 439/407/424 409/376/394
f 439/407/424 440/408/425 410/377/395
f 440/408/425 441/409/426 411/378/396
f 441/409/426 442/410/427 412/379/397
f 442/410/427 443/411/428 413/380/398
f 443/411/428 444/412/429 414/381/399
f 444/412/429 445/443/430 415/382/400
f 415/382/400 445/443/430 446/413/431
f 416/383/401 446/413/431 447/414/432
f 417/384/402 447/414/432 448/415/433
f 418/416/403 448/415/433 449/417/434
f 419/385/404 449/417/434 450/418/435
f 420/387/405 450/418/435 451/419/436
f 421/388/406 451/419/436 452/420/437
f 422/389/407 452/420/437 453/421/438
f 423/390/408 453/421/438 454/27/439
f 46/422/46 455/424/440 425/392/410
f 455/424/440 456/425/441 426/393/411
f 456/425/441 457/426/442 427/394/412
f 457/426/442 458/427/443 428/395/413
f 458/427/443 459/428/444 429/396/414
f 459/428/444 460/429/445 430/397/415
f 460/429/445 461/430/446 431/398/416
f 461/430/446 462/431/447 432/399/417
f 462/431/447 463/432/448 433/400/418
f 463/432/448 464/433/449 434/401/419
f 464/433/449 465/434/450 435/402/420
f 465/434/450 466/464/451 436/403/421
f 436/403/421 466/464/451 467/435/452
f 437/405/422 467/435/452 468/436/453
f 468/436/453 469/437/454 439/407/424
f 469/437/454 470/438/455 440/408/425
f 470/438/455 471/439/456 441/409/426
f 471/439/456 472/440/457 442/410/427
f 472/440/457 473/441/458 443/411/428
f 473/441/458 474/442/459 444/412/429
f 474/442/459 475/473/460 445/443/430
f 445/443/430 475/473/460 476/444/461
f 446/413/431 476/444/461 477/445/462
f 447/414/432 477/445/462 478/446/463
f 448/415/433 478/446/463 479/447/464
f 449/417/434 479/447/464 480/448/465
f 450/418/435 480/448/465 481/449/466
f 451/419/436 481/449/466 482/450/467
f 452/420/437 482/450/467 483/451/468
f 453/421/438 483/451/468 484/29/469
f 47/452/47 485/453/470 455/424/440
f 485/453/470 486/454/471 456/425/441
f 486/454/471 487/455/472 457/426/442
f 487/455/472 488/456/473 458/427/443
f 488/456/473 489/457/474 459/428/444
f 489/457/474 490/458/475 460/429/445
f 490/458/475 491/459/476 461/430/446
f 491/459/476 492/460/477 462/431/447
f 492/460/477 493/461/478 463/432/448
f 493/461/478 494/462/479 464/433/449
f 494/462/479 495/493/480 465/434/450
f 465/434/450 495/493/480 496/463/481
f 466/464/451 496/463/481 497/465/482
f 467/435/452 497/465/482 498/466/483
f 468/436/453 498/466/483 499/467/484
f 499/467/484 500/468/485 470/438/455
f 500/468/485 501/469/486 471/439/456
f 501/469/486 502/470/487 472/440/457
f 502/470/487 503/471/488 473/441/458
f 503/471/488 504/472/489 474/442/459
f 504/472/489 505/503/490 475/473/460
f 475/473/460 505/503/490 506/474/491
f 476/444/461 506/474/491 507/475/492
f 477/445/462 507/475/492 508/476/493
f 478/446/463 508/476/493 509/477/494
f 479/447/464 509/477/494 510/478/495
f 480/448/465 510/478/495 511/479/496
f 481/449/466 511/479/496 512/480/497
f 482/450/467 512/480/497 513/481/498
f 483/451/468 513/481/498 514/31/499
f 48/482/48 515/483/500 485/453/470
f 515/483/500 516/484/501 486/454/471
f 516/484/501 517/485/502 487/455/472
f 517/485/502 518/486/503 488/456/473
f 518/486/503 519/487/504 489/457/474
f 519/487/504 520/488/505 490/458/475
f 520/488/505 521/489/506 491/459/476
f 521/489/506 522/490/507 492/460/477
f 522/490/507 523/491/508 493/461/478
f 523/491/508 524/492/509 494/462/479
f 524/492/509 525/523/510 495/493/480
f 495/493/480 525/523/510 526/494/511
f 496/463/481 526/494/511 527/495/512
f 497/465/482 527/495/512 528/496/513
f 498/466/483 528/496/513 529/497/514
f 499/467/484 529/497/514 530/498/515
f 530/498/515 531/499/516 501/469/486
f 531/499/516 532/500/517 502/470/487
f 532/500/517 533/501/518 503/471/488
f 533/501/518 534/502/519 504/472/489
f 534/502/519 535/533/520 505/503/490
f 505/503/490 535/533/520 536/504/521
f 506/474/491 536/504/521 537/505/522
f 507/475/492 537/505/522 538/506/523
f 508/476/493 538/506/523 539/507/524
f 509/477/494 539/507/524 540/508/525
f 510/478/495 540/508/525 541/509/526
f 511/479/496 541/509/526 542/510/527
f 512/480/497 542/510/527 543/511/528
f 513/481/498 543/511/528 544/33/529
f 49/512/49 545/513/530 515/483/500
f 545/513/530 546/514/531 516/484/501
f 546/514/531 547/515/532 517/485/502
f 547/515/532 548/516/533 518/486/503
f 548/516/533 549/517/534 519/487/504
f 549/517/534 550/518/535 520/488/505
f 550/518/535 551/519/536 521/489/506
f 551/519/536 552/520/537 522/490/507
f 552/520/537 553/521/538 523/491/508
f 553/521/538 554/522/539 524/492/509
f 554/522/539 555/553/540 525/523/510
f 525/523/510 555/553/540 556/524/541
f 526/494/511 556/524/541 557/525/542
f 527/495/512 557/525/542 558/526/543
f 528/496/513 558/526/543 559/527/544
f 529/497/514 559/527/544 560/528/545
f 560/528/545 561/529/546 531/499/516
f 561/529/546 562/530/547 532/500/517
f 562/530/547 563/531/548 533/501/518
f 563/531/548 564/532/549 534/502/519
f 564/532/549 565/534/550 535/533/520
f 565/534/550 566/535/551 536/504/521
f 566/535/551 567/536/552 537/505/522
f 567/536/552 568/537/553 538/506/523
f 568/537/553 569/567/554 539/507/524
f 539/507/524 569/567/554 570/538/555
f 540/508/525 570/538/555 571/539/556
f 541/509/526 571/539/556 572/540/557
f 542/510/527 572/540/557 573/541/558
f 543/511/528 573/541/558 574/35/559
f 50/542/50 575/543/560 545/513/530
f 575/543/560 576/544/561 546/514/531
f 576/544/561 577/545/562 547/515/532
f 577/545/562 578/546/563 548/516/533
f 578/546/563 579/547/564 549/517/534
f 579/547/564 580/548/565 550/518/535
f 580/548/565 581/549/566 551/519/536
f 581/549/566 582/550/567 552/520/537
f 582/550/567 583/551/568 553/521/538
f 583/551/568 584/552/569 554/522/539
f 584/552/569 585/582/570 555/553/540
f 555/553/540 585/582/570 586/554/571
f 556/524/541 586/554/571 587/555/572
f 557/525/542 587/555/572 588/556/573
f 558/526/543 588/556/573 589/557/574
f 559/527/544 589/557/574 590/558/575
f 590/558/575 591/559/576 561/529/546
f 591/559/576 592/560/577 562/530/547
f 592/560/577 593/561/578 563/531/548
f 593/561/578 594/562/579 564/532/549
f 594/562/579 595/563/580 565/534/550
f 595/563/580 596/564/581 566/535/551
f 596/564/581 597/565/582 567/536/552
f 597/565/582 598/566/583 568/537/553
f 598/566/583 599/568/584 569/567/554
f 599/568/584 600/597/585 570/538/555
f 570/538/555 600/597/585 601/569/586
f 571/539/556 601/569/586 602/570/587
f 572/540/557 602/570/587 603/571/588
f 573/541/558 603/571/588 604/37/589
f 51/572/51 605/573/590 575/543/560
f 605/573/590 606/574/591 576/544/561
f 606/574/591 607/575/592 577/545/562
f 607/575/592 608/576/593 578/546/563
f 608/576/593 609/605/594 579/547/564
f 579/547/564 609/605/594 610/577/595
f 610/577/595 611/578/596 581/549/566
f 611/578/596 612/579/597 582/550/567
f 612/579/597 613/580/598 583/551/568
f 613/580/598 614/581/599 584/552/569
f 614/581/599 615/612/600 585/582/570
f 585/582/570 615/612/600 616/583/601
f 586/554/571 616/583/601 617/584/602
f 587/555/572 617/584/602 618/585/603
f 588/556/573 618/585/603 619/586/604
f 589/557/574 619/586/604 620/587/605
f 620/587/605 621/588/606 591/559/576
f 621/588/606 622/589/607 592/560/577
f 622/589/607 623/590/608 593/561/578
f 623/590/608 624/591/609 594/562/579
f 624/591/609 625/592/610 595/563/580
f 625/592/610 626/593/611 596/564/581
f 626/593/611 627/594/612 597/565/582
f 627/594/612 628/595/613 598/566/583
f 628/595/613 629/596/614 599/568/584
f 629/596/614 630/598/615 600/597/585
f 630/598/615 631/628/616 601/569/586
f 601/569/586 631/628/616 632/599/617
f 602/570/587 632/599/617 633/600/618
f 603/571/588 633/600/618 634/39/619
f 51/572/51 52/631/52 635/601/620
f 635/601/620 636/634/621 606/574/591
f 606/574/591 636/634/621 637/602/622
f 607/575/592 637/602/622 638/603/623
f 608/576/593 638/603/623 639/604/624
f 609/605/594 639/604/624 640/606/625
f 610/577/595 640/606/625 641/607/626
f 611/578/596 641/607/626 642/608/627
f 612/579/597 642/608/627 643/609/628
f 613/580/598 643/609/628 644/610/629
f 614/581/599 644/610/629 645/611/630
f 615/612/600 645/611/630 646/613/631
f 616/583/601 646/613/631 647/614/632
f 617/584/602 647/614/632 648/615/633
f 618/585/603 648/615/633 649/616/634
f 619/586/604 649/616/634 650/617/635
f 650/617/635 651/618/636 621/588/606
f 651/618/636 652/619/637 622/589/607
f 652/619/637 653/620/638 623/590/608
f 653/620/638 654/621/639 624/591/609
f 654/621/639 655/622/640 625/592/610
f 655/622/640 656/623/641 626/593/611
f 656/623/641 657/624/642 627/594/612
f 657/624/642 658/625/643 628/595/613
f 658/625/643 659/626/644 629/596/614
f 659/626/644 660/627/645 630/598/615
f 660/627/645 661/629/646 631/628/616
f 661/629/646 662/660/647 632/599/617
f 632/599/617 662/660/647 663/630/648
f 633/600/618 663/630/648 664/41/649
f 52/631/52 53/663/53 665/632/650
f 635/601/620 665/632/650 666/633/651
f 636/634/621 666/633/651 667/635/652
f 637/602/622 667/635/652 668/636/653
f 638/603/623 668/636/653 669/637/654
f 639/604/624 669/637/654 670/638/655
f 640/606/625 670/638/655 671/639/656
f 641/607/626 671/639/656 672/640/657
f 642/608/627 672/640/657 673/641/658
f 643/609/628 673/641/658 674/642/659
f 644/610/629 674/642/659 675/643/660
f 645/611/630 675/643/660 676/644/661
f 646/613/631 676/644/661 677/645/662
f 647/614/632 677/645/662 678/646/663
f 648/615/633 678/646/663 679/647/664
f 679/647/664 680/648/665 650/617/635
f 680/648/665 681/649/666 651/618/636
f 681/649/666 682/650/667 652/619/637
f 682/650/667 683/651/668 653/620/638
f 683/651/668 684/652/669 654/621/639
f 684/652/669 685/653/670 655/622/640
f 685/653/670 686/654/671 656/623/641
f 686/654/671 687/655/672 657/624/642
f 687/655/672 688/656/673 658/625/643
f 688/656/673 689/657/674 659/626/644
f 689/657/674 690/658/675 660/627/645
f 690/658/675 691/689/676 661/629/646
f 661/629/646 691/689/676 692/659/677
f 662/660/647 692/659/677 693/661/678
f 663/630/648 693/661/678 694/43/679
f 54/662/54 695/693/680 665/632/650
f 665/632/650 695/693/680 696/664/681
f 666/633/651 696/664/681 697/665/682
f 667/635/652 697/665/682 698/666/683
f 668/636/653 698/666/683 699/667/684
f 669/637/654 699/667/684 700/668/685
f 670/638/655 700/668/685 701/669/686
f 671/639/656 701/669/686 702/670/687
f 672/640/657 702/670/687 703/671/688
f 673/641/658 703/671/688 704/672/689
f 674/642/659 704/672/689 705/673/690
f 675/643/660 705/673/690 706/674/691
f 676/644/661 706/674/691 707/675/692
f 677/645/662 707/675/692 708/676/693
f 708/676/693 709/677/694 679/647/664
f 709/677/694 710/678/695 680/648/665
f 710/678/695 711/679/696 681/649/666
f 711/679/696 712/680/697 682/650/667
f 712/680/697 713/681/698 683/651/668
f 713/681/698 714/682/699 684/652/669
f 714/682/699 715/683/700 685/653/670
f 715/683/700 716/684/701 686/654/671
f 716/684/701 717/685/702 687/655/672
f 717/685/702 718/716/703 688/656/673
f 688/656/673 718/716/703 719/686/704
f 689/657/674 719/686/704 720/687/705
f 690/658/675 720/687/705 721/688/706
f 691/689/676 721/688/706 722/690/707
f 692/659/677 722/690/707 723/691/708
f 693/661/678 723/691/708 724/45/709
f 55/692/55 725/723/710 695/693/680
f 695/693/680 725/723/710 726/694/711
f 696/664/681 726/694/711 727/695/712
f 697/665/682 727/695/712 728/696/713
f 698/666/683 728/696/713 729/697/714
f 699/667/684 729/697/714 730/698/715
f 700/668/685 730/698/715 731/699/716
f 701/669/686 731/699/716 732/700/717
f 702/670/687 732/700/717 733/701/718
f 703/671/688 733/701/718 734/702/719
f 704/672/689 734/702/719 735/703/720
f 705/673/690 735/703/720 736/704/721
f 706/674/691 736/704/721 737/705/722
f 707/675/692 737/705/722 738/706/723
f 738/706/723 739/707/724 709/677/694
f 739/707/724 740/708/725 710/678/695
f 740/708/725 741/709/726 711/679/696
f 741/709/726 742/710/727 712/680/697
f 742/710/727 743/711/728 713/681/698
f 743/711/728 744/712/729 714/682/699
f 744/712/729 745/713/730 715/683/700
f 745/713/730 746/744/731 716/684/701
f 716/684/701 746/744/731 747/714/732
f 717/685/702 747/714/732 748/715/733
f 718/716/703 748/715/733 749/717/734
f 719/686/704 749/717/734 750/718/735
f 720/687/705 750/718/735 751/719/736
f 721/688/706 751/719/736 752/720/737
f 722/690/707 752/720/737 753/721/738
f 723/691/708 753/721/738 754/47/739
f 56/722/56 755/724/740 725/723/710
f 755/724/740 756/754/741 726/694/711
f 726/694/711 756/754/741 757/725/742
f 727/695/712 757/725/742 758/726/743
f 728/696/713 758/726/743 759/727/744
f 729/697/714 759/727/744 760/728/745
f 730/698/715 760/728/745 761/729/746
f 731/699/716 761/729/746 762/730/747
f 732/700/717 762/730/747 763/731/748
f 733/701/718 763/731/748 764/732/749
f 734/702/719 764/732/749 765/733/750
f 735/703/720 765/733/750 766/734/751
f 736/704/721 766/734/751 767/735/752
f 767/735/752 768/736/753 738/706/723
f 768/736/753 769/737/754 739/707/724
f 769/737/754 770/738/755 740/708/725
f 770/738/755 771/739/756 741/709/726
f 771/739/756 772/740/757 742/710/727
f 772/740/757 773/741/758 743/711/728
f 773/741/758 774/742/759 744/712/729
f 774/742/759 775/743/760 745/713/730
f 775/743/760 776/774/761 746/744/731
f 746/744/731 776/774/761 777/745/762
f 747/714/732 777/745/762 778/746/763
f 748/715/733 778/746/763 779/747/764
f 749/717/734 779/747/764 780/748/765
f 750/718/735 780/748/765 781/749/766
f 751/719/736 781/749/766 782/750/767
f 752/720/737 782/750/767 783/751/768
f 753/721/738 783/751/768 784/49/769
f 57/752/2 785/753/2 755/724/740
f 785/753/2 786/755/2 756/754/741
f 786/755/2 787/756/2 757/725/742
f 787/756/2 788/786/2 758/726/743
f 758/726/743 788/786/2 789/757/770
f 759/727/744 789/757/770 790/758/771
f 760/728/745 790/758/771 791/759/772
f 761/729/746 791/759/772 792/760/773
f 762/730/747 792/760/773 793/761/774
f 763/731/748 793/761/774 794/762/775
f 794/762/775 795/763/776 765/733/750
f 795/763/776 796/764/777 766/734/751
f 796/764/777 797/765/778 767/735/752
f 797/765/778 798/766/779 768/736/753
f 798/766/779 799/767/780 769/737/754
f 799/767/780 800/768/781 770/738/755
f 800/768/781 801/769/782 771/739/756
f 801/769/782 802/770/783 772/740/757
f 802/770/783 803/771/784 773/741/758
f 803/771/784 804/772/785 774/742/759
f 804/772/785 805/804/786 775/743/760
f 775/743/760 805/804/786 806/773/787
f 776/774/761 806/773/787 807/775/788
f 777/745/762 807/775/788 808/776/789
f 778/746/763 808/776/789 809/777/790
f 779/747/764 809/777/790 810/778/791
f 780/748/765 810/778/791 811/779/792
f 781/749/766 811/779/792 812/780/793
f 782/750/767 812/780/793 813/781/794
f 783/751/768 813/781/794 814/51/795
f 58/782/2 815/783/2 785/753/2
f 815/783/2 816/784/2 786/755/2
f 816/784/2 817/785/2 787/756/2
f 817/785/2 818/787/2 788/786/2
f 818/787/2 819/788/796 789/757/770
f 819/788/796 820/789/797 790/758/771
f 820/789/797 821/790/798 791/759/772
f 821/790/798 822/791/799 792/760/773
f 822/791/799 823/792/800 793/761/774
f 823/792/800 824/793/801 794/762/775
f 824/793/801 825/794/802 795/763/776
f 825/794/802 826/795/803 796/764/777
f 826/795/803 827/796/804 797/765/778
f 827/796/804 828/797/805 798/766/779
f 828/797/805 829/798/806 799/767/780
f 829/798/806 830/799/807 800/768/781
f 830/799/807 831/800/808 801/769/782
f 831/800/808 832/801/809 802/770/783
f 832/801/809 833/802/810 803/771/784
f 833/802/810 834/833/811 804/772/785
f 804/772/785 834/833/811 835/803/812
f 805/804/786 835/803/812 836/805/813
f 806/773/787 836/805/813 837/806/814
f 807/775/788 837/806/814 838/807/815
f 808/776/789 838/807/815 839/808/816
f 809/777/790 839/808/816 840/809/817
f 810/778/791 840/809/817 841/810/818
f 811/779/792 841/810/818 842/811/819
f 812/780/793 842/811/819 843/812/820
f 813/781/794 843/812/820 844/53/821
f 59/813/2 845/814/2 815/783/2
f 845/814/2 846/815/2 816/784/2
f 846/815/2 847/816/2 817/785/2
f 847/816/2 848/817/2 818/787/2
f 848/817/2 849/818/822 819/788/796
f 849/818/822 850/819/823 820/789/797
f 850/819/823 851/820/824 821/790/798
f 851/820/824 852/821/825 822/791/799
f 852/821/825 853/822/826 823/792/800
f 853/822/826 854/823/827 824/793/801
f 854/823/827 855/824/828 825/794/802
f 855/824/828 856/825/829 826/795/803
f 856/825/829 857/826/830 827/796/804
f 857/826/830 858/827/831 828/797/805
f 858/827/831 859/828/832 829/798/806
f 859/828/832 860/829/833 830/799/807
f 860/829/833 861/830/834 831/800/808
f 861/830/834 862/861/835 832/801/809
f 832/801/809 862/861/835 863/831/836
f 833/802/810 863/831/836 864/832/837
f 834/833/811 864/832/837 865/834/838
f 835/803/812 865/834/838 866/835/839
f 836/805/813 866/835/839 867/836/840
f 837/806/814 867/836/840 868/837/841
f 838/807/815 868/837/841 869/838/842
f 839/808/816 869/838/842 870/839/843
f 840/809/817 870/839/843 871/840/844
f 841/810/818 871/840/844 872/841/845
f 842/811/819 872/841/845 873/842/846
f 843/812/820 873/842/846 874/55/847
f 60/843/2 875/844/2 845/814/2
f 875/844/2 876/845/2 846/815/2
f 876/845/2 877/846/2 847/816/2
f 877/846/2 878/847/2 848/817/2
f 878/847/2 879/848/2 849/818/822
f 879/848/2 880/849/848 850/819/823
f 880/849/848 881/850/849 851/820/824
f 881/850/849 882/851/850 852/821/825
f 882/851/850 883/852/851 853/822/826
f 883/852/851 884/853/852 854/823/827
f 884/853/852 885/854/853 855/824/828
f 885/854/853 886/855/854 856/825/829
f 886/855/854 887/856/855 857/826/830
f 887/856/855 888/857/856 858/827/831
f 888/857/856 889/888/857 859/828/832
f 859/828/832 889/888/857 890/858/858
f 860/829/833 890/858/858 891/859/859
f 861/830/834 891/859/859 892/860/860
f 862/861/835 892/860/860 893/862/861
f 863/831/836 893/862/861 894/863/862
f 864/832/837 894/863/862 895/864/863
f 865/834/838 895/864/863 896/865/864
f 866/835/839 896/865/864 897/866/865
f 867/836/840 897/866/865 898/867/866
f 868/837/841 898/867/866 899/868/867
f 869/838/842 899/868/867 900/869/868
f 870/839/843 900/869/868 901/870/869
f 871/840/844 901/870/869 902/871/870
f 872/841/845 902/871/870 903/872/871
f 873/842/846 903/872/871 904/57/872
f 61/873/2 905/874/2 875/844/2
f 905/874/2 906/875/2 876/845/2
f 906/875/2 907/876/2 877/846/2
f 907/876/2 908/877/2 878/847/2
f 908/877/2 909/878/2 879/848/2
f 909/878/2 910/879/873 880/849/848
f 910/879/873 911/880/874 881/850/849
f 911/880/874 912/881/875 882/851/850
f 912/881/875 913/882/876 883/852/851
f 913/882/876 914/883/877 884/853/852
f 914/883/877 915/884/878 885/854/853
f 915/884/878 916/885/879 886/855/854
f 916/885/879 917/916/880 887/856/855
f 887/856/855 917/916/880 918/886/881
f 888/857/856 918/886/881 919/887/882
f 889/888/857 919/887/882 920/889/883
f 890/858/858 920/889/883 921/890/884
f 891/859/859 921/890/884 922/891/885
f 892/860/860 922/891/885 923/892/886
f 893/862/861 923/892/886 924/893/887
f 894/863/862 924/893/887 925/894/888
f 895/864/863 925/894/888 926/895/889
f 896/865/864 926/895/889 927/896/890
f 897/866/865 927/896/890 928/897/891
f 898/867/866 928/897/891 929/898/892
f 899/868/867 929/898/892 930/899/893
f 900/869/868 930/899/893 931/900/894
f 901/870/869 931/900/894 932/901/895
f 902/871/870 932/901/895 933/902/896
f 903/872/871 933/902/896 934/59/897
f 62/903/2 935/904/2 905/874/2
f 935/904/2 936/905/2 906/875/2
f 936/905/2 937/906/2 907/876/2
f 937/906/2 938/907/2 908/877/2
f 938/907/2 939/908/2 909/878/2
f 939/908/2 940/909/898 910/879/873
f 940/909/898 941/910/899 911/880/874
f 941/910/899 942/911/900 912/881/875
f 942/911/900 943/912/901 913/882/876
f 943/912/901 944/913/902 914/883/877
f 944/913/902 945/943/903 915/884/878
f 915/884/878 945/943/903 946/914/904
f 916/885/879 946/914/904 947/915/905
f 917/916/880 947/915/905 948/917/906
f 918/886/881 948/917/906 949/918/907
f 919/887/882 949/918/907 950/919/908
f 920/889/883 950/919/908 951/920/909
f 921/890/884 951/920/909 952/921/910
f 922/891/885 952/921/910 953/922/911
f 923/892/886 953/922/911 954/923/912
f 924/893/887 954/923/912 955/924/913
f 925/894/888 955/924/913 956/925/914
f 926/895/889 956/925/914 957/926/915
f 927/896/890 957/926/915 958/927/916
f 928/897/891 958/927/916 959/928/917
f 929/898/892 959/928/917 960/929/918
f 930/899/893 960/929/918 961/930/919
f 931/900/894 961/930/919 962/931/920
f 932/901/895 962/931/920 963/932/921
f 933/902/896 963/932/921 964/61/922
f 63/933/2 965/934/2 935/904/2
f 965/934/2 966/935/2 936/905/2
f 966/935/2 967/936/2 937/906/2
f 967/936/2 968/937/2 938/907/2
f 968/937/2 969/938/2 939/908/2
f 969/938/2 970/968/2 940/909/898
f 940/909/898 970/968/2 971/939/923
f 971/939/923 972/940/924 942/911/900
f 972/940/924 973/941/925 943/912/901
f 973/941/925 974/942/926 944/913/902
f 974/942/926 975/974/927 945/943/903
f 945/943/903 975/974/927 976/944/928
f 946/914/904 976/944/928 977/945/929
f 947/915/905 977/945/929 978/946/930
f 948/917/906 978/946/930 979/947/931
f 949/918/907 979/947/931 980/948/932
f 950/919/908 980/948/932 981/949/933
f 951/920/909 981/949/933 982/950/934
f 952/921/910 982/950/934 983/951/935
f 953/922/911 983/951/935 984/952/936
f 954/923/912 984/952/936 985/953/937
f 955/924/913 985/953/937 986/954/938
f 956/925/914 986/954/938 987/955/939
f 957/926/915 987/955/939 988/956/940
f 958/927/916 988/956/940 989/957/941
f 959/928/917 989/957/941 990/958/942
f 960/929/918 990/958/942 991/959/943
f 961/930/919 991/959/943 992/960/944
f 962/931/920 992/960/944 993/961/945
f 963/932/921 993/961/945 994/63/946
f 64/962/2 995/963/2 965/934/2
f 995/963/2 996/964/2 966/935/2
f 996/964/2 997/965/2 967/936/2
f 997/965/2 998/966/2 968/937/2
f 998/966/2 999/967/2 969/938/2
f 999/967/2 1000/969/2 970/968/2
f 1000/969/2 1001/970/947 971/939/923
f 1001/970/947 1002/971/948 972/940/924
f 1002/971/948 1003/972/949 973/941/925
f 1003/972/949 1004/1003/950 974/942/926
f 974/942/926 1004/1003/950 1005/973/951
f 975/974/927 1005/973/951 1006/975/952
f 976/944/928 1006/975/952 1007/976/953
f 977/945/929 1007/976/953 1008/977/954
f 978/946/930 1008/977/954 1009/978/955
f 979/947/931 1009/978/955 1010/979/956
f 980/948/932 1010/979/956 1011/980/957
f 981/949/933 1011/980/957 1012/981/958
f 982/950/934 1012/981/958 1013/982/959
f 983/951/935 1013/982/959 1014/983/960
f 984/952/936 1014/983/960 1015/984/961
f 985/953/937 1015/984/961 1016/985/962
f 986/954/938 1016/985/962 1017/986/963
f 987/955/939 1017/986/963 1018/987/964
f 988/956/940 1018/987/964 1019/988/965
f 989/957/941 1019/988/965 1020/989/966
f 990/958/942 1020/989/966 1021/990/967
f 991/959/943 1021/990/967 1022/991/968
f 992/960/944 1022/991/968 1023/992/969
f 993/961/945 1023/992/969 1024/1/970
f 2/993/2 65/994/2 995/963/2
f 65/994/2 66/995/2 996/964/2
f 66/995/2 67/996/2 997/965/2
f 67/996/2 68/997/2 998/966/2
f 68/997/2 69/998/2 999/967/2
f 69/998/2 70/999/2 1000/969/2
f 70/999/2 71/1000/2 1001/970/947
f 71/1000/2 72/1001/57 1002/971/948
f 72/1001/57 73/1002/58 1003/972/949
f 73/1002/58 74/1024/59 1004/1003/950
f 1004/1003/950 74/1024/59 75/1004/60
f 1005/973/951 75/1004/60 76/1005/61
f 1006/975/952 76/1005/61 77/1006/62
f 1007/976/953 77/1006/62 78/1007/63
f 1008/977/954 78/1007/63 79/1008/64
f 1009/978/955 79/1008/64 80/1009/65
f 1010/979/956 80/1009/65 81/1010/66
f 1011/980/957 81/1010/66 82/1011/67
f 1012/981/958 82/1011/67 83/1012/68
f 1013/982/959 83/1012/68 84/1013/69
f 1014/983/960 84/1013/69 85/1014/70
f 1015/984/961 85/1014/70 86/1015/71
f 1016/985/962 86/1015/71 87/1016/72
f 1017/986/963 87/1016/72 88/1017/73
f 1018/987/964 88/1017/73 89/1018/74
f 1019/988/965 89/1018/74 90/1019/75
f 1020/989/966 90/1019/75 91/1020/76
f 1021/990/967 91/1020/76 92/1021/77
f 1022/991/968 92/1021/77 93/1022/78
f 1023/992/969 93/1022/78 94/1023/79
