# Blender 4.1.1
# www.blender.org
mtllib elementary_air_plane.mtl
o 球
v 0.000000 0.231000 0.617397
v 0.000000 0.154349 0.924001
v 0.000000 0.054200 1.089933
v 0.000000 0.000000 1.111286
v 0.000000 -0.054200 1.089933
v 0.000000 -0.154349 0.924001
v -0.012689 0.272483 0.212635
v -0.024890 0.256674 0.417099
v -0.036134 0.231000 0.605534
v -0.045990 0.196449 0.770699
v -0.054079 0.154349 0.906246
v -0.060089 0.106318 1.006967
v -0.063791 0.054200 1.068990
v -0.065040 0.000000 1.089933
v -0.063791 -0.054200 1.068990
v -0.060089 -0.106318 1.006967
v -0.054079 -0.154349 0.906246
v -0.045990 -0.196449 0.770699
v -0.036134 -0.231000 0.605534
v -0.024890 -0.256674 0.417099
v -0.012689 -0.272483 0.212635
v -0.024890 0.272483 0.200298
v -0.048823 0.256674 0.392899
v -0.070880 0.231000 0.570401
v -0.090214 0.196449 0.725983
v -0.106080 0.154349 0.853665
v -0.117870 0.106318 0.948542
v -0.125130 0.054200 1.006967
v -0.127581 0.000000 1.026694
v -0.125130 -0.054200 1.006967
v -0.117870 -0.106318 0.948542
v -0.106080 -0.154349 0.853665
v -0.090214 -0.196449 0.725983
v -0.070880 -0.231000 0.570401
v -0.048823 -0.256674 0.392899
v -0.024890 -0.272483 0.200298
v -0.036134 0.272483 0.180264
v -0.070880 0.256674 0.353600
v -0.102902 0.231000 0.513347
v -0.130970 0.196449 0.653367
v -0.154004 0.154349 0.768278
v -0.171120 0.106318 0.853665
v -0.181660 0.054200 0.906246
v -0.185219 0.000000 0.924000
v -0.181660 -0.054200 0.906246
v -0.171120 -0.106318 0.853665
v -0.154004 -0.154349 0.768278
v -0.130970 -0.196449 0.653367
v -0.102902 -0.231000 0.513347
v -0.070880 -0.256674 0.353600
v -0.036134 -0.272483 0.180264
v -0.045990 0.272483 0.153302
v -0.090214 0.256674 0.300712
v -0.130970 0.231000 0.436566
v -0.166693 0.196449 0.555643
v -0.196010 0.154349 0.653367
v -0.217795 0.106318 0.725983
v -0.231210 0.054200 0.770699
v -0.235739 0.000000 0.785798
v -0.231210 -0.054200 0.770699
v -0.217795 -0.106318 0.725983
v -0.196010 -0.154349 0.653367
v -0.166693 -0.196449 0.555643
v -0.130970 -0.231000 0.436566
v -0.090214 -0.256674 0.300712
v -0.045990 -0.272483 0.153302
v -0.054079 0.272483 0.120448
v -0.106080 0.256674 0.236268
v -0.154004 0.231000 0.343008
v -0.196010 0.196449 0.436566
v -0.230484 0.154349 0.513347
v -0.256100 0.106318 0.570401
v -0.271874 0.054200 0.605534
v -0.277200 0.000000 0.617397
v -0.271874 -0.054200 0.605534
v -0.256100 -0.106318 0.570401
v -0.230484 -0.154349 0.513347
v -0.196010 -0.196449 0.436566
v -0.154004 -0.231000 0.343008
v -0.106080 -0.256674 0.236268
v -0.054079 -0.272483 0.120448
v 0.000000 0.277822 0.000000
v -0.060089 0.272483 0.082966
v -0.117870 0.256674 0.162744
v -0.171120 0.231000 0.236268
v -0.217795 0.196449 0.300712
v -0.256100 0.154349 0.353600
v -0.284563 0.106318 0.392899
v -0.302090 0.054200 0.417099
v -0.308008 0.000000 0.425271
v -0.302090 -0.054200 0.417099
v -0.284563 -0.106318 0.392899
v -0.256100 -0.154349 0.353600
v -0.217795 -0.196449 0.300712
v -0.171120 -0.231000 0.236268
v -0.117870 -0.256674 0.162744
v -0.060089 -0.272483 0.082966
v -0.063791 0.272483 0.042296
v -0.125130 0.256674 0.082966
v -0.181660 0.231000 0.120448
v -0.231210 0.196449 0.153302
v -0.271874 0.154349 0.180263
v -0.302090 0.106318 0.200298
v -0.320697 0.054200 0.212635
v -0.326980 0.000000 0.216801
v -0.320697 -0.054200 0.212635
v -0.302090 -0.106318 0.200298
v -0.271874 -0.154349 0.180263
v -0.231210 -0.196449 0.153302
v -0.181660 -0.231000 0.120448
v -0.125130 -0.256674 0.082966
v -0.063791 -0.272483 0.042296
v -0.065040 0.272483 -0.000000
v -0.127581 0.256674 -0.000000
v -0.185219 0.231000 -0.000000
v -0.235739 0.196449 0.000000
v -0.277200 0.154349 -0.000000
v -0.308008 0.106318 0.000000
v -0.326980 0.054200 -0.000000
v -0.333386 0.000000 -0.000000
v -0.326980 -0.054200 -0.000000
v -0.308008 -0.106318 0.000000
v -0.277200 -0.154349 -0.000000
v -0.235739 -0.196449 0.000000
v -0.185219 -0.231000 -0.000000
v -0.127581 -0.256674 -0.000000
v -0.065040 -0.272483 -0.000000
v -0.063791 0.272483 -0.042296
v -0.125130 0.256674 -0.082966
v -0.181660 0.231000 -0.120448
v -0.231210 0.196449 -0.153302
v -0.271874 0.154349 -0.180264
v -0.302090 0.106318 -0.200298
v -0.320697 0.054200 -0.212635
v -0.326980 0.000000 -0.216801
v -0.320697 -0.054200 -0.212635
v -0.302090 -0.106318 -0.200298
v -0.271874 -0.154349 -0.180264
v -0.231210 -0.196449 -0.153302
v -0.181660 -0.231000 -0.120448
v -0.125130 -0.256674 -0.082966
v -0.063791 -0.272483 -0.042296
v -0.060089 0.272483 -0.082966
v -0.117870 0.256674 -0.162744
v -0.171120 0.231000 -0.236268
v -0.217795 0.196449 -0.300712
v -0.256099 0.154349 -0.353600
v -0.284563 0.106318 -0.392899
v -0.302090 0.054200 -0.417099
v -0.308008 0.000000 -0.425271
v -0.302090 -0.054200 -0.417099
v -0.284563 -0.106318 -0.392899
v -0.256099 -0.154349 -0.353600
v -0.217795 -0.196449 -0.300712
v -0.171120 -0.231000 -0.236268
v -0.117870 -0.256674 -0.162744
v -0.060089 -0.272483 -0.082966
v -0.054079 0.272483 -0.120448
v -0.106080 0.256674 -0.236268
v -0.154004 0.231000 -0.343008
v -0.196010 0.196449 -0.436566
v -0.230483 0.154349 -0.513347
v -0.256100 0.106318 -0.570401
v -0.271874 0.054200 -0.605534
v -0.277200 0.000000 -0.617397
v -0.271874 -0.054200 -0.605534
v -0.256100 -0.106318 -0.570401
v -0.230483 -0.154349 -0.513347
v -0.196010 -0.196449 -0.436566
v -0.154004 -0.231000 -0.343008
v -0.106080 -0.256674 -0.236268
v -0.054079 -0.272483 -0.120448
v -0.045990 0.272483 -0.153301
v -0.090214 0.256674 -0.300712
v -0.130970 0.231000 -0.436566
v -0.166693 0.196449 -0.555643
v -0.196010 0.154349 -0.653367
v -0.217795 0.106318 -0.725982
v -0.231210 0.054200 -0.770699
v -0.235739 0.000000 -0.785798
v -0.231210 -0.054200 -0.770699
v -0.217795 -0.106318 -0.725982
v -0.196010 -0.154349 -0.653367
v -0.166693 -0.196449 -0.555643
v -0.130970 -0.231000 -0.436566
v -0.090214 -0.256674 -0.300712
v -0.045990 -0.272483 -0.153301
v -0.036134 0.272483 -0.180263
v -0.070880 0.256674 -0.353600
v -0.102902 0.231000 -0.513347
v -0.130970 0.196449 -0.653367
v -0.154004 0.154349 -0.768278
v -0.171120 0.106318 -0.853665
v -0.181660 0.054200 -0.906246
v -0.185219 0.000000 -0.924000
v -0.181660 -0.054200 -0.906246
v -0.171120 -0.106318 -0.853665
v -0.154004 -0.154349 -0.768278
v -0.130970 -0.196449 -0.653367
v -0.102902 -0.231000 -0.513347
v -0.070880 -0.256674 -0.353600
v -0.036134 -0.272483 -0.180263
v -0.024890 0.272483 -0.200298
v -0.048823 0.256674 -0.392899
v -0.070880 0.231000 -0.570401
v -0.090214 0.196449 -0.725982
v -0.106080 0.154349 -0.853665
v -0.117870 0.106318 -0.948542
v -0.125130 0.054200 -1.006966
v -0.127581 0.000000 -1.026694
v -0.125130 -0.054200 -1.006966
v -0.117870 -0.106318 -0.948542
v -0.106080 -0.154349 -0.853665
v -0.090214 -0.196449 -0.725982
v -0.070880 -0.231000 -0.570401
v -0.048823 -0.256674 -0.392899
v -0.024890 -0.272483 -0.200298
v -0.012689 0.272483 -0.212635
v -0.024890 0.256674 -0.417099
v -0.036134 0.231000 -0.605534
v -0.045990 0.196449 -0.770699
v -0.054079 0.154349 -0.906246
v -0.060089 0.106318 -1.006966
v -0.063791 0.054200 -1.068990
v -0.065040 0.000000 -1.089932
v -0.063791 -0.054200 -1.068990
v -0.060089 -0.106318 -1.006966
v -0.054079 -0.154349 -0.906246
v -0.045990 -0.196449 -0.770699
v -0.036134 -0.231000 -0.605534
v -0.024890 -0.256674 -0.417099
v -0.012689 -0.272483 -0.212635
v 0.000000 0.272483 -0.216801
v 0.000000 0.256674 -0.425271
v 0.000000 0.231000 -0.617397
v 0.000000 0.196449 -0.785798
v 0.000000 0.154349 -0.924000
v -0.000000 0.106318 -1.026694
v 0.000000 0.054200 -1.089933
v 0.000000 0.000000 -1.111285
v 0.000000 -0.054200 -1.089933
v -0.000000 -0.106318 -1.026694
v 0.000000 -0.154349 -0.924000
v 0.000000 -0.196449 -0.785798
v 0.000000 -0.231000 -0.617397
v 0.000000 -0.256674 -0.425271
v 0.000000 -0.272483 -0.216801
v 0.012689 0.272483 -0.212635
v 0.024890 0.256674 -0.417099
v 0.036134 0.231000 -0.605534
v 0.045990 0.196449 -0.770699
v 0.054079 0.154349 -0.906246
v 0.060089 0.106318 -1.006966
v 0.063791 0.054200 -1.068990
v 0.065040 0.000000 -1.089932
v 0.063791 -0.054200 -1.068990
v 0.060089 -0.106318 -1.006966
v 0.054079 -0.154349 -0.906246
v 0.045990 -0.196449 -0.770699
v 0.036134 -0.231000 -0.605534
v 0.024890 -0.256674 -0.417099
v 0.012689 -0.272483 -0.212635
v 0.024890 0.272483 -0.200298
v 0.048823 0.256674 -0.392899
v 0.070880 0.231000 -0.570400
v 0.090214 0.196449 -0.725982
v 0.106080 0.154349 -0.853665
v 0.117870 0.106318 -0.948542
v 0.125130 0.054200 -1.006966
v 0.127581 0.000000 -1.026694
v 0.125130 -0.054200 -1.006966
v 0.117870 -0.106318 -0.948542
v 0.106080 -0.154349 -0.853665
v 0.090214 -0.196449 -0.725982
v 0.070880 -0.231000 -0.570400
v 0.048823 -0.256674 -0.392899
v 0.024890 -0.272483 -0.200298
v 0.036134 0.272483 -0.180263
v 0.070880 0.256674 -0.353600
v 0.102902 0.231000 -0.513347
v 0.130970 0.196449 -0.653367
v 0.154004 0.154349 -0.768278
v 0.171120 0.106318 -0.853665
v 0.181660 0.054200 -0.906246
v 0.185219 0.000000 -0.924000
v 0.181660 -0.054200 -0.906246
v 0.171120 -0.106318 -0.853665
v 0.154004 -0.154349 -0.768278
v 0.130970 -0.196449 -0.653367
v 0.102902 -0.231000 -0.513347
v 0.070880 -0.256674 -0.353600
v 0.036134 -0.272483 -0.180263
v 0.045990 0.272483 -0.153301
v 0.090214 0.256674 -0.300712
v 0.130970 0.231000 -0.436566
v 0.166693 0.196449 -0.555643
v 0.196010 0.154349 -0.653367
v 0.217795 0.106318 -0.725982
v 0.231210 0.054200 -0.770699
v 0.235739 0.000000 -0.785797
v 0.231210 -0.054200 -0.770699
v 0.217795 -0.106318 -0.725982
v 0.196010 -0.154349 -0.653367
v 0.166693 -0.196449 -0.555643
v 0.130970 -0.231000 -0.436566
v 0.090214 -0.256674 -0.300712
v 0.045990 -0.272483 -0.153301
v 0.000000 -0.277822 0.000000
v 0.054079 0.272483 -0.120448
v 0.106080 0.256674 -0.236268
v 0.154004 0.231000 -0.343007
v 0.196010 0.196449 -0.436566
v 0.230483 0.154349 -0.513347
v 0.256099 0.106318 -0.570401
v 0.271874 0.054200 -0.605534
v 0.277200 0.000000 -0.617397
v 0.271874 -0.054200 -0.605534
v 0.256099 -0.106318 -0.570401
v 0.230483 -0.154349 -0.513347
v 0.196010 -0.196449 -0.436566
v 0.154004 -0.231000 -0.343007
v 0.106080 -0.256674 -0.236268
v 0.054079 -0.272483 -0.120448
v 0.060089 0.272483 -0.082966
v 0.117870 0.256674 -0.162744
v 0.171120 0.231000 -0.236267
v 0.217795 0.196449 -0.300712
v 0.256099 0.154349 -0.353599
v 0.284562 0.106318 -0.392899
v 0.302090 0.054200 -0.417099
v 0.308008 0.000000 -0.425270
v 0.302090 -0.054200 -0.417099
v 0.284562 -0.106318 -0.392899
v 0.256099 -0.154349 -0.353599
v 0.217795 -0.196449 -0.300712
v 0.171120 -0.231000 -0.236267
v 0.117870 -0.256674 -0.162744
v 0.060089 -0.272483 -0.082966
v 0.063791 0.272483 -0.042296
v 0.125130 0.256674 -0.082966
v 0.181660 0.231000 -0.120448
v 0.231210 0.196449 -0.153301
v 0.271874 0.154349 -0.180263
v 0.302090 0.106318 -0.200298
v 0.320697 0.054200 -0.212635
v 0.326980 0.000000 -0.216800
v 0.320697 -0.054200 -0.212635
v 0.302090 -0.106318 -0.200298
v 0.271874 -0.154349 -0.180263
v 0.231210 -0.196449 -0.153301
v 0.181660 -0.231000 -0.120448
v 0.125130 -0.256674 -0.082966
v 0.063791 -0.272483 -0.042296
v 0.065040 0.272483 0.000000
v 0.127581 0.256674 0.000000
v 0.185219 0.231000 0.000000
v 0.235739 0.196449 0.000000
v 0.277200 0.154349 0.000000
v 0.308008 0.106318 0.000000
v 0.326980 0.054200 0.000000
v 0.333385 0.000000 0.000000
v 0.326980 -0.054200 0.000000
v 0.308008 -0.106318 0.000000
v 0.277200 -0.154349 0.000000
v 0.235739 -0.196449 0.000000
v 0.185219 -0.231000 0.000000
v 0.127581 -0.256674 0.000000
v 0.065040 -0.272483 0.000000
v 0.063791 0.272483 0.042296
v 0.125130 0.256674 0.082966
v 0.181660 0.231000 0.120448
v 0.231210 0.196449 0.153302
v 0.271874 0.154349 0.180264
v 0.302090 0.106318 0.200298
v 0.320697 0.054200 0.212636
v 0.326980 0.000000 0.216801
v 0.320697 -0.054200 0.212636
v 0.302090 -0.106318 0.200298
v 0.271874 -0.154349 0.180264
v 0.231210 -0.196449 0.153302
v 0.181660 -0.231000 0.120448
v 0.125130 -0.256674 0.082966
v 0.063791 -0.272483 0.042296
v 0.060089 0.272483 0.082966
v 0.117870 0.256674 0.162744
v 0.171120 0.231000 0.236268
v 0.217795 0.196449 0.300712
v 0.256099 0.154349 0.353600
v 0.284562 0.106318 0.392899
v 0.302090 0.054200 0.417099
v 0.308008 0.000000 0.425271
v 0.302090 -0.054200 0.417099
v 0.284562 -0.106318 0.392899
v 0.256099 -0.154349 0.353600
v 0.217795 -0.196449 0.300712
v 0.171120 -0.231000 0.236268
v 0.117870 -0.256674 0.162744
v 0.060089 -0.272483 0.082966
v 0.054079 0.272483 0.120448
v 0.106080 0.256674 0.236268
v 0.154004 0.231000 0.343008
v 0.196010 0.196449 0.436566
v 0.230483 0.154349 0.513347
v 0.256099 0.106318 0.570401
v 0.271874 0.054200 0.605534
v 0.277200 0.000000 0.617397
v 0.271874 -0.054200 0.605534
v 0.256099 -0.106318 0.570401
v 0.230483 -0.154349 0.513347
v 0.196010 -0.196449 0.436566
v 0.154004 -0.231000 0.343008
v 0.106080 -0.256674 0.236268
v 0.054079 -0.272483 0.120448
v 0.045990 0.272483 0.153301
v 0.090213 0.256674 0.300712
v 0.130970 0.231000 0.436566
v 0.166693 0.196449 0.555643
v 0.196010 0.154349 0.653367
v 0.217795 0.106318 0.725982
v 0.231210 0.054200 0.770699
v 0.235739 0.000000 0.785797
v 0.231210 -0.054200 0.770699
v 0.217795 -0.106318 0.725982
v 0.196010 -0.154349 0.653367
v 0.166693 -0.196449 0.555643
v 0.130970 -0.231000 0.436566
v 0.090213 -0.256674 0.300712
v 0.045990 -0.272483 0.153301
v 0.036134 0.272483 0.180263
v 0.070880 0.256674 0.353600
v 0.102902 0.231000 0.513347
v 0.130970 0.196449 0.653367
v 0.154004 0.154349 0.768278
v 0.171120 0.106318 0.853665
v 0.181660 0.054200 0.906246
v 0.185219 0.000000 0.924000
v 0.181660 -0.054200 0.906246
v 0.171120 -0.106318 0.853665
v 0.154004 -0.154349 0.768278
v 0.130970 -0.196449 0.653367
v 0.102902 -0.231000 0.513347
v 0.070880 -0.256674 0.353600
v 0.036134 -0.272483 0.180263
v 0.024890 0.272483 0.200298
v 0.048823 0.256674 0.392899
v 0.070880 0.231000 0.570400
v 0.090214 0.196449 0.725982
v 0.106080 0.154349 0.853665
v 0.117870 0.106318 0.948542
v 0.125130 0.054200 1.006966
v 0.127581 0.000000 1.026693
v 0.125130 -0.054200 1.006966
v 0.117870 -0.106318 0.948542
v 0.106080 -0.154349 0.853665
v 0.090214 -0.196449 0.725982
v 0.070880 -0.231000 0.570400
v 0.048823 -0.256674 0.392899
v 0.024890 -0.272483 0.200298
v 0.012689 0.272483 0.212635
v 0.024890 0.256674 0.417099
v 0.036134 0.231000 0.605534
v 0.045990 0.196449 0.770699
v 0.054079 0.154349 0.906246
v 0.060089 0.106318 1.006966
v 0.063790 0.054200 1.068990
v 0.065040 0.000000 1.089932
v 0.063790 -0.054200 1.068990
v 0.060089 -0.106318 1.006966
v 0.054079 -0.154349 0.906246
v 0.045990 -0.196449 0.770699
v 0.036134 -0.231000 0.605534
v 0.024890 -0.256674 0.417099
v 0.012689 -0.272483 0.212635
v -0.000000 0.272483 0.216801
v -0.000000 0.256674 0.425271
v -0.000000 0.196449 0.785798
v -0.000000 0.106318 1.026694
v -0.000000 -0.106318 1.026694
v -0.000000 -0.196449 0.785798
v -0.000000 -0.231000 0.617397
v -0.000000 -0.256674 0.425271
v -0.000000 -0.272483 0.216801
v 0.000000 0.244368 0.750874
v 0.000000 0.176548 0.818677
v -0.005888 0.288527 0.655590
v -0.011549 0.270130 0.704219
v -0.016767 0.244738 0.747963
v -0.021341 0.213327 0.785140
v -0.025094 0.177102 0.814322
v -0.011549 0.288912 0.652563
v -0.022655 0.270886 0.698283
v -0.032890 0.245835 0.739345
v -0.041861 0.214722 0.774171
v -0.049224 0.178743 0.801423
v -0.016767 0.289537 0.647648
v -0.032890 0.272112 0.688642
v -0.047749 0.247616 0.725348
v -0.060773 0.216989 0.756357
v -0.071462 0.181408 0.780476
v -0.021341 0.290379 0.641034
v -0.041861 0.273763 0.675668
v -0.060773 0.250012 0.706513
v -0.077349 0.220039 0.732383
v -0.090953 0.184995 0.752286
v -0.025094 0.291404 0.632974
v -0.049224 0.275775 0.659858
v -0.071462 0.252933 0.683561
v -0.090953 0.223756 0.703172
v -0.106950 0.189366 0.717937
v 0.000000 0.299220 0.603943
v -0.027883 0.292574 0.623779
v -0.054694 0.278069 0.641822
v -0.079404 0.256264 0.657376
v -0.101062 0.227996 0.669844
v -0.118836 0.194352 0.678748
v -0.029600 0.293844 0.613802
v -0.058063 0.280560 0.622251
v -0.084295 0.259879 0.628963
v -0.107287 0.232597 0.633682
v -0.126156 0.199762 0.636226
v -0.030180 0.295164 0.603426
v -0.059201 0.283149 0.601898
v -0.085946 0.263639 0.599415
v -0.109389 0.237382 0.596075
v -0.128627 0.205389 0.592004
v -0.029600 0.296484 0.593050
v -0.058063 0.285739 0.581545
v -0.084295 0.267399 0.569867
v -0.107287 0.242167 0.558467
v -0.126156 0.211015 0.547782
v -0.027883 0.297753 0.583073
v -0.054694 0.288229 0.561974
v -0.079404 0.271014 0.541455
v -0.101062 0.246769 0.522305
v -0.118836 0.216426 0.505260
v -0.025094 0.298923 0.573878
v -0.049224 0.290524 0.543937
v -0.071461 0.274345 0.515270
v -0.090953 0.251009 0.488977
v -0.106950 0.221412 0.466071
v -0.021341 0.299949 0.565819
v -0.041861 0.292535 0.528128
v -0.060773 0.277266 0.492318
v -0.077349 0.254726 0.459766
v -0.090953 0.225782 0.431722
v -0.016767 0.300790 0.559205
v -0.032890 0.294186 0.515154
v -0.047749 0.279662 0.473482
v -0.060773 0.257776 0.435792
v -0.071461 0.229369 0.403532
v -0.011549 0.301416 0.554290
v -0.022655 0.295413 0.505513
v -0.032890 0.281443 0.459486
v -0.041861 0.260043 0.417978
v -0.049224 0.232034 0.382585
v -0.005888 0.301801 0.551263
v -0.011549 0.296168 0.499576
v -0.016767 0.282540 0.450867
v -0.021341 0.261438 0.407009
v -0.025094 0.233676 0.369686
v 0.000000 0.301931 0.550241
v 0.000000 0.296423 0.497571
v 0.000000 0.282910 0.447957
v 0.000000 0.261910 0.403305
v 0.000000 0.234230 0.365330
v 0.005888 0.301801 0.551263
v 0.011549 0.296168 0.499576
v 0.016767 0.282540 0.450867
v 0.021341 0.261438 0.407009
v 0.025094 0.233676 0.369686
v 0.011549 0.301416 0.554290
v 0.022655 0.295413 0.505513
v 0.032890 0.281443 0.459486
v 0.041861 0.260043 0.417978
v 0.049224 0.232034 0.382585
v 0.016767 0.300790 0.559205
v 0.032890 0.294186 0.515154
v 0.047749 0.279662 0.473482
v 0.060773 0.257776 0.435792
v 0.071461 0.229369 0.403532
v 0.021341 0.299949 0.565819
v 0.041861 0.292535 0.528128
v 0.060773 0.277265 0.492318
v 0.077349 0.254726 0.459766
v 0.090953 0.225782 0.431722
v 0.025094 0.298923 0.573878
v 0.049224 0.290524 0.543937
v 0.071461 0.274345 0.515270
v 0.090953 0.251009 0.488977
v 0.106950 0.221412 0.466071
v 0.027883 0.297753 0.583073
v 0.054694 0.288229 0.561974
v 0.079404 0.271014 0.541455
v 0.101062 0.246769 0.522305
v 0.118836 0.216426 0.505260
v 0.029600 0.296484 0.593050
v 0.058063 0.285739 0.581545
v 0.084295 0.267399 0.569867
v 0.107287 0.242167 0.558467
v 0.126156 0.211015 0.547782
v 0.030180 0.295164 0.603426
v 0.059201 0.283149 0.601898
v 0.085946 0.263639 0.599415
v 0.109389 0.237382 0.596075
v 0.128627 0.205389 0.592004
v 0.029600 0.293844 0.613802
v 0.058063 0.280560 0.622251
v 0.084295 0.259879 0.628963
v 0.107287 0.232597 0.633682
v 0.126156 0.199762 0.636226
v 0.027883 0.292574 0.623779
v 0.054694 0.278069 0.641822
v 0.079404 0.256264 0.657376
v 0.101062 0.227996 0.669844
v 0.118836 0.194352 0.678748
v 0.025094 0.291404 0.632974
v 0.049224 0.275775 0.659858
v 0.071461 0.252933 0.683561
v 0.090953 0.223756 0.703172
v 0.106950 0.189366 0.717937
v 0.021341 0.290379 0.641034
v 0.041861 0.273763 0.675668
v 0.060773 0.250012 0.706513
v 0.077349 0.220039 0.732383
v 0.090953 0.184995 0.752286
v 0.016767 0.289537 0.647648
v 0.032890 0.272112 0.688642
v 0.047749 0.247616 0.725348
v 0.060773 0.216989 0.756357
v 0.071461 0.181408 0.780476
v 0.011549 0.288912 0.652563
v 0.022655 0.270886 0.698283
v 0.032890 0.245835 0.739345
v 0.041861 0.214722 0.774171
v 0.049223 0.178743 0.801423
v 0.005888 0.288527 0.655590
v 0.011549 0.270130 0.704219
v 0.016767 0.244738 0.747963
v 0.021341 0.213327 0.785140
v 0.025094 0.177102 0.814322
v -0.000000 0.288397 0.656611
v -0.000000 0.269875 0.706224
v -0.000000 0.212855 0.788844
v -0.118134 0.092400 -0.646613
v -0.150356 0.078580 -0.623276
v -0.176800 0.061740 -0.604123
v -0.196449 0.042527 -0.589892
v -0.208550 0.021680 -0.581128
v -0.212635 0.000000 -0.578169
v -0.208550 -0.021680 -0.581128
v -0.196449 -0.042527 -0.589892
v -0.176800 -0.061740 -0.604123
v -0.150356 -0.078580 -0.623276
v -0.118134 -0.092400 -0.646613
v -0.118134 0.102669 -0.679133
v -0.171504 0.092400 -0.655171
v -0.218283 0.078580 -0.634168
v -0.256674 0.061740 -0.616931
v -0.285200 0.042527 -0.604123
v -0.302767 0.021680 -0.596236
v -0.308699 0.000000 -0.593573
v -0.302767 -0.021680 -0.596236
v -0.285200 -0.042527 -0.604123
v -0.256674 -0.061740 -0.616931
v -0.218283 -0.078580 -0.634168
v -0.171504 -0.092400 -0.655171
v -0.118134 -0.102669 -0.679133
v -0.150356 0.102669 -0.687066
v -0.218283 0.092400 -0.666688
v -0.277822 0.078580 -0.648826
v -0.326683 0.061740 -0.634168
v -0.362991 0.042527 -0.623276
v -0.385350 0.021680 -0.616568
v -0.392899 0.000000 -0.614303
v -0.385350 -0.021680 -0.616568
v -0.362991 -0.042527 -0.623276
v -0.326683 -0.061740 -0.634168
v -0.277822 -0.078580 -0.648826
v -0.218283 -0.092400 -0.666688
v -0.150356 -0.102669 -0.687066
v -0.176800 0.102669 -0.696733
v -0.256674 0.092400 -0.680722
v -0.326684 0.078580 -0.666688
v -0.384139 0.061740 -0.655171
v -0.426833 0.042527 -0.646613
v -0.453123 0.021680 -0.641343
v -0.462000 0.000000 -0.639563
v -0.453123 -0.021680 -0.641343
v -0.426833 -0.042527 -0.646613
v -0.384139 -0.061740 -0.655171
v -0.326684 -0.078580 -0.666688
v -0.256674 -0.092400 -0.680722
v -0.176800 -0.102669 -0.696733
v -0.196449 0.102669 -0.707761
v -0.285200 0.092400 -0.696733
v -0.362991 0.078580 -0.687066
v -0.426833 0.061740 -0.679133
v -0.474271 0.042527 -0.673238
v -0.503483 0.021680 -0.669608
v -0.513347 0.000000 -0.668382
v -0.503483 -0.021680 -0.669608
v -0.474271 -0.042527 -0.673238
v -0.426833 -0.061740 -0.679133
v -0.362991 -0.078580 -0.687066
v -0.285200 -0.092400 -0.696733
v -0.196449 -0.102669 -0.707761
v -0.208550 0.102669 -0.719728
v -0.302767 0.092400 -0.714106
v -0.385350 0.078580 -0.709178
v -0.453123 0.061740 -0.705133
v -0.503483 0.042527 -0.702128
v -0.534495 0.021680 -0.700278
v -0.544966 0.000000 -0.699653
v -0.534495 -0.021680 -0.700278
v -0.503483 -0.042527 -0.702128
v -0.453123 -0.061740 -0.705133
v -0.385350 -0.078580 -0.709178
v -0.302767 -0.092400 -0.714106
v -0.208550 -0.102669 -0.719728
v -0.212635 0.102669 -0.732173
v -0.308699 0.092400 -0.732173
v -0.392899 0.078580 -0.732173
v -0.462000 0.061740 -0.732173
v -0.513347 0.042527 -0.732173
v -0.544966 0.021680 -0.732173
v -0.555643 0.000000 -0.732173
v -0.544966 -0.021680 -0.732173
v -0.513347 -0.042527 -0.732173
v -0.462000 -0.061740 -0.732173
v -0.392899 -0.078580 -0.732173
v -0.308699 -0.092400 -0.732173
v -0.212635 -0.102669 -0.732173
v -0.208550 0.102669 -0.744618
v -0.302767 0.092400 -0.750240
v -0.385349 0.078580 -0.755168
v -0.453123 0.061740 -0.759212
v -0.503483 0.042527 -0.762218
v -0.534495 0.021680 -0.764068
v -0.544966 0.000000 -0.764693
v -0.534495 -0.021680 -0.764068
v -0.503483 -0.042527 -0.762218
v -0.453123 -0.061740 -0.759212
v -0.385349 -0.078580 -0.755168
v -0.302767 -0.092400 -0.750240
v -0.208550 -0.102669 -0.744618
v -0.196449 0.102669 -0.756585
v -0.285200 0.092400 -0.767613
v -0.362991 0.078580 -0.777280
v -0.426832 0.061740 -0.785213
v -0.474271 0.042527 -0.791108
v -0.503483 0.021680 -0.794738
v -0.513347 0.000000 -0.795964
v -0.503483 -0.021680 -0.794738
v -0.474271 -0.042527 -0.791108
v -0.426832 -0.061740 -0.785213
v -0.362991 -0.078580 -0.777280
v -0.285200 -0.092400 -0.767613
v -0.196449 -0.102669 -0.756585
v -0.176800 0.102669 -0.767613
v -0.256674 0.092400 -0.783624
v -0.326683 0.078580 -0.797658
v -0.384139 0.061740 -0.809175
v -0.426833 0.042527 -0.817733
v -0.453123 0.021680 -0.823003
v -0.462000 0.000000 -0.824783
v -0.453123 -0.021680 -0.823003
v -0.426833 -0.042527 -0.817733
v -0.384139 -0.061740 -0.809175
v -0.326683 -0.078580 -0.797658
v -0.256674 -0.092400 -0.783624
v -0.176800 -0.102669 -0.767613
v -0.150356 0.102669 -0.777280
v -0.218283 0.092400 -0.797658
v -0.277821 0.078580 -0.815519
v -0.326683 0.061740 -0.830178
v -0.362991 0.042527 -0.841070
v -0.385349 0.021680 -0.847778
v -0.392899 0.000000 -0.850043
v -0.385349 -0.021680 -0.847778
v -0.362991 -0.042527 -0.841070
v -0.326683 -0.061740 -0.830178
v -0.277821 -0.078580 -0.815519
v -0.218283 -0.092400 -0.797658
v -0.150356 -0.102669 -0.777280
v -0.118134 0.102669 -0.785213
v -0.171504 0.092400 -0.809175
v -0.218283 0.078580 -0.830178
v -0.256674 0.061740 -0.847415
v -0.285200 0.042527 -0.860223
v -0.302767 0.021680 -0.868110
v -0.308698 0.000000 -0.870773
v -0.302767 -0.021680 -0.868110
v -0.285200 -0.042527 -0.860223
v -0.256674 -0.061740 -0.847415
v -0.218283 -0.078580 -0.830178
v -0.171504 -0.092400 -0.809175
v -0.118134 -0.102669 -0.785213
v -0.118134 0.092400 -0.817733
v -0.150356 0.078580 -0.841070
v -0.176800 0.061740 -0.860223
v -0.196449 0.042527 -0.874454
v -0.208550 0.021680 -0.883218
v -0.212635 0.000000 -0.886177
v -0.208550 -0.021680 -0.883218
v -0.196449 -0.042527 -0.874454
v -0.176800 -0.061740 -0.860223
v -0.150356 -0.078580 -0.841070
v -0.118134 -0.092400 -0.817733
v -0.076651 0.078580 -0.847778
v -0.090132 0.061740 -0.868110
v -0.100149 0.042527 -0.883218
v -0.106318 0.021680 -0.892521
v -0.108400 0.000000 -0.895663
v -0.106318 -0.021680 -0.892521
v -0.100149 -0.042527 -0.883218
v -0.090132 -0.061740 -0.868110
v -0.076651 -0.078580 -0.847778
v 0.076651 0.078580 -0.847778
v 0.090132 0.061740 -0.868110
v 0.100149 0.042527 -0.883218
v 0.106318 0.021680 -0.892521
v 0.108401 0.000000 -0.895663
v 0.106318 -0.021680 -0.892521
v 0.100149 -0.042527 -0.883218
v 0.090132 -0.061740 -0.868110
v 0.076651 -0.078580 -0.847778
v 0.118134 0.092400 -0.817733
v 0.150356 0.078580 -0.841070
v 0.176800 0.061740 -0.860223
v 0.196449 0.042527 -0.874454
v 0.208550 0.021680 -0.883218
v 0.212635 0.000000 -0.886177
v 0.208550 -0.021680 -0.883218
v 0.196449 -0.042527 -0.874454
v 0.176800 -0.061740 -0.860223
v 0.150356 -0.078580 -0.841070
v 0.118134 -0.092400 -0.817733
v 0.118134 0.102669 -0.785213
v 0.171504 0.092400 -0.809175
v 0.218283 0.078580 -0.830178
v 0.256674 0.061740 -0.847415
v 0.285200 0.042527 -0.860223
v 0.302767 0.021680 -0.868110
v 0.308699 0.000000 -0.870773
v 0.302767 -0.021680 -0.868110
v 0.285200 -0.042527 -0.860223
v 0.256674 -0.061740 -0.847415
v 0.218283 -0.078580 -0.830178
v 0.171504 -0.092400 -0.809175
v 0.118134 -0.102669 -0.785213
v 0.150356 0.102669 -0.777280
v 0.218283 0.092400 -0.797658
v 0.277821 0.078580 -0.815519
v 0.326683 0.061740 -0.830178
v 0.362991 0.042527 -0.841070
v 0.385349 0.021680 -0.847778
v 0.392899 0.000000 -0.850042
v 0.385349 -0.021680 -0.847778
v 0.362991 -0.042527 -0.841070
v 0.326683 -0.061740 -0.830178
v 0.277821 -0.078580 -0.815519
v 0.218283 -0.092400 -0.797658
v 0.150356 -0.102669 -0.777280
v 0.176800 0.102669 -0.767613
v 0.256673 0.092400 -0.783624
v 0.326683 0.078580 -0.797658
v 0.384139 0.061740 -0.809175
v 0.426832 0.042527 -0.817733
v 0.453123 0.021680 -0.823003
v 0.462000 0.000000 -0.824782
v 0.453123 -0.021680 -0.823003
v 0.426832 -0.042527 -0.817733
v 0.384139 -0.061740 -0.809175
v 0.326683 -0.078580 -0.797658
v 0.256673 -0.092400 -0.783624
v 0.176800 -0.102669 -0.767613
v 0.196449 0.102669 -0.756585
v 0.285200 0.092400 -0.767613
v 0.362991 0.078580 -0.777280
v 0.426832 0.061740 -0.785213
v 0.474271 0.042527 -0.791108
v 0.503483 0.021680 -0.794738
v 0.513347 0.000000 -0.795963
v 0.503483 -0.021680 -0.794738
v 0.474271 -0.042527 -0.791108
v 0.426832 -0.061740 -0.785213
v 0.362991 -0.078580 -0.777280
v 0.285200 -0.092400 -0.767613
v 0.196449 -0.102669 -0.756585
v 0.208550 0.102669 -0.744618
v 0.302767 0.092400 -0.750240
v 0.385349 0.078580 -0.755168
v 0.453123 0.061740 -0.759212
v 0.503483 0.042527 -0.762218
v 0.534495 0.021680 -0.764068
v 0.544966 0.000000 -0.764693
v 0.534495 -0.021680 -0.764068
v 0.503483 -0.042527 -0.762218
v 0.453123 -0.061740 -0.759212
v 0.385349 -0.078580 -0.755168
v 0.302767 -0.092400 -0.750240
v 0.208550 -0.102669 -0.744618
v 0.212635 0.102669 -0.732173
v 0.308698 0.092400 -0.732173
v 0.392899 0.078580 -0.732173
v 0.462000 0.061740 -0.732173
v 0.513347 0.042527 -0.732173
v 0.544966 0.021680 -0.732173
v 0.555643 0.000000 -0.732173
v 0.544966 -0.021680 -0.732173
v 0.513347 -0.042527 -0.732173
v 0.462000 -0.061740 -0.732173
v 0.392899 -0.078580 -0.732173
v 0.308698 -0.092400 -0.732173
v 0.212635 -0.102669 -0.732173
v 0.208550 0.102669 -0.719728
v 0.302767 0.092400 -0.714106
v 0.385349 0.078580 -0.709178
v 0.453123 0.061740 -0.705133
v 0.503483 0.042527 -0.702128
v 0.534495 0.021680 -0.700278
v 0.544966 0.000000 -0.699653
v 0.534495 -0.021680 -0.700278
v 0.503483 -0.042527 -0.702128
v 0.453123 -0.061740 -0.705133
v 0.385349 -0.078580 -0.709178
v 0.302767 -0.092400 -0.714106
v 0.208550 -0.102669 -0.719728
v 0.196449 0.102669 -0.707761
v 0.285200 0.092400 -0.696733
v 0.362991 0.078580 -0.687066
v 0.426832 0.061740 -0.679133
v 0.474271 0.042527 -0.673238
v 0.503483 0.021680 -0.669608
v 0.513347 0.000000 -0.668382
v 0.503483 -0.021680 -0.669608
v 0.474271 -0.042527 -0.673238
v 0.426832 -0.061740 -0.679133
v 0.362991 -0.078580 -0.687066
v 0.285200 -0.092400 -0.696733
v 0.196449 -0.102669 -0.707761
v 0.176800 0.102669 -0.696733
v 0.256673 0.092400 -0.680722
v 0.326683 0.078580 -0.666688
v 0.384139 0.061740 -0.655171
v 0.426832 0.042527 -0.646613
v 0.453123 0.021680 -0.641343
v 0.462000 0.000000 -0.639563
v 0.453123 -0.021680 -0.641343
v 0.426832 -0.042527 -0.646613
v 0.384139 -0.061740 -0.655171
v 0.326683 -0.078580 -0.666688
v 0.256673 -0.092400 -0.680722
v 0.176800 -0.102669 -0.696733
v 0.150356 0.102669 -0.687066
v 0.218283 0.092400 -0.666688
v 0.277821 0.078580 -0.648826
v 0.326683 0.061740 -0.634168
v 0.362991 0.042527 -0.623276
v 0.385349 0.021680 -0.616568
v 0.392898 0.000000 -0.614303
v 0.385349 -0.021680 -0.616568
v 0.362991 -0.042527 -0.623276
v 0.326683 -0.061740 -0.634168
v 0.277821 -0.078580 -0.648826
v 0.218283 -0.092400 -0.666688
v 0.150356 -0.102669 -0.687066
v 0.118134 0.102669 -0.679133
v 0.171504 0.092400 -0.655171
v 0.218283 0.078580 -0.634168
v 0.256673 0.061740 -0.616931
v 0.285200 0.042527 -0.604123
v 0.302767 0.021680 -0.596236
v 0.308698 0.000000 -0.593573
v 0.302767 -0.021680 -0.596236
v 0.285200 -0.042527 -0.604123
v 0.256673 -0.061740 -0.616931
v 0.218283 -0.078580 -0.634168
v 0.171504 -0.092400 -0.655171
v 0.118134 -0.102669 -0.679133
v 0.118134 0.092400 -0.646613
v 0.150356 0.078580 -0.623276
v 0.176800 0.061740 -0.604123
v 0.196449 0.042527 -0.589892
v 0.208549 0.021680 -0.581128
v 0.212635 0.000000 -0.578169
v 0.208549 -0.021680 -0.581128
v 0.196449 -0.042527 -0.589892
v 0.176800 -0.061740 -0.604123
v 0.150356 -0.078580 -0.623276
v 0.118134 -0.092400 -0.646613
v 0.000000 0.161879 0.291787
v 0.000000 0.137351 0.362306
v 0.000000 0.105303 0.400470
v 0.000000 0.087959 0.405382
v 0.000000 0.070615 0.400470
v 0.000000 0.038567 0.362306
v -0.046525 0.175154 0.198692
v -0.106267 0.170095 0.234138
v -0.199405 0.161879 0.229811
v -0.245344 0.150823 0.253809
v -0.283044 0.137351 0.273503
v -0.311059 0.121981 0.288138
v -0.328309 0.105303 0.297149
v -0.334134 0.087959 0.300192
v -0.328309 0.070615 0.297149
v -0.311059 0.053937 0.288138
v -0.283044 0.038567 0.273503
v -0.245344 0.025095 0.253809
v -0.199405 0.014039 0.229811
v -0.106267 0.005824 0.234138
v -0.046525 0.000765 0.198692
v -0.103471 0.175154 0.184352
v -0.228348 0.170095 0.167984
v -0.317512 0.161879 0.179800
v -0.395666 0.150823 0.190156
v -0.459804 0.137351 0.198656
v -0.507463 0.121981 0.204971
v -0.536812 0.105303 0.208860
v -0.546721 0.087959 0.210174
v -0.536812 0.070615 0.208860
v -0.507463 0.053937 0.204971
v -0.459804 0.038567 0.198656
v -0.395666 0.025095 0.190156
v -0.317512 0.014039 0.179800
v -0.228348 0.005824 0.167984
v -0.103471 0.000765 0.184352
v -0.169207 0.175154 0.137090
v -0.302117 0.170095 0.132531
v -0.424608 0.161879 0.128329
v -0.531973 0.150823 0.124646
v -0.620084 0.137351 0.121624
v -0.685557 0.121981 0.119378
v -0.725875 0.105303 0.117996
v -0.739488 0.087959 0.117529
v -0.725875 0.070615 0.117996
v -0.685557 0.053937 0.119378
v -0.620084 0.038567 0.121624
v -0.531973 0.025095 0.124646
v -0.424608 0.014039 0.128329
v -0.302117 0.005824 0.132531
v -0.169207 0.000765 0.137090
v -0.201502 0.175154 0.119198
v -0.365467 0.170095 0.097434
v -0.516577 0.161879 0.077377
v -0.649027 0.150823 0.059797
v -0.757726 0.137351 0.045369
v -0.838497 0.121981 0.034648
v -0.888234 0.105303 0.028047
v -0.905028 0.087959 0.025818
v -0.888234 0.070615 0.028047
v -0.838497 0.053937 0.034648
v -0.757726 0.038567 0.045369
v -0.649027 0.025095 0.059797
v -0.516577 0.014039 0.077377
v -0.365467 0.005824 0.097434
v -0.201502 0.000765 0.119198
v -0.227244 0.175154 0.102175
v -0.415962 0.170095 0.064044
v -0.589885 0.161879 0.028902
v -0.742331 0.150823 -0.001900
v -0.867439 0.137351 -0.027179
v -0.960403 0.121981 -0.045962
v -1.017650 0.105303 -0.057529
v -1.036979 0.087959 -0.061435
v -1.017650 0.070615 -0.057529
v -0.960403 0.053937 -0.045962
v -0.867439 0.038567 -0.027179
v -0.742331 0.025095 -0.001900
v -0.589885 0.014039 0.028902
v -0.415962 0.005824 0.064044
v -0.227244 0.000765 0.102175
v 0.000000 0.176862 0.149786
v -0.245444 0.175154 0.086677
v -0.451663 0.170095 0.033643
v -0.641715 0.161879 -0.015233
v -0.808298 0.150823 -0.058074
v -0.945008 0.137351 -0.093232
v -1.046593 0.121981 -0.119357
v -1.109149 0.105303 -0.135444
v -1.130271 0.087959 -0.140876
v -1.109149 0.070615 -0.135444
v -1.046593 0.053937 -0.119357
v -0.945008 0.038567 -0.093232
v -0.808298 0.025095 -0.058074
v -0.641715 0.014039 -0.015233
v -0.451663 0.005824 0.033643
v -0.245444 0.000765 0.086677
v -0.255403 0.175154 0.073298
v -0.471198 0.170095 0.007400
v -0.670075 0.161879 -0.053332
v -0.844393 0.150823 -0.106565
v -0.987451 0.137351 -0.150251
v -1.093754 0.121981 -0.182714
v -1.159214 0.105303 -0.202704
v -1.181317 0.087959 -0.209453
v -1.159214 0.070615 -0.202704
v -1.093754 0.053937 -0.182714
v -0.987451 0.038567 -0.150251
v -0.844393 0.025095 -0.106565
v -0.670075 0.014039 -0.053332
v -0.471198 0.005824 0.007400
v -0.255403 0.000765 0.073298
v -0.256737 0.175154 0.062553
v -0.473815 0.170095 -0.013677
v -0.673875 0.161879 -0.083932
v -0.849229 0.150823 -0.145510
v -0.993138 0.137351 -0.196047
v -1.100073 0.121981 -0.233598
v -1.165922 0.105303 -0.256723
v -1.188156 0.087959 -0.264531
v -1.165922 0.070615 -0.256723
v -1.100073 0.053937 -0.233598
v -0.993138 0.038567 -0.196047
v -0.849229 0.025095 -0.145510
v -0.673875 0.014039 -0.083932
v -0.473815 0.005824 -0.013677
v -0.256737 0.000765 0.062553
v -0.249396 0.175154 0.054855
v -0.459415 0.170095 -0.028778
v -0.652969 0.161879 -0.105855
v -0.822621 0.150823 -0.173414
v -0.961850 0.137351 -0.228857
v -1.065307 0.121981 -0.270056
v -1.129015 0.105303 -0.295426
v -1.150527 0.087959 -0.303992
v -1.129015 0.070615 -0.295426
v -1.065307 0.053937 -0.270056
v -0.961850 0.038567 -0.228857
v -0.822621 0.025095 -0.173414
v -0.652969 0.014039 -0.105855
v -0.459415 0.005824 -0.028778
v -0.249396 0.000765 0.054855
v -0.233661 0.175154 0.050499
v -0.428550 0.170095 -0.037323
v -0.608160 0.161879 -0.118260
v -0.765590 0.150823 -0.189202
v -0.894789 0.137351 -0.247423
v -0.990793 0.121981 -0.290685
v -1.049912 0.105303 -0.317325
v -1.069873 0.087959 -0.326320
v -1.049912 0.070615 -0.317325
v -0.990793 0.053937 -0.290685
v -0.894789 0.038567 -0.247423
v -0.765590 0.025095 -0.189202
v -0.608160 0.014039 -0.118260
v -0.428550 0.005824 -0.037323
v -0.233661 0.000765 0.050499
v -0.210138 0.175154 0.049653
v -0.382407 0.170095 -0.038983
v -0.541171 0.161879 -0.120670
v -0.680329 0.150823 -0.192269
v -0.794533 0.137351 -0.251029
v -0.879394 0.121981 -0.294692
v -0.931651 0.105303 -0.321579
v -0.949296 0.087959 -0.330658
v -0.931651 0.070615 -0.321579
v -0.879394 0.053937 -0.294692
v -0.794533 0.038567 -0.251029
v -0.680329 0.025095 -0.192269
v -0.541171 0.014039 -0.120670
v -0.382407 0.005824 -0.038983
v -0.210138 0.000765 0.049653
v -0.179730 0.175154 0.052349
v -0.322759 0.170095 -0.033694
v -0.454576 0.161879 -0.112992
v -0.570114 0.150823 -0.182497
v -0.664934 0.137351 -0.239539
v -0.735391 0.121981 -0.281924
v -0.778779 0.105303 -0.308025
v -0.793428 0.087959 -0.316838
v -0.778779 0.070615 -0.308025
v -0.735391 0.053937 -0.281924
v -0.664934 0.038567 -0.239539
v -0.570114 0.025095 -0.182497
v -0.454576 0.014039 -0.112992
v -0.322759 0.005824 -0.033694
v -0.179730 0.000765 0.052349
v -0.143605 0.175154 0.058484
v -0.251898 0.170095 -0.021660
v -0.351702 0.161879 -0.095522
v -0.439180 0.150823 -0.160262
v -0.510972 0.137351 -0.213392
v -0.564318 0.121981 -0.252872
v -0.597169 0.105303 -0.277183
v -0.608261 0.087959 -0.285392
v -0.597169 0.070615 -0.277183
v -0.564318 0.053937 -0.252872
v -0.510972 0.038567 -0.213392
v -0.439180 0.025095 -0.160262
v -0.351702 0.014039 -0.095522
v -0.251898 0.005824 -0.021660
v -0.143605 0.000765 0.058484
v -0.098305 0.175154 0.092360
v -0.172548 0.170095 -0.003344
v -0.236503 0.161879 -0.068930
v -0.292560 0.150823 -0.126416
v -0.338565 0.137351 -0.173594
v -0.372750 0.121981 -0.208651
v -0.393800 0.105303 -0.230239
v -0.400909 0.087959 -0.237528
v -0.393800 0.070615 -0.230239
v -0.372750 0.053937 -0.208651
v -0.338565 0.038567 -0.173594
v -0.292560 0.025095 -0.126416
v -0.236503 0.014039 -0.068930
v -0.172548 0.005824 -0.003344
v -0.098305 0.000765 0.092360
v -0.046525 0.175154 0.100880
v -0.095510 0.170095 0.042574
v -0.113406 0.161879 -0.034238
v -0.135888 0.150823 -0.082263
v -0.154338 0.137351 -0.121675
v -0.168047 0.121981 -0.150961
v -0.176490 0.105303 -0.168996
v -0.179340 0.087959 -0.175085
v -0.176490 0.070615 -0.168996
v -0.168047 0.053937 -0.150961
v -0.154338 0.038567 -0.121675
v -0.135888 0.025095 -0.082263
v -0.113406 0.014039 -0.034238
v -0.095510 0.005824 0.042574
v -0.046525 0.000765 0.100880
v 0.000000 0.175154 0.099921
v 0.000000 0.000765 0.099921
v 0.046525 0.175154 0.100880
v 0.095510 0.170095 0.042574
v 0.113406 0.161879 -0.034238
v 0.135888 0.150823 -0.082263
v 0.154338 0.137351 -0.121675
v 0.168047 0.121981 -0.150961
v 0.176490 0.105303 -0.168996
v 0.179340 0.087959 -0.175085
v 0.176490 0.070615 -0.168996
v 0.168047 0.053937 -0.150961
v 0.154338 0.038567 -0.121675
v 0.135888 0.025095 -0.082263
v 0.113406 0.014039 -0.034238
v 0.095510 0.005824 0.042574
v 0.046525 0.000765 0.100880
v 0.098305 0.175154 0.092360
v 0.172548 0.170095 -0.003344
v 0.236503 0.161879 -0.068930
v 0.292560 0.150823 -0.126416
v 0.338565 0.137351 -0.173594
v 0.372750 0.121981 -0.208651
v 0.393800 0.105303 -0.230239
v 0.400909 0.087959 -0.237528
v 0.393800 0.070615 -0.230239
v 0.372750 0.053937 -0.208651
v 0.338565 0.038567 -0.173594
v 0.292560 0.025095 -0.126416
v 0.236503 0.014039 -0.068930
v 0.172548 0.005824 -0.003344
v 0.098305 0.000765 0.092360
v 0.143605 0.175154 0.058484
v 0.251898 0.170095 -0.021660
v 0.351702 0.161879 -0.095522
v 0.439180 0.150823 -0.160262
v 0.510972 0.137351 -0.213392
v 0.564318 0.121981 -0.252872
v 0.597169 0.105303 -0.277183
v 0.608261 0.087959 -0.285392
v 0.597169 0.070615 -0.277183
v 0.564318 0.053937 -0.252872
v 0.510972 0.038567 -0.213392
v 0.439180 0.025095 -0.160262
v 0.351702 0.014039 -0.095522
v 0.251898 0.005824 -0.021660
v 0.143605 0.000765 0.058484
v 0.179730 0.175154 0.052349
v 0.322759 0.170095 -0.033694
v 0.454576 0.161879 -0.112992
v 0.570114 0.150823 -0.182497
v 0.664934 0.137351 -0.239539
v 0.735391 0.121981 -0.281924
v 0.778779 0.105303 -0.308025
v 0.793428 0.087959 -0.316838
v 0.778779 0.070615 -0.308025
v 0.735391 0.053937 -0.281924
v 0.664934 0.038567 -0.239539
v 0.570114 0.025095 -0.182497
v 0.454576 0.014039 -0.112992
v 0.322759 0.005824 -0.033694
v 0.179730 0.000765 0.052349
v 0.000000 -0.000944 0.149786
v 0.210138 0.175154 0.049653
v 0.382407 0.170095 -0.038983
v 0.541171 0.161879 -0.120670
v 0.680329 0.150823 -0.192269
v 0.794533 0.137351 -0.251029
v 0.879394 0.121981 -0.294692
v 0.931651 0.105303 -0.321579
v 0.949296 0.087959 -0.330658
v 0.931651 0.070615 -0.321579
v 0.879394 0.053937 -0.294692
v 0.794533 0.038567 -0.251029
v 0.680329 0.025095 -0.192269
v 0.541171 0.014039 -0.120670
v 0.382407 0.005824 -0.038983
v 0.210138 0.000765 0.049653
v 0.233661 0.175154 0.050499
v 0.428550 0.170095 -0.037323
v 0.608160 0.161879 -0.118260
v 0.765590 0.150823 -0.189202
v 0.894789 0.137351 -0.247423
v 0.990793 0.121981 -0.290685
v 1.049912 0.105303 -0.317325
v 1.069873 0.087959 -0.326320
v 1.049912 0.070615 -0.317325
v 0.990793 0.053937 -0.290685
v 0.894789 0.038567 -0.247423
v 0.765590 0.025095 -0.189202
v 0.608160 0.014039 -0.118260
v 0.428550 0.005824 -0.037323
v 0.233661 0.000765 0.050499
v 0.249396 0.175154 0.054855
v 0.459415 0.170095 -0.028778
v 0.652969 0.161879 -0.105855
v 0.822621 0.150823 -0.173414
v 0.961850 0.137351 -0.228857
v 1.065307 0.121981 -0.270056
v 1.129015 0.105303 -0.295426
v 1.150527 0.087959 -0.303992
v 1.129015 0.070615 -0.295426
v 1.065307 0.053937 -0.270056
v 0.961850 0.038567 -0.228857
v 0.822621 0.025095 -0.173414
v 0.652969 0.014039 -0.105855
v 0.459415 0.005824 -0.028778
v 0.249396 0.000765 0.054855
v 0.256737 0.175154 0.062553
v 0.473815 0.170095 -0.013677
v 0.673875 0.161879 -0.083932
v 0.849229 0.150823 -0.145510
v 0.993138 0.137351 -0.196047
v 1.100073 0.121981 -0.233598
v 1.165922 0.105303 -0.256723
v 1.188156 0.087959 -0.264531
v 1.165922 0.070615 -0.256723
v 1.100073 0.053937 -0.233598
v 0.993138 0.038567 -0.196047
v 0.849229 0.025095 -0.145510
v 0.673875 0.014039 -0.083932
v 0.473815 0.005824 -0.013677
v 0.256737 0.000765 0.062553
v 0.255403 0.175154 0.073298
v 0.471198 0.170095 0.007400
v 0.670075 0.161879 -0.053332
v 0.844393 0.150823 -0.106565
v 0.987451 0.137351 -0.150251
v 1.093754 0.121981 -0.182714
v 1.159214 0.105303 -0.202704
v 1.181317 0.087959 -0.209453
v 1.159214 0.070615 -0.202704
v 1.093754 0.053937 -0.182714
v 0.987451 0.038567 -0.150251
v 0.844393 0.025095 -0.106565
v 0.670075 0.014039 -0.053332
v 0.471198 0.005824 0.007400
v 0.255403 0.000765 0.073298
v 0.245444 0.175154 0.086677
v 0.451663 0.170095 0.033643
v 0.641715 0.161879 -0.015233
v 0.808298 0.150823 -0.058074
v 0.945008 0.137351 -0.093232
v 1.046593 0.121981 -0.119357
v 1.109149 0.105303 -0.135444
v 1.130271 0.087959 -0.140876
v 1.109149 0.070615 -0.135444
v 1.046593 0.053937 -0.119357
v 0.945008 0.038567 -0.093232
v 0.808298 0.025095 -0.058074
v 0.641715 0.014039 -0.015233
v 0.451663 0.005824 0.033643
v 0.245444 0.000765 0.086677
v 0.227244 0.175154 0.102175
v 0.415962 0.170095 0.064044
v 0.589885 0.161879 0.028902
v 0.742331 0.150823 -0.001900
v 0.867439 0.137351 -0.027179
v 0.960403 0.121981 -0.045962
v 1.017650 0.105303 -0.057529
v 1.036979 0.087959 -0.061435
v 1.017650 0.070615 -0.057529
v 0.960403 0.053937 -0.045962
v 0.867439 0.038567 -0.027179
v 0.742331 0.025095 -0.001900
v 0.589885 0.014039 0.028902
v 0.415962 0.005824 0.064044
v 0.227244 0.000765 0.102175
v 0.201502 0.175154 0.119198
v 0.365467 0.170095 0.097434
v 0.516577 0.161879 0.077377
v 0.649027 0.150823 0.059797
v 0.757726 0.137351 0.045369
v 0.838497 0.121981 0.034648
v 0.888234 0.105303 0.028047
v 0.905028 0.087959 0.025818
v 0.888234 0.070615 0.028047
v 0.838497 0.053937 0.034648
v 0.757726 0.038567 0.045369
v 0.649027 0.025095 0.059797
v 0.516577 0.014039 0.077377
v 0.365467 0.005824 0.097434
v 0.201502 0.000765 0.119198
v 0.169207 0.175154 0.137090
v 0.302117 0.170095 0.132531
v 0.424608 0.161879 0.128329
v 0.531973 0.150823 0.124646
v 0.620084 0.137351 0.121624
v 0.685557 0.121981 0.119378
v 0.725875 0.105303 0.117996
v 0.739488 0.087959 0.117529
v 0.725875 0.070615 0.117996
v 0.685557 0.053937 0.119378
v 0.620084 0.038567 0.121624
v 0.531973 0.025095 0.124646
v 0.424608 0.014039 0.128329
v 0.302117 0.005824 0.132531
v 0.169207 0.000765 0.137090
v 0.103471 0.175154 0.184352
v 0.228348 0.170095 0.167984
v 0.317512 0.161879 0.179800
v 0.395666 0.150823 0.190156
v 0.459804 0.137351 0.198656
v 0.507463 0.121981 0.204971
v 0.536812 0.105303 0.208860
v 0.546721 0.087959 0.210174
v 0.536812 0.070615 0.208860
v 0.507463 0.053937 0.204971
v 0.459804 0.038567 0.198656
v 0.395666 0.025095 0.190156
v 0.317512 0.014039 0.179800
v 0.228348 0.005824 0.167984
v 0.103471 0.000765 0.184352
v 0.046525 0.175154 0.198692
v 0.106267 0.170095 0.234138
v 0.199405 0.161879 0.229811
v 0.245344 0.150823 0.253809
v 0.283044 0.137351 0.273503
v 0.311059 0.121981 0.288138
v 0.328309 0.105303 0.297149
v 0.334134 0.087959 0.300192
v 0.328309 0.070615 0.297149
v 0.311059 0.053937 0.288138
v 0.283044 0.038567 0.273503
v 0.245344 0.025095 0.253809
v 0.199405 0.014039 0.229811
v 0.106267 0.005824 0.234138
v 0.046525 0.000765 0.198692
v -0.000000 0.175154 0.199650
v -0.000000 0.170095 0.247598
v -0.000000 0.150823 0.330519
v -0.000000 0.121981 0.385925
v -0.000000 0.053937 0.385925
v -0.000000 0.025095 0.330519
v -0.000000 0.014039 0.291787
v -0.000000 0.005824 0.247598
v -0.000000 0.000765 0.199650
v 0.000000 0.425286 -0.631764
v 0.000000 0.326893 -0.539728
v 0.000000 0.215407 -0.477973
v -0.003384 0.476956 -0.735042
v -0.006637 0.461246 -0.685674
v -0.009636 0.424991 -0.633518
v -0.012264 0.378441 -0.584021
v -0.014421 0.326452 -0.542354
v -0.016024 0.273689 -0.508536
v -0.017011 0.214887 -0.481071
v -0.006637 0.476649 -0.736867
v -0.013020 0.460645 -0.689254
v -0.018901 0.424118 -0.638716
v -0.024057 0.377330 -0.590635
v -0.028288 0.325145 -0.550132
v -0.031432 0.272237 -0.517179
v -0.033368 0.213345 -0.490246
v -0.009636 0.476151 -0.739830
v -0.018901 0.459668 -0.695067
v -0.027441 0.422700 -0.647155
v -0.034925 0.375525 -0.601377
v -0.041068 0.323022 -0.562763
v -0.045632 0.269878 -0.531213
v -0.048443 0.210841 -0.505145
v -0.012264 0.475481 -0.743819
v -0.024057 0.458353 -0.702891
v -0.034925 0.420791 -0.658513
v -0.044451 0.373095 -0.615833
v -0.052269 0.320166 -0.579761
v -0.058079 0.266704 -0.550101
v -0.061656 0.207471 -0.525196
v -0.014421 0.474664 -0.748679
v -0.028288 0.456751 -0.712424
v -0.041068 0.418465 -0.672353
v -0.052269 0.370135 -0.633448
v -0.061462 0.316685 -0.600474
v -0.068293 0.262836 -0.573115
v -0.072500 0.203366 -0.549628
v 0.000000 0.485208 -0.768771
v -0.016024 0.473733 -0.754223
v -0.031432 0.454923 -0.723300
v -0.045632 0.415812 -0.688142
v -0.058079 0.366758 -0.653544
v -0.068293 0.312714 -0.624105
v -0.075883 0.258424 -0.599373
v -0.080557 0.198681 -0.577502
v -0.017011 0.472721 -0.760239
v -0.033368 0.452940 -0.735101
v -0.048443 0.412933 -0.705275
v -0.061656 0.363094 -0.675350
v -0.072500 0.308405 -0.649746
v -0.080557 0.253636 -0.627863
v -0.085519 0.193599 -0.607748
v -0.017344 0.471670 -0.766496
v -0.034022 0.450878 -0.747374
v -0.049392 0.409938 -0.723093
v -0.062864 0.359283 -0.698027
v -0.073920 0.303924 -0.676411
v -0.082136 0.248657 -0.657492
v -0.087195 0.188313 -0.639202
v -0.017011 0.470619 -0.772753
v -0.033368 0.448815 -0.759647
v -0.048443 0.406944 -0.740910
v -0.061656 0.355472 -0.720704
v -0.072500 0.299443 -0.703077
v -0.080557 0.243678 -0.687122
v -0.085519 0.183027 -0.670656
v -0.016024 0.469608 -0.778769
v -0.031432 0.446832 -0.771448
v -0.045632 0.404065 -0.758043
v -0.058079 0.351807 -0.742510
v -0.068293 0.295134 -0.728718
v -0.075883 0.238890 -0.715612
v -0.080557 0.177944 -0.700902
v -0.014421 0.468676 -0.784313
v -0.028288 0.445004 -0.782324
v -0.041068 0.401412 -0.773832
v -0.052269 0.348430 -0.762606
v -0.061462 0.291162 -0.752349
v -0.068293 0.234477 -0.741869
v -0.072500 0.173260 -0.728776
v -0.012264 0.467859 -0.789173
v -0.024057 0.443402 -0.791857
v -0.034925 0.399086 -0.787672
v -0.044451 0.345470 -0.780221
v -0.052269 0.287682 -0.773061
v -0.058079 0.230610 -0.764884
v -0.061656 0.169154 -0.753208
v -0.009636 0.467189 -0.793162
v -0.018901 0.442087 -0.799680
v -0.027441 0.397177 -0.799030
v -0.034925 0.343041 -0.794677
v -0.041068 0.284825 -0.790059
v -0.045632 0.227436 -0.783772
v -0.048443 0.165784 -0.773259
v -0.006637 0.466691 -0.796125
v -0.013020 0.441110 -0.805494
v -0.018901 0.395759 -0.807469
v -0.024057 0.341236 -0.805418
v -0.028288 0.282702 -0.802690
v -0.031432 0.225077 -0.797806
v -0.033368 0.163280 -0.788159
v -0.003384 0.466384 -0.797950
v -0.006637 0.440509 -0.809074
v -0.009636 0.394885 -0.812667
v -0.012264 0.340124 -0.812033
v -0.014421 0.281395 -0.810468
v -0.016024 0.223625 -0.806449
v -0.017011 0.161739 -0.797333
v 0.000000 0.466281 -0.798567
v 0.000000 0.440306 -0.810282
v 0.000000 0.394590 -0.814421
v 0.000000 0.339749 -0.814267
v 0.000000 0.280954 -0.813095
v -0.000000 0.223134 -0.809367
v 0.000000 0.161218 -0.800431
v 0.003384 0.466384 -0.797950
v 0.006637 0.440509 -0.809074
v 0.009636 0.394885 -0.812667
v 0.012264 0.340124 -0.812033
v 0.014421 0.281395 -0.810468
v 0.016024 0.223625 -0.806449
v 0.017011 0.161739 -0.797333
v 0.006637 0.466691 -0.796125
v 0.013020 0.441110 -0.805494
v 0.018901 0.395759 -0.807469
v 0.024057 0.341236 -0.805418
v 0.028288 0.282702 -0.802690
v 0.031432 0.225077 -0.797806
v 0.033368 0.163280 -0.788158
v 0.009636 0.467189 -0.793162
v 0.018901 0.442087 -0.799680
v 0.027441 0.397177 -0.799030
v 0.034925 0.343041 -0.794677
v 0.041068 0.284825 -0.790059
v 0.045632 0.227436 -0.783772
v 0.048443 0.165784 -0.773259
v 0.012264 0.467859 -0.789173
v 0.024057 0.443402 -0.791857
v 0.034925 0.399086 -0.787672
v 0.044451 0.345470 -0.780221
v 0.052269 0.287682 -0.773061
v 0.058079 0.230610 -0.764884
v 0.061656 0.169154 -0.753208
v 0.014421 0.468676 -0.784313
v 0.028288 0.445004 -0.782324
v 0.041068 0.401412 -0.773832
v 0.052269 0.348430 -0.762606
v 0.061462 0.291162 -0.752349
v 0.068293 0.234477 -0.741869
v 0.072500 0.173260 -0.728776
v 0.016024 0.469608 -0.778769
v 0.031432 0.446832 -0.771448
v 0.045632 0.404065 -0.758043
v 0.058079 0.351807 -0.742510
v 0.068293 0.295134 -0.728718
v 0.075883 0.238890 -0.715612
v 0.080557 0.177944 -0.700902
v 0.017011 0.470619 -0.772753
v 0.033368 0.448815 -0.759647
v 0.048443 0.406944 -0.740910
v 0.061656 0.355472 -0.720704
v 0.072500 0.299443 -0.703077
v 0.080557 0.243678 -0.687122
v 0.085519 0.183027 -0.670656
v 0.017344 0.471670 -0.766496
v 0.034022 0.450878 -0.747374
v 0.049392 0.409938 -0.723092
v 0.062864 0.359283 -0.698027
v 0.073920 0.303924 -0.676411
v 0.082136 0.248657 -0.657492
v 0.087195 0.188313 -0.639202
v 0.017011 0.472721 -0.760239
v 0.033368 0.452940 -0.735101
v 0.048443 0.412933 -0.705275
v 0.061656 0.363094 -0.675350
v 0.072500 0.308405 -0.649746
v 0.080557 0.253636 -0.627863
v 0.085519 0.193599 -0.607748
v 0.016024 0.473733 -0.754223
v 0.031432 0.454923 -0.723300
v 0.045632 0.415812 -0.688142
v 0.058079 0.366758 -0.653544
v 0.068293 0.312714 -0.624105
v 0.075883 0.258424 -0.599373
v 0.080557 0.198681 -0.577502
v 0.014421 0.474664 -0.748679
v 0.028288 0.456751 -0.712424
v 0.041068 0.418465 -0.672353
v 0.052269 0.370135 -0.633448
v 0.061462 0.316685 -0.600474
v 0.068293 0.262836 -0.573116
v 0.072500 0.203366 -0.549628
v 0.012264 0.475481 -0.743819
v 0.024057 0.458353 -0.702891
v 0.034925 0.420791 -0.658513
v 0.044451 0.373095 -0.615833
v 0.052269 0.320166 -0.579761
v 0.058079 0.266704 -0.550101
v 0.061656 0.207471 -0.525196
v 0.009636 0.476151 -0.739830
v 0.018901 0.459668 -0.695068
v 0.027441 0.422700 -0.647155
v 0.034925 0.375525 -0.601377
v 0.041068 0.323022 -0.562763
v 0.045632 0.269878 -0.531213
v 0.048443 0.210841 -0.505145
v 0.006637 0.476649 -0.736867
v 0.013020 0.460645 -0.689254
v 0.018901 0.424118 -0.638716
v 0.024057 0.377330 -0.590635
v 0.028288 0.325145 -0.550132
v 0.031432 0.272237 -0.517179
v 0.033368 0.213345 -0.490246
v 0.003384 0.476956 -0.735042
v 0.006637 0.461246 -0.685674
v 0.009636 0.424991 -0.633518
v 0.012264 0.378441 -0.584021
v 0.014421 0.326452 -0.542354
v 0.016024 0.273689 -0.508536
v 0.017011 0.214887 -0.481071
v -0.000000 0.477060 -0.734426
v -0.000000 0.461449 -0.684465
v -0.000000 0.378817 -0.581787
v -0.000000 0.274179 -0.505618
vn -0.0000 0.9848 0.1736
vn -0.0000 0.9287 0.3708
vn -0.0000 0.5652 0.8250
vn -0.0000 -0.0000 1.0000
vn -0.0000 -0.5652 0.8250
vn -0.0000 -0.9287 0.3708
vn -0.0376 0.9979 0.0527
vn -0.0730 0.9917 0.1058
vn -0.1139 0.9793 0.1673
vn -0.1651 0.9555 0.2445
vn -0.2340 0.9070 0.3502
vn -0.3304 0.7966 0.5062
vn -0.4466 0.5260 0.7238
vn -0.5056 -0.0000 0.8628
vn -0.4466 -0.5260 0.7238
vn -0.3304 -0.7966 0.5062
vn -0.2340 -0.9070 0.3502
vn -0.1651 -0.9555 0.2445
vn -0.1139 -0.9793 0.1673
vn -0.0730 -0.9917 0.1058
vn -0.0376 -0.9979 0.0527
vn -0.0704 0.9964 0.0477
vn -0.1384 0.9856 0.0968
vn -0.2154 0.9646 0.1525
vn -0.3073 0.9260 0.2194
vn -0.4220 0.8540 0.3045
vn -0.5640 0.7139 0.4150
vn -0.7128 0.4422 0.5444
vn -0.7861 -0.0000 0.6181
vn -0.7128 -0.4422 0.5444
vn -0.5640 -0.7139 0.4150
vn -0.4220 -0.8540 0.3045
vn -0.3073 -0.9260 0.2194
vn -0.2154 -0.9646 0.1525
vn -0.1384 -0.9856 0.0968
vn -0.0704 -0.9964 0.0477
vn -0.0987 0.9942 0.0417
vn -0.1954 0.9770 0.0851
vn -0.3014 0.9442 0.1327
vn -0.4213 0.8874 0.1872
vn -0.5585 0.7907 0.2506
vn -0.7084 0.6276 0.3231
vn -0.8435 0.3645 0.3945
vn -0.9030 -0.0000 0.4296
vn -0.8435 -0.3645 0.3945
vn -0.7084 -0.6276 0.3231
vn -0.5585 -0.7907 0.2506
vn -0.4213 -0.8874 0.1872
vn -0.3014 -0.9442 0.1327
vn -0.1954 -0.9770 0.0851
vn -0.0987 -0.9942 0.0417
vn -0.1225 0.9919 0.0346
vn -0.2432 0.9674 0.0709
vn -0.3708 0.9222 0.1094
vn -0.5078 0.8481 0.1511
vn -0.6525 0.7320 0.1961
vn -0.7947 0.5566 0.2422
vn -0.9085 0.3085 0.2820
vn -0.9541 -0.0000 0.2993
vn -0.9085 -0.3085 0.2820
vn -0.7947 -0.5566 0.2422
vn -0.6525 -0.7320 0.1961
vn -0.5078 -0.8481 0.1511
vn -0.3708 -0.9222 0.1094
vn -0.2432 -0.9674 0.0709
vn -0.1225 -0.9919 0.0346
vn -0.1415 0.9896 0.0266
vn -0.2807 0.9582 0.0546
vn -0.4236 0.9020 0.0836
vn -0.5699 0.8139 0.1135
vn -0.7147 0.6845 0.1438
vn -0.8460 0.5045 0.1724
vn -0.9426 0.2712 0.1948
vn -0.9790 -0.0000 0.2037
vn -0.9426 -0.2712 0.1948
vn -0.8460 -0.5045 0.1724
vn -0.7147 -0.6845 0.1438
vn -0.5699 -0.8139 0.1135
vn -0.4236 -0.9020 0.0836
vn -0.2807 -0.9582 0.0546
vn -0.1415 -0.9896 0.0266
vn -0.0000 1.0000 -0.0000
vn -0.1551 0.9877 0.0179
vn -0.3075 0.9508 0.0370
vn -0.4603 0.8860 0.0563
vn -0.6112 0.7879 0.0756
vn -0.7537 0.6504 0.0943
vn -0.8759 0.4695 0.1109
vn -0.9610 0.2478 0.1229
vn -0.9918 -0.0000 0.1274
vn -0.9610 -0.2478 0.1229
vn -0.8759 -0.4695 0.1109
vn -0.7537 -0.6504 0.0943
vn -0.6112 -0.7879 0.0756
vn -0.4603 -0.8860 0.0563
vn -0.3075 -0.9508 0.0370
vn -0.1551 -0.9877 0.0179
vn -0.1630 0.9866 0.0089
vn -0.3234 0.9461 0.0186
vn -0.4819 0.8758 0.0283
vn -0.6348 0.7717 0.0378
vn -0.7752 0.6300 0.0467
vn -0.8917 0.4494 0.0543
vn -0.9702 0.2349 0.0595
vn -0.9981 -0.0000 0.0615
vn -0.9702 -0.2349 0.0595
vn -0.8917 -0.4494 0.0543
vn -0.7752 -0.6300 0.0467
vn -0.6348 -0.7717 0.0378
vn -0.4819 -0.8758 0.0283
vn -0.3234 -0.9461 0.0186
vn -0.1630 -0.9866 0.0089
vn -0.1655 0.9862 -0.0000
vn -0.3286 0.9445 -0.0000
vn -0.4890 0.8723 -0.0000
vn -0.6426 0.7662 -0.0000
vn -0.7821 0.6232 -0.0000
vn -0.8966 0.4429 -0.0000
vn -0.9730 0.2308 -0.0000
vn -1.0000 -0.0000 -0.0000
vn -0.9730 -0.2308 -0.0000
vn -0.8966 -0.4429 -0.0000
vn -0.7821 -0.6232 -0.0000
vn -0.6426 -0.7662 -0.0000
vn -0.4890 -0.8723 -0.0000
vn -0.3286 -0.9445 -0.0000
vn -0.1655 -0.9862 -0.0000
vn -0.1630 0.9866 -0.0089
vn -0.3234 0.9461 -0.0186
vn -0.4819 0.8758 -0.0283
vn -0.6348 0.7717 -0.0378
vn -0.7752 0.6300 -0.0467
vn -0.8917 0.4494 -0.0543
vn -0.9702 0.2349 -0.0595
vn -0.9981 -0.0000 -0.0614
vn -0.9702 -0.2349 -0.0595
vn -0.8917 -0.4494 -0.0543
vn -0.7752 -0.6300 -0.0467
vn -0.6348 -0.7717 -0.0378
vn -0.4819 -0.8758 -0.0283
vn -0.3234 -0.9461 -0.0186
vn -0.1630 -0.9866 -0.0089
vn -0.1550 0.9877 -0.0179
vn -0.3075 0.9508 -0.0370
vn -0.4603 0.8860 -0.0563
vn -0.6112 0.7878 -0.0756
vn -0.7537 0.6504 -0.0943
vn -0.8759 0.4695 -0.1109
vn -0.9610 0.2478 -0.1229
vn -0.9918 -0.0000 -0.1274
vn -0.9610 -0.2478 -0.1229
vn -0.8759 -0.4695 -0.1109
vn -0.7537 -0.6504 -0.0943
vn -0.6112 -0.7878 -0.0756
vn -0.4603 -0.8860 -0.0563
vn -0.3075 -0.9508 -0.0370
vn -0.1551 -0.9877 -0.0179
vn -0.1415 0.9896 -0.0266
vn -0.2807 0.9582 -0.0546
vn -0.4236 0.9020 -0.0836
vn -0.5699 0.8139 -0.1135
vn -0.7147 0.6845 -0.1438
vn -0.8460 0.5045 -0.1724
vn -0.9426 0.2712 -0.1948
vn -0.9790 -0.0000 -0.2037
vn -0.9426 -0.2712 -0.1948
vn -0.8460 -0.5045 -0.1724
vn -0.7147 -0.6845 -0.1438
vn -0.5699 -0.8139 -0.1135
vn -0.4236 -0.9020 -0.0836
vn -0.2807 -0.9582 -0.0546
vn -0.1415 -0.9896 -0.0266
vn -0.1225 0.9919 -0.0346
vn -0.2432 0.9674 -0.0709
vn -0.3708 0.9222 -0.1094
vn -0.5078 0.8481 -0.1511
vn -0.6525 0.7320 -0.1961
vn -0.7947 0.5566 -0.2422
vn -0.9085 0.3085 -0.2820
vn -0.9541 -0.0000 -0.2993
vn -0.9085 -0.3085 -0.2820
vn -0.7947 -0.5566 -0.2422
vn -0.6525 -0.7320 -0.1961
vn -0.5078 -0.8481 -0.1511
vn -0.3708 -0.9222 -0.1094
vn -0.2432 -0.9674 -0.0709
vn -0.1225 -0.9919 -0.0346
vn -0.0987 0.9942 -0.0417
vn -0.1954 0.9770 -0.0851
vn -0.3014 0.9442 -0.1327
vn -0.4213 0.8874 -0.1872
vn -0.5585 0.7908 -0.2506
vn -0.7084 0.6276 -0.3231
vn -0.8435 0.3645 -0.3945
vn -0.9030 -0.0000 -0.4296
vn -0.8435 -0.3645 -0.3945
vn -0.7084 -0.6276 -0.3231
vn -0.5585 -0.7908 -0.2506
vn -0.4213 -0.8874 -0.1872
vn -0.3014 -0.9442 -0.1327
vn -0.1954 -0.9770 -0.0851
vn -0.0987 -0.9942 -0.0417
vn -0.0704 0.9964 -0.0477
vn -0.1384 0.9856 -0.0968
vn -0.2154 0.9646 -0.1525
vn -0.3073 0.9260 -0.2194
vn -0.4220 0.8540 -0.3045
vn -0.5640 0.7139 -0.4150
vn -0.7128 0.4422 -0.5444
vn -0.7861 -0.0000 -0.6181
vn -0.7128 -0.4422 -0.5444
vn -0.5640 -0.7139 -0.4150
vn -0.4220 -0.8540 -0.3045
vn -0.3073 -0.9260 -0.2194
vn -0.2154 -0.9646 -0.1525
vn -0.1384 -0.9856 -0.0968
vn -0.0704 -0.9964 -0.0477
vn -0.0376 0.9979 -0.0527
vn -0.0730 0.9917 -0.1058
vn -0.1139 0.9793 -0.1673
vn -0.1651 0.9555 -0.2445
vn -0.2340 0.9070 -0.3502
vn -0.3304 0.7966 -0.5062
vn -0.4466 0.5260 -0.7238
vn -0.5056 -0.0000 -0.8628
vn -0.4466 -0.5260 -0.7238
vn -0.3304 -0.7966 -0.5062
vn -0.2340 -0.9070 -0.3502
vn -0.1651 -0.9555 -0.2445
vn -0.1139 -0.9793 -0.1673
vn -0.0730 -0.9917 -0.1058
vn -0.0376 -0.9979 -0.0527
vn -0.0000 0.9985 -0.0553
vn -0.0000 0.9940 -0.1098
vn -0.0000 0.9848 -0.1736
vn -0.0000 0.9669 -0.2553
vn -0.0000 0.9287 -0.3707
vn -0.0000 0.8341 -0.5516
vn -0.0000 0.5652 -0.8250
vn -0.0000 -0.0000 -1.0000
vn -0.0000 -0.5652 -0.8250
vn -0.0000 -0.8341 -0.5516
vn -0.0000 -0.9287 -0.3707
vn -0.0000 -0.9669 -0.2553
vn -0.0000 -0.9848 -0.1736
vn -0.0000 -0.9940 -0.1098
vn -0.0000 -0.9985 -0.0553
vn 0.0376 0.9979 -0.0527
vn 0.0730 0.9917 -0.1058
vn 0.1139 0.9793 -0.1673
vn 0.1651 0.9555 -0.2445
vn 0.2340 0.9070 -0.3502
vn 0.3304 0.7966 -0.5062
vn 0.4466 0.5260 -0.7238
vn 0.5056 -0.0000 -0.8628
vn 0.4466 -0.5260 -0.7238
vn 0.3304 -0.7966 -0.5062
vn 0.2340 -0.9070 -0.3502
vn 0.1651 -0.9555 -0.2445
vn 0.1139 -0.9793 -0.1673
vn 0.0730 -0.9917 -0.1058
vn 0.0376 -0.9979 -0.0527
vn 0.0704 0.9964 -0.0477
vn 0.1384 0.9856 -0.0968
vn 0.2154 0.9646 -0.1525
vn 0.3073 0.9260 -0.2194
vn 0.4220 0.8540 -0.3045
vn 0.5640 0.7139 -0.4150
vn 0.7128 0.4422 -0.5444
vn 0.7861 -0.0000 -0.6181
vn 0.7128 -0.4422 -0.5444
vn 0.5640 -0.7139 -0.4150
vn 0.4220 -0.8540 -0.3045
vn 0.3073 -0.9260 -0.2194
vn 0.2154 -0.9646 -0.1525
vn 0.1384 -0.9856 -0.0968
vn 0.0704 -0.9964 -0.0477
vn 0.0987 0.9942 -0.0417
vn 0.1954 0.9770 -0.0851
vn 0.3014 0.9442 -0.1327
vn 0.4213 0.8874 -0.1872
vn 0.5585 0.7907 -0.2506
vn 0.7084 0.6276 -0.3231
vn 0.8435 0.3645 -0.3945
vn 0.9030 -0.0000 -0.4296
vn 0.8435 -0.3645 -0.3945
vn 0.7084 -0.6276 -0.3231
vn 0.5585 -0.7907 -0.2506
vn 0.4213 -0.8874 -0.1872
vn 0.3014 -0.9442 -0.1327
vn 0.1954 -0.9770 -0.0851
vn 0.0987 -0.9942 -0.0417
vn 0.1225 0.9919 -0.0346
vn 0.2432 0.9674 -0.0709
vn 0.3708 0.9222 -0.1094
vn 0.5078 0.8481 -0.1511
vn 0.6525 0.7320 -0.1961
vn 0.7947 0.5566 -0.2422
vn 0.9085 0.3085 -0.2820
vn 0.9541 -0.0000 -0.2993
vn 0.9085 -0.3085 -0.2820
vn 0.7947 -0.5566 -0.2422
vn 0.6525 -0.7320 -0.1961
vn 0.5078 -0.8481 -0.1511
vn 0.3708 -0.9222 -0.1094
vn 0.2432 -0.9674 -0.0709
vn 0.1225 -0.9919 -0.0346
vn -0.0000 -1.0000 -0.0000
vn 0.1415 0.9896 -0.0266
vn 0.2807 0.9582 -0.0546
vn 0.4236 0.9020 -0.0836
vn 0.5699 0.8139 -0.1135
vn 0.7147 0.6845 -0.1438
vn 0.8460 0.5045 -0.1724
vn 0.9426 0.2712 -0.1948
vn 0.9790 -0.0000 -0.2037
vn 0.9426 -0.2712 -0.1948
vn 0.8460 -0.5045 -0.1724
vn 0.7147 -0.6845 -0.1438
vn 0.5699 -0.8139 -0.1135
vn 0.4236 -0.9020 -0.0836
vn 0.2807 -0.9582 -0.0546
vn 0.1415 -0.9896 -0.0266
vn 0.1551 0.9877 -0.0179
vn 0.3075 0.9508 -0.0370
vn 0.4603 0.8860 -0.0563
vn 0.6112 0.7879 -0.0756
vn 0.7537 0.6504 -0.0943
vn 0.8759 0.4695 -0.1109
vn 0.9610 0.2478 -0.1229
vn 0.9918 -0.0000 -0.1274
vn 0.9610 -0.2478 -0.1229
vn 0.8759 -0.4695 -0.1109
vn 0.7537 -0.6504 -0.0943
vn 0.6112 -0.7879 -0.0756
vn 0.4603 -0.8860 -0.0563
vn 0.3075 -0.9508 -0.0370
vn 0.1551 -0.9877 -0.0179
vn 0.1630 0.9866 -0.0089
vn 0.3234 0.9461 -0.0186
vn 0.4819 0.8758 -0.0283
vn 0.6348 0.7717 -0.0378
vn 0.7752 0.6300 -0.0467
vn 0.8917 0.4494 -0.0543
vn 0.9702 0.2349 -0.0595
vn 0.9981 -0.0000 -0.0615
vn 0.9702 -0.2349 -0.0595
vn 0.8917 -0.4494 -0.0543
vn 0.7752 -0.6300 -0.0467
vn 0.6348 -0.7717 -0.0378
vn 0.4819 -0.8758 -0.0283
vn 0.3234 -0.9461 -0.0186
vn 0.1630 -0.9866 -0.0089
vn 0.1655 0.9862 -0.0000
vn 0.3286 0.9445 -0.0000
vn 0.4890 0.8723 -0.0000
vn 0.6426 0.7662 -0.0000
vn 0.7821 0.6232 -0.0000
vn 0.8966 0.4429 -0.0000
vn 0.9730 0.2308 -0.0000
vn 1.0000 -0.0000 -0.0000
vn 0.9730 -0.2308 -0.0000
vn 0.8966 -0.4429 -0.0000
vn 0.7821 -0.6232 -0.0000
vn 0.6426 -0.7662 -0.0000
vn 0.4890 -0.8723 -0.0000
vn 0.3286 -0.9445 -0.0000
vn 0.1655 -0.9862 -0.0000
vn 0.1630 0.9866 0.0089
vn 0.3234 0.9461 0.0186
vn 0.4819 0.8758 0.0283
vn 0.6348 0.7717 0.0378
vn 0.7752 0.6300 0.0467
vn 0.8917 0.4494 0.0543
vn 0.9702 0.2349 0.0595
vn 0.9981 -0.0000 0.0614
vn 0.9702 -0.2349 0.0595
vn 0.8917 -0.4494 0.0543
vn 0.7752 -0.6300 0.0467
vn 0.6348 -0.7717 0.0378
vn 0.4819 -0.8758 0.0283
vn 0.3234 -0.9461 0.0186
vn 0.1630 -0.9866 0.0089
vn 0.1551 0.9877 0.0179
vn 0.3075 0.9508 0.0370
vn 0.4603 0.8860 0.0563
vn 0.6112 0.7878 0.0756
vn 0.7537 0.6504 0.0943
vn 0.8759 0.4695 0.1109
vn 0.9610 0.2478 0.1229
vn 0.9918 -0.0000 0.1274
vn 0.9610 -0.2478 0.1229
vn 0.8759 -0.4695 0.1109
vn 0.7537 -0.6504 0.0943
vn 0.6112 -0.7878 0.0756
vn 0.4603 -0.8860 0.0563
vn 0.3075 -0.9508 0.0370
vn 0.1551 -0.9877 0.0179
vn 0.1415 0.9896 0.0266
vn 0.2807 0.9582 0.0546
vn 0.4236 0.9020 0.0836
vn 0.5699 0.8139 0.1135
vn 0.7147 0.6845 0.1438
vn 0.8460 0.5045 0.1724
vn 0.9426 0.2712 0.1948
vn 0.9790 -0.0000 0.2037
vn 0.9426 -0.2712 0.1948
vn 0.8460 -0.5045 0.1724
vn 0.7147 -0.6845 0.1438
vn 0.5699 -0.8139 0.1135
vn 0.4236 -0.9020 0.0836
vn 0.2807 -0.9582 0.0546
vn 0.1415 -0.9896 0.0266
vn 0.1225 0.9919 0.0346
vn 0.2432 0.9674 0.0709
vn 0.3708 0.9222 0.1094
vn 0.5078 0.8481 0.1511
vn 0.6525 0.7320 0.1961
vn 0.7947 0.5566 0.2422
vn 0.9085 0.3085 0.2820
vn 0.9541 -0.0000 0.2993
vn 0.9085 -0.3085 0.2820
vn 0.7947 -0.5566 0.2422
vn 0.6525 -0.7320 0.1961
vn 0.5078 -0.8481 0.1511
vn 0.3708 -0.9222 0.1094
vn 0.2432 -0.9674 0.0709
vn 0.1225 -0.9919 0.0346
vn 0.0987 0.9942 0.0417
vn 0.1954 0.9770 0.0851
vn 0.3014 0.9442 0.1327
vn 0.4213 0.8874 0.1872
vn 0.5585 0.7908 0.2506
vn 0.7084 0.6276 0.3231
vn 0.8435 0.3645 0.3945
vn 0.9030 -0.0000 0.4296
vn 0.8435 -0.3645 0.3945
vn 0.7084 -0.6276 0.3231
vn 0.5585 -0.7908 0.2506
vn 0.4213 -0.8874 0.1872
vn 0.3014 -0.9442 0.1327
vn 0.1954 -0.9770 0.0851
vn 0.0987 -0.9942 0.0417
vn 0.0704 0.9964 0.0477
vn 0.1384 0.9856 0.0968
vn 0.2154 0.9646 0.1525
vn 0.3073 0.9260 0.2194
vn 0.4220 0.8540 0.3045
vn 0.5640 0.7139 0.4150
vn 0.7128 0.4422 0.5444
vn 0.7861 -0.0000 0.6181
vn 0.7128 -0.4422 0.5444
vn 0.5640 -0.7139 0.4150
vn 0.4220 -0.8540 0.3045
vn 0.3073 -0.9260 0.2194
vn 0.2154 -0.9646 0.1525
vn 0.1384 -0.9856 0.0968
vn 0.0704 -0.9964 0.0477
vn 0.0376 0.9979 0.0527
vn 0.0730 0.9917 0.1058
vn 0.1139 0.9793 0.1673
vn 0.1651 0.9555 0.2445
vn 0.2340 0.9070 0.3502
vn 0.3304 0.7966 0.5062
vn 0.4466 0.5260 0.7238
vn 0.5056 -0.0000 0.8628
vn 0.4466 -0.5260 0.7238
vn 0.3304 -0.7966 0.5062
vn 0.2340 -0.9070 0.3502
vn 0.1651 -0.9555 0.2445
vn 0.1139 -0.9793 0.1673
vn 0.0730 -0.9917 0.1058
vn 0.0376 -0.9979 0.0527
vn -0.0000 0.9985 0.0553
vn -0.0000 0.9940 0.1098
vn -0.0000 0.9669 0.2553
vn -0.0000 0.8341 0.5516
vn -0.0000 -0.8341 0.5516
vn -0.0000 -0.9669 0.2553
vn -0.0000 -0.9848 0.1736
vn -0.0000 -0.9940 0.1098
vn -0.0000 -0.9985 0.0553
vn -0.0000 0.8172 0.5764
vn -0.0000 0.6349 0.7726
vn -0.0573 0.9582 0.2802
vn -0.1096 0.8993 0.4233
vn -0.1611 0.8116 0.5616
vn -0.2103 0.6912 0.6914
vn -0.2192 0.6258 0.7486
vn -0.1104 0.9570 0.2684
vn -0.2109 0.8923 0.3991
vn -0.3067 0.7967 0.5208
vn -0.3948 0.6694 0.6293
vn -0.4156 0.6017 0.6821
vn -0.1570 0.9552 0.2509
vn -0.2986 0.8825 0.3632
vn -0.4281 0.7767 0.4620
vn -0.5410 0.6416 0.5438
vn -0.5737 0.5706 0.5876
vn -0.1960 0.9534 0.2293
vn -0.3705 0.8723 0.3192
vn -0.5230 0.7563 0.3930
vn -0.6487 0.6148 0.4486
vn -0.6902 0.5409 0.4807
vn -0.2267 0.9522 0.2046
vn -0.4258 0.8636 0.2699
vn -0.5928 0.7395 0.3190
vn -0.7237 0.5938 0.3517
vn -0.7703 0.5180 0.3720
vn -0.0000 0.9920 0.1262
vn -0.2486 0.9521 0.1778
vn -0.4647 0.8583 0.2175
vn -0.6401 0.7287 0.2434
vn -0.7724 0.5810 0.2567
vn -0.8214 0.5044 0.2661
vn -0.2618 0.9534 0.1499
vn -0.4878 0.8575 0.1637
vn -0.6674 0.7256 0.1678
vn -0.7996 0.5776 0.1644
vn -0.8498 0.5010 0.1640
vn -0.2662 0.9562 0.1217
vn -0.4955 0.8617 0.1096
vn -0.6763 0.7307 0.0930
vn -0.8084 0.5840 0.0743
vn -0.8588 0.5082 0.0647
vn -0.2618 0.9606 0.0936
vn -0.4878 0.8711 0.0562
vn -0.6674 0.7445 0.0192
vn -0.7996 0.6003 -0.0145
vn -0.8498 0.5261 -0.0333
vn -0.2486 0.9663 0.0663
vn -0.4647 0.8855 0.0043
vn -0.6401 0.7665 -0.0531
vn -0.7724 0.6268 -0.1030
vn -0.8214 0.5550 -0.1313
vn -0.2267 0.9731 0.0404
vn -0.4258 0.9037 -0.0450
vn -0.5928 0.7958 -0.1236
vn -0.7237 0.6629 -0.1918
vn -0.7703 0.5946 -0.2304
vn -0.1960 0.9805 0.0168
vn -0.3705 0.9244 -0.0906
vn -0.5230 0.8306 -0.1911
vn -0.6487 0.7075 -0.2804
vn -0.6902 0.6441 -0.3299
vn -0.1570 0.9876 -0.0037
vn -0.2986 0.9454 -0.1307
vn -0.4281 0.8676 -0.2528
vn -0.5410 0.7573 -0.3658
vn -0.5737 0.6996 -0.4259
vn -0.1104 0.9937 -0.0202
vn -0.2109 0.9638 -0.1630
vn -0.3067 0.9017 -0.3047
vn -0.3948 0.8057 -0.4416
vn -0.4156 0.7533 -0.5097
vn -0.0573 0.9979 -0.0313
vn -0.1096 0.9767 -0.1846
vn -0.1611 0.9264 -0.3404
vn -0.2103 0.8423 -0.4963
vn -0.2192 0.7933 -0.5680
vn -0.0000 0.9994 -0.0353
vn -0.0000 0.9813 -0.1923
vn -0.0000 0.9355 -0.3534
vn -0.0000 0.8562 -0.5166
vn -0.0000 0.8081 -0.5890
vn 0.0573 0.9979 -0.0313
vn 0.1096 0.9767 -0.1846
vn 0.1611 0.9264 -0.3404
vn 0.2103 0.8423 -0.4963
vn 0.2192 0.7933 -0.5680
vn 0.1104 0.9937 -0.0202
vn 0.2109 0.9638 -0.1630
vn 0.3067 0.9017 -0.3047
vn 0.3948 0.8057 -0.4416
vn 0.4156 0.7533 -0.5097
vn 0.1570 0.9876 -0.0037
vn 0.2986 0.9454 -0.1307
vn 0.4281 0.8676 -0.2528
vn 0.5410 0.7573 -0.3658
vn 0.5737 0.6996 -0.4259
vn 0.1960 0.9805 0.0168
vn 0.3705 0.9244 -0.0906
vn 0.5230 0.8306 -0.1911
vn 0.6487 0.7075 -0.2804
vn 0.6902 0.6441 -0.3299
vn 0.2267 0.9731 0.0404
vn 0.4258 0.9037 -0.0450
vn 0.5928 0.7958 -0.1236
vn 0.7237 0.6629 -0.1918
vn 0.7703 0.5946 -0.2304
vn 0.2486 0.9663 0.0663
vn 0.4647 0.8855 0.0043
vn 0.6401 0.7665 -0.0531
vn 0.7724 0.6268 -0.1030
vn 0.8214 0.5550 -0.1313
vn 0.2618 0.9606 0.0936
vn 0.4878 0.8711 0.0562
vn 0.6674 0.7445 0.0192
vn 0.7996 0.6003 -0.0145
vn 0.8498 0.5261 -0.0333
vn 0.2662 0.9562 0.1217
vn 0.4955 0.8617 0.1096
vn 0.6763 0.7307 0.0930
vn 0.8084 0.5840 0.0743
vn 0.8588 0.5082 0.0647
vn 0.2618 0.9534 0.1499
vn 0.4878 0.8575 0.1637
vn 0.6674 0.7256 0.1678
vn 0.7996 0.5776 0.1644
vn 0.8498 0.5010 0.1640
vn 0.2486 0.9521 0.1778
vn 0.4647 0.8583 0.2175
vn 0.6401 0.7287 0.2434
vn 0.7724 0.5810 0.2567
vn 0.8214 0.5044 0.2661
vn 0.2267 0.9522 0.2046
vn 0.4258 0.8636 0.2699
vn 0.5928 0.7395 0.3190
vn 0.7237 0.5938 0.3517
vn 0.7703 0.5180 0.3720
vn 0.1960 0.9534 0.2293
vn 0.3705 0.8723 0.3192
vn 0.5230 0.7563 0.3930
vn 0.6487 0.6148 0.4486
vn 0.6902 0.5409 0.4807
vn 0.1570 0.9552 0.2509
vn 0.2986 0.8825 0.3632
vn 0.4281 0.7767 0.4620
vn 0.5410 0.6416 0.5438
vn 0.5737 0.5706 0.5876
vn 0.1104 0.9570 0.2684
vn 0.2109 0.8923 0.3991
vn 0.3067 0.7967 0.5208
vn 0.3948 0.6694 0.6293
vn 0.4156 0.6017 0.6821
vn 0.0573 0.9582 0.2802
vn 0.1096 0.8993 0.4233
vn 0.1611 0.8116 0.5616
vn 0.2103 0.6912 0.6914
vn 0.2192 0.6258 0.7486
vn -0.0000 0.9587 0.2844
vn -0.0000 0.9019 0.4319
vn -0.0000 0.6996 0.7146
vn -0.0698 0.8976 0.4352
vn -0.0766 0.8753 0.4776
vn -0.1013 0.7685 0.6317
vn -0.1271 0.5965 0.7925
vn -0.1491 0.3360 0.9300
vn -0.1583 -0.0000 0.9874
vn -0.1491 -0.3360 0.9300
vn -0.1271 -0.5965 0.7925
vn -0.1013 -0.7685 0.6317
vn -0.0766 -0.8753 0.4776
vn -0.0698 -0.8976 0.4352
vn -0.0655 0.9617 0.2662
vn -0.0715 0.9311 0.3576
vn -0.0968 0.8671 0.4886
vn -0.1278 0.7588 0.6387
vn -0.1610 0.5862 0.7940
vn -0.1912 0.3294 0.9246
vn -0.2049 -0.0000 0.9788
vn -0.1912 -0.3294 0.9246
vn -0.1610 -0.5862 0.7940
vn -0.1278 -0.7588 0.6387
vn -0.0968 -0.8671 0.4886
vn -0.0715 -0.9311 0.3576
vn -0.0655 -0.9617 0.2662
vn -0.0686 0.9640 0.2571
vn -0.0900 0.9477 0.3062
vn -0.1276 0.8935 0.4306
vn -0.1719 0.7996 0.5755
vn -0.2233 0.6376 0.7373
vn -0.2750 0.3716 0.8867
vn -0.3011 -0.0000 0.9536
vn -0.2750 -0.3716 0.8867
vn -0.2233 -0.6376 0.7373
vn -0.1719 -0.7996 0.5755
vn -0.1276 -0.8935 0.4306
vn -0.0900 -0.9477 0.3062
vn -0.0686 -0.9640 0.2571
vn -0.0834 0.9744 0.2089
vn -0.1085 0.9630 0.2468
vn -0.1560 0.9227 0.3527
vn -0.2159 0.8479 0.4841
vn -0.2925 0.7046 0.6465
vn -0.3810 0.4331 0.8169
vn -0.4322 -0.0000 0.9018
vn -0.3810 -0.4331 0.8169
vn -0.2925 -0.7046 0.6465
vn -0.2159 -0.8479 0.4841
vn -0.1560 -0.9227 0.3527
vn -0.1085 -0.9630 0.2468
vn -0.0834 -0.9744 0.2089
vn -0.0954 0.9842 0.1490
vn -0.1237 0.9768 0.1751
vn -0.1805 0.9503 0.2538
vn -0.2570 0.8974 0.3587
vn -0.3670 0.7818 0.5042
vn -0.5185 0.5143 0.6831
vn -0.6215 -0.0000 0.7834
vn -0.5185 -0.5143 0.6831
vn -0.3670 -0.7818 0.5042
vn -0.2570 -0.8974 0.3587
vn -0.1805 -0.9503 0.2538
vn -0.1237 -0.9768 0.1751
vn -0.0954 -0.9842 0.1490
vn -0.1034 0.9916 0.0781
vn -0.1349 0.9866 0.0921
vn -0.1990 0.9707 0.1349
vn -0.2904 0.9367 0.1955
vn -0.4370 0.8517 0.2892
vn -0.6800 0.5979 0.4243
vn -0.8651 -0.0000 0.5016
vn -0.6800 -0.5979 0.4243
vn -0.4370 -0.8517 0.2892
vn -0.2904 -0.9367 0.1955
vn -0.1990 -0.9707 0.1349
vn -0.1349 -0.9866 0.0921
vn -0.1034 -0.9916 0.0781
vn -0.1063 0.9943 -0.0000
vn -0.1397 0.9902 -0.0000
vn -0.2069 0.9784 -0.0000
vn -0.3050 0.9524 -0.0000
vn -0.4709 0.8822 -0.0000
vn -0.7712 0.6365 -0.0000
vn -0.7712 -0.6365 -0.0000
vn -0.4709 -0.8822 -0.0000
vn -0.3050 -0.9524 -0.0000
vn -0.2069 -0.9784 -0.0000
vn -0.1397 -0.9902 -0.0000
vn -0.1063 -0.9943 -0.0000
vn -0.1034 0.9916 -0.0781
vn -0.1349 0.9866 -0.0921
vn -0.1990 0.9707 -0.1349
vn -0.2904 0.9367 -0.1955
vn -0.4370 0.8517 -0.2892
vn -0.6800 0.5979 -0.4243
vn -0.8651 -0.0000 -0.5016
vn -0.6800 -0.5979 -0.4243
vn -0.4370 -0.8517 -0.2892
vn -0.2904 -0.9367 -0.1955
vn -0.1990 -0.9707 -0.1349
vn -0.1349 -0.9866 -0.0921
vn -0.1034 -0.9916 -0.0781
vn -0.0954 0.9842 -0.1490
vn -0.1237 0.9768 -0.1751
vn -0.1805 0.9503 -0.2538
vn -0.2570 0.8974 -0.3587
vn -0.3670 0.7818 -0.5042
vn -0.5185 0.5143 -0.6831
vn -0.6215 -0.0000 -0.7834
vn -0.5185 -0.5143 -0.6831
vn -0.3670 -0.7818 -0.5042
vn -0.2570 -0.8974 -0.3587
vn -0.1805 -0.9503 -0.2538
vn -0.1237 -0.9768 -0.1751
vn -0.0954 -0.9842 -0.1490
vn -0.0834 0.9744 -0.2089
vn -0.1085 0.9630 -0.2468
vn -0.1560 0.9227 -0.3527
vn -0.2159 0.8479 -0.4841
vn -0.2925 0.7046 -0.6465
vn -0.3810 0.4331 -0.8169
vn -0.4322 -0.0000 -0.9018
vn -0.3810 -0.4331 -0.8169
vn -0.2925 -0.7046 -0.6465
vn -0.2159 -0.8479 -0.4841
vn -0.1560 -0.9227 -0.3527
vn -0.1085 -0.9630 -0.2468
vn -0.0834 -0.9744 -0.2089
vn -0.0686 0.9640 -0.2571
vn -0.0900 0.9477 -0.3062
vn -0.1276 0.8935 -0.4306
vn -0.1719 0.7996 -0.5755
vn -0.2233 0.6376 -0.7373
vn -0.2750 0.3716 -0.8867
vn -0.3011 -0.0000 -0.9536
vn -0.2750 -0.3716 -0.8867
vn -0.2233 -0.6376 -0.7373
vn -0.1719 -0.7996 -0.5755
vn -0.1276 -0.8935 -0.4306
vn -0.0900 -0.9477 -0.3062
vn -0.0686 -0.9640 -0.2571
vn -0.0655 0.9617 -0.2662
vn -0.0715 0.9311 -0.3576
vn -0.0968 0.8671 -0.4886
vn -0.1278 0.7588 -0.6387
vn -0.1610 0.5862 -0.7940
vn -0.1912 0.3294 -0.9246
vn -0.2049 -0.0000 -0.9788
vn -0.1912 -0.3294 -0.9246
vn -0.1610 -0.5862 -0.7940
vn -0.1278 -0.7588 -0.6387
vn -0.0968 -0.8671 -0.4886
vn -0.0715 -0.9311 -0.3576
vn -0.0655 -0.9617 -0.2662
vn -0.0698 0.8976 -0.4352
vn -0.0681 0.8409 -0.5369
vn -0.0845 0.7286 -0.6798
vn -0.1044 0.5507 -0.8282
vn -0.1211 0.3022 -0.9455
vn -0.1281 -0.0000 -0.9918
vn -0.1211 -0.3022 -0.9455
vn -0.1044 -0.5507 -0.8282
vn -0.0845 -0.7286 -0.6798
vn -0.0681 -0.8409 -0.5369
vn -0.0698 -0.8976 -0.4352
vn -0.0559 0.7868 -0.6146
vn -0.0616 0.7337 -0.6767
vn -0.0754 0.5551 -0.8283
vn -0.0863 0.3048 -0.9485
vn -0.0906 -0.0000 -0.9959
vn -0.0863 -0.3048 -0.9485
vn -0.0754 -0.5551 -0.8283
vn -0.0616 -0.7337 -0.6767
vn -0.0559 -0.7868 -0.6146
vn 0.0559 0.7868 -0.6146
vn 0.0616 0.7337 -0.6767
vn 0.0754 0.5551 -0.8283
vn 0.0863 0.3048 -0.9485
vn 0.0906 -0.0000 -0.9959
vn 0.0863 -0.3048 -0.9485
vn 0.0754 -0.5551 -0.8283
vn 0.0616 -0.7337 -0.6767
vn 0.0559 -0.7868 -0.6146
vn 0.0698 0.8976 -0.4352
vn 0.0681 0.8409 -0.5369
vn 0.0845 0.7286 -0.6798
vn 0.1044 0.5507 -0.8282
vn 0.1211 0.3023 -0.9455
vn 0.1281 -0.0000 -0.9918
vn 0.1211 -0.3023 -0.9455
vn 0.1044 -0.5507 -0.8282
vn 0.0845 -0.7286 -0.6798
vn 0.0681 -0.8409 -0.5369
vn 0.0698 -0.8976 -0.4352
vn 0.0655 0.9617 -0.2662
vn 0.0715 0.9311 -0.3576
vn 0.0968 0.8671 -0.4886
vn 0.1278 0.7588 -0.6387
vn 0.1610 0.5862 -0.7940
vn 0.1912 0.3294 -0.9246
vn 0.2049 -0.0000 -0.9788
vn 0.1912 -0.3294 -0.9246
vn 0.1610 -0.5862 -0.7940
vn 0.1278 -0.7588 -0.6387
vn 0.0968 -0.8671 -0.4886
vn 0.0715 -0.9311 -0.3576
vn 0.0655 -0.9617 -0.2662
vn 0.0686 0.9640 -0.2571
vn 0.0900 0.9477 -0.3062
vn 0.1276 0.8935 -0.4306
vn 0.1719 0.7996 -0.5755
vn 0.2233 0.6376 -0.7373
vn 0.2750 0.3716 -0.8867
vn 0.3011 -0.0000 -0.9536
vn 0.2750 -0.3716 -0.8867
vn 0.2233 -0.6376 -0.7373
vn 0.1719 -0.7996 -0.5755
vn 0.1276 -0.8935 -0.4306
vn 0.0900 -0.9477 -0.3062
vn 0.0686 -0.9640 -0.2571
vn 0.0834 0.9744 -0.2089
vn 0.1085 0.9630 -0.2468
vn 0.1560 0.9227 -0.3527
vn 0.2159 0.8479 -0.4841
vn 0.2925 0.7046 -0.6465
vn 0.3810 0.4331 -0.8169
vn 0.4322 -0.0000 -0.9018
vn 0.3810 -0.4331 -0.8169
vn 0.2925 -0.7046 -0.6465
vn 0.2159 -0.8479 -0.4841
vn 0.1560 -0.9227 -0.3527
vn 0.1085 -0.9630 -0.2468
vn 0.0834 -0.9744 -0.2089
vn 0.0954 0.9842 -0.1490
vn 0.1237 0.9768 -0.1751
vn 0.1805 0.9503 -0.2538
vn 0.2570 0.8974 -0.3587
vn 0.3670 0.7818 -0.5042
vn 0.5185 0.5143 -0.6831
vn 0.6215 -0.0000 -0.7834
vn 0.5185 -0.5143 -0.6831
vn 0.3670 -0.7818 -0.5042
vn 0.2570 -0.8974 -0.3587
vn 0.1805 -0.9503 -0.2538
vn 0.1237 -0.9768 -0.1751
vn 0.0954 -0.9842 -0.1490
vn 0.1034 0.9916 -0.0781
vn 0.1349 0.9866 -0.0921
vn 0.1990 0.9707 -0.1349
vn 0.2904 0.9367 -0.1955
vn 0.4370 0.8517 -0.2892
vn 0.6800 0.5979 -0.4243
vn 0.8651 -0.0000 -0.5016
vn 0.6800 -0.5979 -0.4243
vn 0.4370 -0.8517 -0.2892
vn 0.2904 -0.9367 -0.1955
vn 0.1990 -0.9707 -0.1349
vn 0.1349 -0.9866 -0.0921
vn 0.1034 -0.9916 -0.0781
vn 0.1063 0.9943 -0.0000
vn 0.1397 0.9902 -0.0000
vn 0.2069 0.9784 -0.0000
vn 0.3050 0.9524 -0.0000
vn 0.4709 0.8822 -0.0000
vn 0.7712 0.6365 -0.0000
vn 0.7712 -0.6365 -0.0000
vn 0.4709 -0.8822 -0.0000
vn 0.3050 -0.9524 -0.0000
vn 0.2069 -0.9784 -0.0000
vn 0.1397 -0.9902 -0.0000
vn 0.1063 -0.9943 -0.0000
vn 0.1034 0.9916 0.0781
vn 0.1349 0.9866 0.0921
vn 0.1990 0.9707 0.1349
vn 0.2904 0.9367 0.1955
vn 0.4370 0.8517 0.2892
vn 0.6800 0.5979 0.4243
vn 0.8651 -0.0000 0.5016
vn 0.6800 -0.5979 0.4243
vn 0.4370 -0.8517 0.2892
vn 0.2904 -0.9367 0.1955
vn 0.1990 -0.9707 0.1349
vn 0.1349 -0.9866 0.0921
vn 0.1034 -0.9916 0.0781
vn 0.0954 0.9842 0.1490
vn 0.1237 0.9768 0.1751
vn 0.1805 0.9503 0.2538
vn 0.2570 0.8974 0.3587
vn 0.3670 0.7818 0.5042
vn 0.5185 0.5143 0.6831
vn 0.6215 -0.0000 0.7834
vn 0.5185 -0.5143 0.6831
vn 0.3670 -0.7818 0.5042
vn 0.2570 -0.8974 0.3587
vn 0.1805 -0.9503 0.2538
vn 0.1237 -0.9768 0.1751
vn 0.0954 -0.9842 0.1490
vn 0.0834 0.9744 0.2089
vn 0.1085 0.9630 0.2468
vn 0.1560 0.9227 0.3527
vn 0.2159 0.8479 0.4841
vn 0.2925 0.7046 0.6465
vn 0.3810 0.4331 0.8169
vn 0.4322 -0.0000 0.9018
vn 0.3810 -0.4331 0.8169
vn 0.2925 -0.7046 0.6465
vn 0.2159 -0.8479 0.4841
vn 0.1560 -0.9227 0.3527
vn 0.1085 -0.9630 0.2468
vn 0.0834 -0.9744 0.2089
vn 0.0686 0.9640 0.2571
vn 0.0900 0.9477 0.3062
vn 0.1276 0.8935 0.4306
vn 0.1719 0.7996 0.5755
vn 0.2233 0.6376 0.7373
vn 0.2750 0.3716 0.8867
vn 0.3011 -0.0000 0.9536
vn 0.2750 -0.3716 0.8867
vn 0.2233 -0.6376 0.7373
vn 0.1719 -0.7996 0.5755
vn 0.1276 -0.8935 0.4306
vn 0.0900 -0.9477 0.3062
vn 0.0686 -0.9640 0.2571
vn 0.0655 0.9617 0.2662
vn 0.0715 0.9311 0.3576
vn 0.0968 0.8671 0.4886
vn 0.1278 0.7588 0.6387
vn 0.1610 0.5862 0.7940
vn 0.1912 0.3294 0.9246
vn 0.2049 -0.0000 0.9788
vn 0.1912 -0.3294 0.9246
vn 0.1610 -0.5862 0.7940
vn 0.1278 -0.7588 0.6387
vn 0.0968 -0.8671 0.4886
vn 0.0715 -0.9311 0.3576
vn 0.0655 -0.9617 0.2662
vn 0.0698 0.8976 0.4352
vn 0.0766 0.8753 0.4776
vn 0.1013 0.7685 0.6317
vn 0.1271 0.5965 0.7925
vn 0.1491 0.3360 0.9300
vn 0.1583 -0.0000 0.9874
vn 0.1491 -0.3360 0.9300
vn 0.1271 -0.5965 0.7925
vn 0.1013 -0.7685 0.6317
vn 0.0766 -0.8753 0.4776
vn 0.0698 -0.8976 0.4352
vn -0.0000 0.9692 0.2462
vn -0.0000 0.8758 0.4828
vn -0.0000 0.4596 0.8881
vn -0.0000 -0.4596 0.8881
vn -0.0000 -0.8758 0.4828
vn -0.0101 0.9973 0.0729
vn -0.0653 0.9767 0.2043
vn -0.0900 0.9697 0.2273
vn -0.1151 0.9409 0.3185
vn -0.1625 0.8794 0.4475
vn -0.2271 0.7501 0.6212
vn -0.3066 0.4730 0.8260
vn -0.3523 -0.0000 0.9359
vn -0.3066 -0.4730 0.8260
vn -0.2271 -0.7501 0.6212
vn -0.1625 -0.8794 0.4475
vn -0.1151 -0.9409 0.3185
vn -0.0900 -0.9697 0.2273
vn -0.0653 -0.9767 0.2043
vn -0.0101 -0.9973 0.0729
vn -0.0279 0.9977 0.0610
vn -0.0592 0.9907 0.1225
vn -0.0881 0.9765 0.1969
vn -0.1286 0.9492 0.2871
vn -0.1826 0.8948 0.4074
vn -0.2588 0.7755 0.5759
vn -0.3572 0.5019 0.7877
vn -0.4176 -0.0000 0.9086
vn -0.3572 -0.5019 0.7877
vn -0.2588 -0.7755 0.5759
vn -0.1826 -0.8948 0.4074
vn -0.1286 -0.9492 0.2871
vn -0.0881 -0.9765 0.1969
vn -0.0592 -0.9907 0.1225
vn -0.0279 -0.9977 0.0610
vn -0.0284 0.9986 0.0452
vn -0.0561 0.9923 0.1106
vn -0.0895 0.9804 0.1757
vn -0.1313 0.9574 0.2572
vn -0.1881 0.9105 0.3683
vn -0.2715 0.8032 0.5303
vn -0.3879 0.5372 0.7490
vn -0.4687 -0.0000 0.8834
vn -0.3879 -0.5372 0.7490
vn -0.2715 -0.8032 0.5303
vn -0.1881 -0.9105 0.3683
vn -0.1313 -0.9574 0.2572
vn -0.0895 -0.9804 0.1757
vn -0.0561 -0.9923 0.1106
vn -0.0284 -0.9986 0.0452
vn -0.0260 0.9987 0.0447
vn -0.0549 0.9942 0.0929
vn -0.0877 0.9851 0.1477
vn -0.1293 0.9675 0.2173
vn -0.1876 0.9304 0.3149
vn -0.2778 0.8403 0.4654
vn -0.4186 0.5888 0.6914
vn -0.5330 -0.0000 0.8461
vn -0.4186 -0.5888 0.6914
vn -0.2778 -0.8403 0.4654
vn -0.1876 -0.9304 0.3149
vn -0.1293 -0.9675 0.2173
vn -0.0877 -0.9851 0.1477
vn -0.0549 -0.9942 0.0929
vn -0.0260 -0.9987 0.0447
vn -0.0246 0.9991 0.0348
vn -0.0517 0.9961 0.0715
vn -0.0827 0.9901 0.1137
vn -0.1226 0.9781 0.1682
vn -0.1801 0.9521 0.2470
vn -0.2757 0.8841 0.3773
vn -0.4493 0.6583 0.6039
vn -0.6232 -0.0000 0.7821
vn -0.4493 -0.6583 0.6039
vn -0.2757 -0.8841 0.3773
vn -0.1801 -0.9521 0.2470
vn -0.1226 -0.9781 0.1682
vn -0.0827 -0.9901 0.1137
vn -0.0517 -0.9961 0.0715
vn -0.0246 -0.9991 0.0348
vn -0.0000 1.0000 0.0011
vn -0.0224 0.9995 0.0234
vn -0.0466 0.9978 0.0471
vn -0.0745 0.9944 0.0747
vn -0.1110 0.9876 0.1109
vn -0.1653 0.9723 0.1651
vn -0.2623 0.9288 0.2619
vn -0.4784 0.7444 0.4658
vn -0.7624 -0.0000 0.6471
vn -0.4784 -0.7444 0.4658
vn -0.2623 -0.9288 0.2619
vn -0.1653 -0.9723 0.1651
vn -0.1110 -0.9876 0.1109
vn -0.0745 -0.9944 0.0747
vn -0.0466 -0.9978 0.0471
vn -0.0224 -0.9995 0.0234
vn -0.0196 0.9998 0.0105
vn -0.0399 0.9990 0.0201
vn -0.0636 0.9975 0.0314
vn -0.0951 0.9944 0.0467
vn -0.1432 0.9872 0.0704
vn -0.2353 0.9650 0.1161
vn -0.4979 0.8349 0.2346
vn -0.9528 -0.0000 0.3037
vn -0.4979 -0.8349 0.2346
vn -0.2353 -0.9650 0.1161
vn -0.1432 -0.9872 0.0704
vn -0.0951 -0.9944 0.0467
vn -0.0636 -0.9975 0.0314
vn -0.0399 -0.9990 0.0201
vn -0.0196 -0.9998 0.0105
vn -0.0156 0.9999 -0.0050
vn -0.0311 0.9995 -0.0101
vn -0.0494 0.9986 -0.0160
vn -0.0739 0.9970 -0.0240
vn -0.1120 0.9930 -0.0363
vn -0.1875 0.9804 -0.0609
vn -0.4418 0.8855 -0.1439
vn -0.9486 -0.0000 -0.3166
vn -0.4418 -0.8855 -0.1439
vn -0.1875 -0.9804 -0.0609
vn -0.1120 -0.9930 -0.0363
vn -0.0739 -0.9970 -0.0240
vn -0.0494 -0.9986 -0.0160
vn -0.0311 -0.9995 -0.0101
vn -0.0156 -0.9999 -0.0050
vn -0.0091 0.9998 -0.0198
vn -0.0192 0.9990 -0.0393
vn -0.0308 0.9976 -0.0622
vn -0.0462 0.9946 -0.0928
vn -0.0696 0.9877 -0.1398
vn -0.1144 0.9663 -0.2304
vn -0.2507 0.8390 -0.4829
vn -0.5750 -0.0000 -0.8181
vn -0.2507 -0.8390 -0.4829
vn -0.1144 -0.9663 -0.2304
vn -0.0696 -0.9877 -0.1398
vn -0.0462 -0.9946 -0.0928
vn -0.0308 -0.9976 -0.0622
vn -0.0192 -0.9990 -0.0393
vn -0.0091 -0.9998 -0.0198
vn -0.0031 0.9995 -0.0319
vn -0.0073 0.9979 -0.0647
vn -0.0122 0.9946 -0.1029
vn -0.0183 0.9880 -0.1531
vn -0.0274 0.9732 -0.2281
vn -0.0435 0.9309 -0.3627
vn -0.0874 0.7490 -0.6567
vn -0.2019 -0.0000 -0.9794
vn -0.0874 -0.7490 -0.6567
vn -0.0435 -0.9309 -0.3627
vn -0.0274 -0.9732 -0.2281
vn -0.0183 -0.9880 -0.1531
vn -0.0122 -0.9946 -0.1029
vn -0.0073 -0.9979 -0.0647
vn -0.0031 -0.9995 -0.0319
vn 0.0024 0.9991 -0.0424
vn 0.0040 0.9962 -0.0871
vn 0.0060 0.9903 -0.1387
vn 0.0086 0.9786 -0.2054
vn 0.0125 0.9532 -0.3020
vn 0.0188 0.8864 -0.4625
vn 0.0238 0.6623 -0.7488
vn -0.0025 -0.0000 -1.0000
vn 0.0238 -0.6623 -0.7488
vn 0.0188 -0.8864 -0.4625
vn 0.0125 -0.9532 -0.3020
vn 0.0086 -0.9786 -0.2054
vn 0.0060 -0.9903 -0.1387
vn 0.0040 -0.9962 -0.0871
vn 0.0024 -0.9991 -0.0424
vn 0.0076 0.9986 -0.0514
vn 0.0149 0.9943 -0.1060
vn 0.0234 0.9854 -0.1687
vn 0.0342 0.9680 -0.2485
vn 0.0495 0.9315 -0.3604
vn 0.0728 0.8424 -0.5339
vn 0.1038 0.5919 -0.7993
vn 0.1106 -0.0000 -0.9939
vn 0.1038 -0.5919 -0.7993
vn 0.0728 -0.8424 -0.5339
vn 0.0495 -0.9315 -0.3604
vn 0.0342 -0.9680 -0.2485
vn 0.0234 -0.9854 -0.1687
vn 0.0149 -0.9943 -0.1060
vn 0.0076 -0.9986 -0.0514
vn 0.0448 0.9959 -0.0783
vn 0.0251 0.9924 -0.1208
vn 0.0396 0.9806 -0.1921
vn 0.0578 0.9579 -0.2813
vn 0.0827 0.9114 -0.4031
vn 0.1187 0.8048 -0.5815
vn 0.1645 0.5394 -0.8258
vn 0.1854 -0.0000 -0.9827
vn 0.1645 -0.5394 -0.8258
vn 0.1187 -0.8048 -0.5815
vn 0.0827 -0.9114 -0.4031
vn 0.0578 -0.9579 -0.2813
vn 0.0396 -0.9806 -0.1921
vn 0.0251 -0.9924 -0.1208
vn 0.0448 -0.9959 -0.0783
vn 0.4844 0.0195 -0.8746
vn 0.0437 0.9909 -0.1275
vn 0.0542 0.9766 -0.2080
vn 0.0788 0.9496 -0.3034
vn 0.1117 0.8955 -0.4309
vn 0.1576 0.7767 -0.6099
vn 0.2132 0.5033 -0.8374
vn 0.2416 -0.0000 -0.9704
vn 0.2132 -0.5033 -0.8374
vn 0.1576 -0.7767 -0.6099
vn 0.1117 -0.8955 -0.4309
vn 0.0788 -0.9496 -0.3034
vn 0.0542 -0.9766 -0.2080
vn 0.0437 -0.9909 -0.1275
vn 0.4844 -0.0195 -0.8746
vn 0.0070 0.9987 -0.0503
vn 0.0529 0.9932 -0.1039
vn 0.0665 0.9823 -0.1749
vn 0.0809 0.9545 -0.2869
vn 0.1153 0.9051 -0.4092
vn 0.1640 0.7966 -0.5819
vn 0.2297 0.5320 -0.8150
vn 0.2713 -0.0000 -0.9625
vn 0.2297 -0.5320 -0.8150
vn 0.1640 -0.7966 -0.5819
vn 0.1153 -0.9051 -0.4092
vn 0.0809 -0.9545 -0.2869
vn 0.0665 -0.9823 -0.1749
vn 0.0529 -0.9932 -0.1039
vn 0.0070 -0.9987 -0.0503
vn -0.0000 0.9994 -0.0342
vn -0.0000 -0.9994 -0.0342
vn -0.0070 0.9987 -0.0503
vn -0.0529 0.9932 -0.1039
vn -0.0665 0.9823 -0.1749
vn -0.0809 0.9545 -0.2869
vn -0.1153 0.9051 -0.4092
vn -0.1640 0.7966 -0.5819
vn -0.2297 0.5320 -0.8150
vn -0.2713 -0.0000 -0.9625
vn -0.2297 -0.5320 -0.8150
vn -0.1640 -0.7966 -0.5819
vn -0.1153 -0.9051 -0.4092
vn -0.0809 -0.9545 -0.2869
vn -0.0665 -0.9823 -0.1749
vn -0.0529 -0.9932 -0.1039
vn -0.0070 -0.9987 -0.0503
vn -0.4844 0.0195 -0.8746
vn -0.0437 0.9909 -0.1275
vn -0.0542 0.9766 -0.2080
vn -0.0788 0.9496 -0.3034
vn -0.1117 0.8955 -0.4309
vn -0.1576 0.7767 -0.6099
vn -0.2132 0.5033 -0.8374
vn -0.2416 -0.0000 -0.9704
vn -0.2132 -0.5033 -0.8374
vn -0.1576 -0.7767 -0.6099
vn -0.1117 -0.8955 -0.4309
vn -0.0788 -0.9496 -0.3034
vn -0.0542 -0.9766 -0.2080
vn -0.0437 -0.9909 -0.1275
vn -0.4844 -0.0195 -0.8746
vn -0.0448 0.9959 -0.0783
vn -0.0251 0.9924 -0.1208
vn -0.0396 0.9806 -0.1921
vn -0.0578 0.9579 -0.2813
vn -0.0827 0.9114 -0.4031
vn -0.1187 0.8048 -0.5815
vn -0.1645 0.5394 -0.8258
vn -0.1854 -0.0000 -0.9827
vn -0.1645 -0.5394 -0.8258
vn -0.1187 -0.8048 -0.5815
vn -0.0827 -0.9114 -0.4031
vn -0.0578 -0.9579 -0.2813
vn -0.0396 -0.9806 -0.1921
vn -0.0251 -0.9924 -0.1208
vn -0.0448 -0.9959 -0.0783
vn -0.0076 0.9986 -0.0514
vn -0.0149 0.9943 -0.1060
vn -0.0234 0.9854 -0.1687
vn -0.0342 0.9680 -0.2485
vn -0.0495 0.9315 -0.3604
vn -0.0728 0.8424 -0.5339
vn -0.1038 0.5919 -0.7993
vn -0.1106 -0.0000 -0.9939
vn -0.1038 -0.5919 -0.7993
vn -0.0728 -0.8424 -0.5339
vn -0.0495 -0.9315 -0.3604
vn -0.0342 -0.9680 -0.2485
vn -0.0234 -0.9854 -0.1687
vn -0.0149 -0.9943 -0.1060
vn -0.0076 -0.9986 -0.0514
vn -0.0000 -1.0000 0.0011
vn -0.0024 0.9991 -0.0424
vn -0.0040 0.9962 -0.0871
vn -0.0060 0.9903 -0.1387
vn -0.0086 0.9786 -0.2054
vn -0.0125 0.9532 -0.3020
vn -0.0188 0.8864 -0.4625
vn -0.0238 0.6623 -0.7488
vn 0.0025 -0.0000 -1.0000
vn -0.0238 -0.6623 -0.7488
vn -0.0188 -0.8864 -0.4625
vn -0.0125 -0.9532 -0.3020
vn -0.0086 -0.9786 -0.2054
vn -0.0060 -0.9903 -0.1387
vn -0.0040 -0.9962 -0.0871
vn -0.0024 -0.9991 -0.0424
vn 0.0031 0.9995 -0.0319
vn 0.0073 0.9979 -0.0647
vn 0.0122 0.9946 -0.1029
vn 0.0183 0.9880 -0.1531
vn 0.0274 0.9732 -0.2281
vn 0.0435 0.9309 -0.3627
vn 0.0874 0.7490 -0.6567
vn 0.2019 -0.0000 -0.9794
vn 0.0874 -0.7490 -0.6567
vn 0.0435 -0.9309 -0.3627
vn 0.0274 -0.9732 -0.2281
vn 0.0183 -0.9880 -0.1531
vn 0.0122 -0.9946 -0.1029
vn 0.0073 -0.9979 -0.0647
vn 0.0031 -0.9995 -0.0319
vn 0.0091 0.9998 -0.0198
vn 0.0192 0.9990 -0.0393
vn 0.0308 0.9976 -0.0622
vn 0.0462 0.9946 -0.0928
vn 0.0696 0.9877 -0.1398
vn 0.1144 0.9663 -0.2304
vn 0.2507 0.8390 -0.4829
vn 0.5750 -0.0000 -0.8181
vn 0.2507 -0.8390 -0.4829
vn 0.1144 -0.9663 -0.2304
vn 0.0696 -0.9877 -0.1398
vn 0.0462 -0.9946 -0.0928
vn 0.0308 -0.9976 -0.0622
vn 0.0192 -0.9990 -0.0393
vn 0.0091 -0.9998 -0.0198
vn 0.0156 0.9999 -0.0050
vn 0.0311 0.9995 -0.0101
vn 0.0494 0.9986 -0.0160
vn 0.0739 0.9970 -0.0240
vn 0.1120 0.9930 -0.0363
vn 0.1875 0.9804 -0.0609
vn 0.4418 0.8855 -0.1439
vn 0.9486 -0.0000 -0.3166
vn 0.4418 -0.8855 -0.1439
vn 0.1875 -0.9804 -0.0609
vn 0.1120 -0.9930 -0.0363
vn 0.0739 -0.9970 -0.0240
vn 0.0494 -0.9986 -0.0160
vn 0.0311 -0.9995 -0.0101
vn 0.0156 -0.9999 -0.0050
vn 0.0196 0.9998 0.0105
vn 0.0399 0.9990 0.0201
vn 0.0636 0.9975 0.0314
vn 0.0951 0.9944 0.0467
vn 0.1432 0.9872 0.0704
vn 0.2353 0.9650 0.1161
vn 0.4979 0.8349 0.2346
vn 0.9528 -0.0000 0.3037
vn 0.4979 -0.8349 0.2346
vn 0.2353 -0.9650 0.1161
vn 0.1432 -0.9872 0.0704
vn 0.0951 -0.9944 0.0467
vn 0.0636 -0.9975 0.0314
vn 0.0399 -0.9990 0.0201
vn 0.0196 -0.9998 0.0105
vn 0.0224 0.9995 0.0234
vn 0.0466 0.9978 0.0471
vn 0.0745 0.9944 0.0747
vn 0.1110 0.9876 0.1109
vn 0.1653 0.9723 0.1651
vn 0.2623 0.9288 0.2619
vn 0.4784 0.7444 0.4658
vn 0.7624 -0.0000 0.6471
vn 0.4784 -0.7444 0.4658
vn 0.2623 -0.9288 0.2619
vn 0.1653 -0.9723 0.1651
vn 0.1110 -0.9876 0.1109
vn 0.0745 -0.9944 0.0747
vn 0.0466 -0.9978 0.0471
vn 0.0224 -0.9995 0.0234
vn 0.0246 0.9991 0.0348
vn 0.0517 0.9961 0.0715
vn 0.0827 0.9901 0.1137
vn 0.1226 0.9781 0.1682
vn 0.1801 0.9521 0.2470
vn 0.2757 0.8841 0.3773
vn 0.4493 0.6583 0.6039
vn 0.6232 -0.0000 0.7821
vn 0.4493 -0.6583 0.6039
vn 0.2757 -0.8841 0.3773
vn 0.1801 -0.9521 0.2470
vn 0.1226 -0.9781 0.1682
vn 0.0827 -0.9901 0.1137
vn 0.0517 -0.9961 0.0715
vn 0.0246 -0.9991 0.0348
vn 0.0260 0.9987 0.0447
vn 0.0549 0.9942 0.0929
vn 0.0877 0.9851 0.1477
vn 0.1293 0.9675 0.2173
vn 0.1876 0.9304 0.3149
vn 0.2778 0.8403 0.4654
vn 0.4186 0.5888 0.6914
vn 0.5330 -0.0000 0.8461
vn 0.4186 -0.5888 0.6914
vn 0.2778 -0.8403 0.4654
vn 0.1876 -0.9304 0.3149
vn 0.1293 -0.9675 0.2173
vn 0.0877 -0.9851 0.1477
vn 0.0549 -0.9942 0.0929
vn 0.0260 -0.9987 0.0447
vn 0.0284 0.9986 0.0452
vn 0.0561 0.9923 0.1106
vn 0.0895 0.9804 0.1757
vn 0.1313 0.9574 0.2572
vn 0.1881 0.9105 0.3683
vn 0.2715 0.8032 0.5303
vn 0.3879 0.5372 0.7490
vn 0.4687 -0.0000 0.8834
vn 0.3879 -0.5372 0.7490
vn 0.2715 -0.8032 0.5303
vn 0.1881 -0.9105 0.3683
vn 0.1313 -0.9574 0.2572
vn 0.0895 -0.9804 0.1757
vn 0.0561 -0.9923 0.1106
vn 0.0284 -0.9986 0.0452
vn 0.0279 0.9977 0.0610
vn 0.0592 0.9907 0.1225
vn 0.0881 0.9765 0.1969
vn 0.1286 0.9492 0.2871
vn 0.1826 0.8948 0.4074
vn 0.2588 0.7755 0.5759
vn 0.3572 0.5019 0.7877
vn 0.4176 -0.0000 0.9086
vn 0.3572 -0.5019 0.7877
vn 0.2588 -0.7755 0.5759
vn 0.1826 -0.8948 0.4074
vn 0.1286 -0.9492 0.2871
vn 0.0881 -0.9765 0.1969
vn 0.0592 -0.9907 0.1225
vn 0.0279 -0.9977 0.0610
vn 0.0101 0.9973 0.0729
vn 0.0653 0.9767 0.2043
vn 0.0900 0.9697 0.2273
vn 0.1151 0.9409 0.3185
vn 0.1625 0.8794 0.4475
vn 0.2271 0.7501 0.6212
vn 0.3066 0.4730 0.8260
vn 0.3523 -0.0000 0.9359
vn 0.3066 -0.4730 0.8260
vn 0.2271 -0.7501 0.6212
vn 0.1625 -0.8794 0.4475
vn 0.1151 -0.9409 0.3185
vn 0.0900 -0.9697 0.2273
vn 0.0653 -0.9767 0.2043
vn 0.0101 -0.9973 0.0729
vn -0.0000 0.9975 0.0701
vn -0.0000 0.9887 0.1496
vn -0.0000 0.9391 0.3435
vn -0.0000 0.7419 0.6705
vn -0.0000 -0.7419 0.6705
vn -0.0000 -0.9391 0.3435
vn -0.0000 -0.9692 0.2462
vn -0.0000 -0.9887 0.1496
vn -0.0000 -0.9975 0.0701
vn -0.0000 0.7770 0.6295
vn -0.0000 0.5850 0.8111
vn -0.0000 -0.4188 0.9081
vn -0.1552 0.9533 0.2589
vn -0.2129 0.8767 0.4313
vn -0.2645 0.7535 0.6018
vn -0.2917 0.6542 0.6978
vn -0.3106 0.5601 0.7680
vn -0.3244 0.4605 0.8262
vn -0.2752 -0.4357 0.8570
vn -0.2994 0.9254 0.2325
vn -0.4007 0.8319 0.3839
vn -0.4892 0.6926 0.5300
vn -0.5318 0.5909 0.6067
vn -0.5605 0.4987 0.6612
vn -0.5809 0.4050 0.7061
vn -0.4823 -0.4753 0.7358
vn -0.4248 0.8847 0.1920
vn -0.5527 0.7699 0.3190
vn -0.6584 0.6138 0.4357
vn -0.7038 0.5125 0.4920
vn -0.7330 0.4254 0.5308
vn -0.7533 0.3399 0.5630
vn -0.6099 -0.5191 0.5987
vn -0.5280 0.8374 0.1413
vn -0.6698 0.7007 0.2459
vn -0.7770 0.5328 0.3351
vn -0.8182 0.4356 0.3753
vn -0.8435 0.3559 0.4023
vn -0.8609 0.2792 0.4254
vn -0.6813 -0.5576 0.4743
vn -0.6087 0.7890 0.0833
vn -0.7570 0.6312 0.1690
vn -0.8572 0.4577 0.2361
vn -0.8917 0.3670 0.2648
vn -0.9122 0.2954 0.2839
vn -0.9263 0.2267 0.3009
vn -0.7196 -0.5892 0.3675
vn -0.0000 0.9862 -0.1657
vn -0.6683 0.7437 0.0198
vn -0.8201 0.5650 0.0902
vn -0.9096 0.3910 0.1404
vn -0.9377 0.3077 0.1613
vn -0.9538 0.2441 0.1751
vn -0.9651 0.1821 0.1883
vn -0.7390 -0.6151 0.2750
vn -0.7087 0.7039 -0.0480
vn -0.8636 0.5041 0.0094
vn -0.9420 0.3324 0.0469
vn -0.9645 0.2565 0.0626
vn -0.9771 0.2001 0.0729
vn -0.9861 0.1436 0.0835
vn -0.7467 -0.6369 0.1918
vn -0.7313 0.6714 -0.1201
vn -0.8904 0.4491 -0.0748
vn -0.9586 0.2810 -0.0465
vn -0.9767 0.2119 -0.0344
vn -0.9865 0.1619 -0.0266
vn -0.9938 0.1095 -0.0179
vn -0.7461 -0.6561 0.1135
vn -0.7369 0.6469 -0.1964
vn -0.9016 0.4002 -0.1644
vn -0.9613 0.2354 -0.1432
vn -0.9759 0.1723 -0.1336
vn -0.9836 0.1278 -0.1276
vn -0.9897 0.0783 -0.1201
vn -0.7383 -0.6735 0.0359
vn -0.7247 0.6306 -0.2778
vn -0.8963 0.3576 -0.2624
vn -0.9494 0.1946 -0.2467
vn -0.9614 0.1364 -0.2389
vn -0.9674 0.0965 -0.2343
vn -0.9725 0.0488 -0.2277
vn -0.7224 -0.6900 -0.0447
vn -0.6926 0.6221 -0.3651
vn -0.8707 0.3215 -0.3722
vn -0.9190 0.1577 -0.3615
vn -0.9291 0.1032 -0.3551
vn -0.9338 0.0671 -0.3516
vn -0.9382 0.0198 -0.3456
vn -0.6953 -0.7064 -0.1326
vn -0.6359 0.6203 -0.4591
vn -0.8168 0.2923 -0.4974
vn -0.8616 0.1241 -0.4922
vn -0.8704 0.0721 -0.4870
vn -0.8740 0.0388 -0.4843
vn -0.8778 -0.0096 -0.4789
vn -0.6507 -0.7229 -0.2322
vn -0.5466 0.6236 -0.5589
vn -0.7198 0.2707 -0.6392
vn -0.7615 0.0939 -0.6413
vn -0.7693 0.0427 -0.6375
vn -0.7720 0.0113 -0.6356
vn -0.7752 -0.0398 -0.6304
vn -0.5765 -0.7399 -0.3467
vn -0.4134 0.6293 -0.6580
vn -0.5581 0.2566 -0.7891
vn -0.5937 0.0682 -0.8018
vn -0.6003 0.0163 -0.7996
vn -0.6021 -0.0144 -0.7983
vn -0.6046 -0.0697 -0.7935
vn -0.4524 -0.7565 -0.4722
vn -0.2277 0.6343 -0.7388
vn -0.3128 0.2491 -0.9166
vn -0.3349 0.0496 -0.9409
vn -0.3391 -0.0038 -0.9407
vn -0.3400 -0.0345 -0.9398
vn -0.3414 -0.0941 -0.9352
vn -0.2574 -0.7699 -0.5840
vn -0.0000 0.6361 -0.7716
vn -0.0000 0.2467 -0.9691
vn -0.0000 0.0426 -0.9991
vn -0.0000 -0.0115 -0.9999
vn -0.0000 -0.0425 -0.9991
vn -0.0000 -0.1040 -0.9946
vn -0.0000 -0.7753 -0.6317
vn 0.2277 0.6343 -0.7388
vn 0.3128 0.2491 -0.9166
vn 0.3349 0.0496 -0.9409
vn 0.3391 -0.0038 -0.9407
vn 0.3400 -0.0345 -0.9398
vn 0.3414 -0.0941 -0.9352
vn 0.2574 -0.7699 -0.5840
vn 0.4134 0.6293 -0.6580
vn 0.5581 0.2566 -0.7891
vn 0.5937 0.0682 -0.8018
vn 0.6003 0.0163 -0.7996
vn 0.6021 -0.0144 -0.7983
vn 0.6046 -0.0697 -0.7935
vn 0.4524 -0.7565 -0.4722
vn 0.5466 0.6236 -0.5589
vn 0.7198 0.2707 -0.6392
vn 0.7615 0.0939 -0.6413
vn 0.7693 0.0427 -0.6375
vn 0.7720 0.0113 -0.6356
vn 0.7752 -0.0398 -0.6304
vn 0.5765 -0.7399 -0.3467
vn 0.6359 0.6203 -0.4591
vn 0.8168 0.2923 -0.4974
vn 0.8616 0.1241 -0.4922
vn 0.8704 0.0721 -0.4870
vn 0.8740 0.0388 -0.4843
vn 0.8778 -0.0096 -0.4789
vn 0.6507 -0.7229 -0.2322
vn 0.6926 0.6221 -0.3651
vn 0.8707 0.3215 -0.3722
vn 0.9190 0.1577 -0.3615
vn 0.9291 0.1032 -0.3551
vn 0.9338 0.0671 -0.3516
vn 0.9382 0.0198 -0.3456
vn 0.6953 -0.7064 -0.1326
vn 0.7247 0.6306 -0.2778
vn 0.8963 0.3576 -0.2624
vn 0.9494 0.1946 -0.2467
vn 0.9614 0.1364 -0.2389
vn 0.9674 0.0965 -0.2343
vn 0.9725 0.0488 -0.2277
vn 0.7224 -0.6900 -0.0447
vn 0.7369 0.6469 -0.1964
vn 0.9016 0.4002 -0.1644
vn 0.9613 0.2354 -0.1432
vn 0.9759 0.1723 -0.1336
vn 0.9836 0.1278 -0.1276
vn 0.9897 0.0783 -0.1201
vn 0.7383 -0.6735 0.0359
vn 0.7313 0.6714 -0.1201
vn 0.8904 0.4491 -0.0748
vn 0.9586 0.2810 -0.0465
vn 0.9767 0.2119 -0.0344
vn 0.9865 0.1619 -0.0266
vn 0.9938 0.1095 -0.0179
vn 0.7461 -0.6561 0.1135
vn 0.7087 0.7039 -0.0480
vn 0.8636 0.5041 0.0094
vn 0.9420 0.3324 0.0469
vn 0.9645 0.2565 0.0626
vn 0.9771 0.2001 0.0729
vn 0.9861 0.1436 0.0835
vn 0.7467 -0.6369 0.1918
vn 0.6683 0.7437 0.0198
vn 0.8201 0.5650 0.0902
vn 0.9096 0.3910 0.1404
vn 0.9377 0.3077 0.1613
vn 0.9538 0.2441 0.1751
vn 0.9651 0.1821 0.1883
vn 0.7390 -0.6151 0.2750
vn 0.6087 0.7890 0.0833
vn 0.7570 0.6312 0.1690
vn 0.8572 0.4577 0.2361
vn 0.8917 0.3670 0.2648
vn 0.9122 0.2954 0.2839
vn 0.9263 0.2267 0.3009
vn 0.7196 -0.5892 0.3675
vn 0.5280 0.8374 0.1413
vn 0.6698 0.7007 0.2459
vn 0.7770 0.5328 0.3351
vn 0.8182 0.4356 0.3753
vn 0.8435 0.3559 0.4023
vn 0.8609 0.2792 0.4254
vn 0.6813 -0.5576 0.4743
vn 0.4248 0.8847 0.1920
vn 0.5527 0.7699 0.3191
vn 0.6584 0.6138 0.4357
vn 0.7038 0.5125 0.4920
vn 0.7330 0.4254 0.5308
vn 0.7533 0.3399 0.5630
vn 0.6099 -0.5191 0.5987
vn 0.2994 0.9254 0.2325
vn 0.4007 0.8319 0.3839
vn 0.4892 0.6926 0.5300
vn 0.5318 0.5909 0.6067
vn 0.5605 0.4987 0.6612
vn 0.5809 0.4050 0.7061
vn 0.4823 -0.4753 0.7358
vn 0.1552 0.9533 0.2589
vn 0.2129 0.8767 0.4313
vn 0.2645 0.7535 0.6018
vn 0.2917 0.6542 0.6978
vn 0.3106 0.5601 0.7680
vn 0.3244 0.4605 0.8262
vn 0.2752 -0.4356 0.8570
vn -0.0000 0.9634 0.2682
vn -0.0000 0.8934 0.4493
vn -0.0000 0.6793 0.7338
vn -0.0000 0.4833 0.8755
vt 0.025102 0.802930
vt 0.027432 0.807821
vt 0.025228 0.807170
vt 0.083237 0.811595
vt 0.081563 0.818822
vt 0.081362 0.812150
vt 0.025395 0.812829
vt 0.027270 0.813383
vt 0.081198 0.806678
vt 0.083403 0.806026
vt 0.027071 0.820126
vt 0.025598 0.819691
vt 0.083526 0.801891
vt 0.081076 0.802616
vt 0.026844 0.827790
vt 0.025829 0.827491
vt 0.265773 0.812249
vt 0.263576 0.808820
vt 0.266171 0.809594
vt 0.026596 0.836082
vt 0.026079 0.835929
vt 0.268447 0.810123
vt 0.268040 0.812830
vt 0.082558 0.834549
vt 0.082299 0.843301
vt 0.082041 0.834703
vt 0.026337 0.844682
vt 0.270316 0.810386
vt 0.269918 0.813041
vt 0.082807 0.826137
vt 0.081792 0.826437
vt 0.025024 0.800272
vt 0.027552 0.803653
vt 0.083036 0.818386
vt 0.080797 0.827385
vt 0.027624 0.801040
vt 0.029954 0.805940
vt 0.080118 0.820199
vt 0.029594 0.809879
vt 0.079524 0.813903
vt 0.029109 0.815133
vt 0.079036 0.808739
vt 0.028516 0.821501
vt 0.078673 0.804906
vt 0.027839 0.828738
vt 0.263576 0.806074
vt 0.266171 0.806679
vt 0.027103 0.836565
vt 0.268447 0.807151
vt 0.081533 0.835186
vt 0.270316 0.807471
vt 0.076410 0.808673
vt 0.029877 0.823763
vt 0.028776 0.830296
vt 0.263201 0.803187
vt 0.265772 0.803615
vt 0.027581 0.837359
vt 0.268040 0.804027
vt 0.081055 0.835982
vt 0.269918 0.804407
vt 0.079859 0.828946
vt 0.030175 0.803468
vt 0.032217 0.809702
vt 0.078757 0.822464
vt 0.031631 0.813265
vt 0.077792 0.816786
vt 0.030841 0.818013
vt 0.076999 0.812129
vt 0.032577 0.807461
vt 0.034254 0.814794
vt 0.077533 0.825531
vt 0.033464 0.817848
vt 0.076233 0.820689
vt 0.032400 0.821910
vt 0.075166 0.816718
vt 0.031102 0.826826
vt 0.074374 0.813772
vt 0.029620 0.832405
vt 0.262465 0.800272
vt 0.264991 0.800520
vt 0.028011 0.838435
vt 0.267244 0.800871
vt 0.080625 0.837058
vt 0.180249 0.800272
vt 0.177919 0.803786
vt 0.178068 0.800983
vt 0.079016 0.831058
vt 0.030337 0.834985
vt 0.182289 0.803631
vt 0.184286 0.808982
vt 0.182154 0.807569
vt 0.028377 0.839750
vt 0.180096 0.803129
vt 0.179959 0.807145
vt 0.080259 0.838375
vt 0.177784 0.807724
vt 0.078298 0.833641
vt 0.175713 0.809285
vt 0.175840 0.805575
vt 0.076491 0.829280
vt 0.035986 0.821022
vt 0.035023 0.823452
vt 0.074907 0.825461
vt 0.033725 0.826677
vt 0.073607 0.822330
vt 0.032143 0.830571
vt 0.072641 0.820008
vt 0.037347 0.828145
vt 0.036248 0.829863
vt 0.073865 0.830920
vt 0.034767 0.832128
vt 0.072382 0.828749
vt 0.032962 0.834854
vt 0.071281 0.827140
vt 0.030901 0.837935
vt 0.184178 0.813619
vt 0.182040 0.812492
vt 0.028664 0.841254
vt 0.179842 0.812164
vt 0.079972 0.839881
vt 0.177669 0.812647
vt 0.077735 0.836595
vt 0.175605 0.813923
vt 0.075673 0.833569
vt 0.028862 0.842889
vt 0.181950 0.818211
vt 0.179750 0.817995
vt 0.079774 0.841519
vt 0.177579 0.818366
vt 0.077346 0.839807
vt 0.175520 0.819310
vt 0.075109 0.838233
vt 0.038285 0.835890
vt 0.037091 0.836833
vt 0.073148 0.836856
vt 0.035484 0.838056
vt 0.071539 0.835729
vt 0.033525 0.839511
vt 0.186175 0.815501
vt 0.184094 0.819006
vt 0.031289 0.841143
vt 0.072782 0.843039
vt 0.035850 0.844232
vt 0.071109 0.843000
vt 0.033813 0.844364
vt 0.186099 0.820349
vt 0.184035 0.824935
vt 0.031487 0.844486
vt 0.181888 0.824506
vt 0.028963 0.844593
vt 0.179687 0.824413
vt 0.079673 0.843225
vt 0.177517 0.824660
vt 0.077148 0.843154
vt 0.175462 0.825239
vt 0.074822 0.843091
vt 0.173652 0.820790
vt 0.173600 0.826126
vt 0.181856 0.831134
vt 0.179655 0.831171
vt 0.079673 0.844934
vt 0.028963 0.846300
vt 0.177486 0.831289
vt 0.077148 0.846507
vt 0.175432 0.831482
vt 0.074822 0.847959
vt 0.173573 0.831745
vt 0.072782 0.849234
vt 0.037522 0.844095
vt 0.035850 0.850418
vt 0.071109 0.850284
vt 0.033813 0.849225
vt 0.186046 0.825685
vt 0.184005 0.831179
vt 0.031487 0.847834
vt 0.037522 0.851370
vt 0.035484 0.856378
vt 0.073148 0.855201
vt 0.071539 0.857301
vt 0.033525 0.853907
vt 0.186019 0.831304
vt 0.184005 0.837497
vt 0.031289 0.851059
vt 0.181856 0.837841
vt 0.028862 0.847944
vt 0.179655 0.838010
vt 0.079774 0.846580
vt 0.177486 0.837996
vt 0.077346 0.849736
vt 0.175432 0.837801
vt 0.075109 0.852647
vt 0.173573 0.837431
vt 0.079972 0.848101
vt 0.028664 0.849463
vt 0.177517 0.844525
vt 0.077735 0.852719
vt 0.175462 0.843951
vt 0.075673 0.856977
vt 0.173600 0.842966
vt 0.073865 0.860712
vt 0.037091 0.858378
vt 0.034767 0.861882
vt 0.072382 0.863781
vt 0.032962 0.858231
vt 0.186019 0.836991
vt 0.184035 0.843647
vt 0.030901 0.854038
vt 0.181888 0.844370
vt 0.179687 0.844667
vt 0.074907 0.865555
vt 0.073607 0.869475
vt 0.033725 0.866718
vt 0.032143 0.862031
vt 0.186046 0.842526
vt 0.184094 0.849393
vt 0.030337 0.856655
vt 0.181950 0.850470
vt 0.028377 0.850797
vt 0.179750 0.850885
vt 0.080259 0.849437
vt 0.177579 0.850624
vt 0.078298 0.855339
vt 0.175520 0.849696
vt 0.076491 0.860782
vt 0.173652 0.848137
vt 0.036248 0.864850
vt 0.177669 0.856060
vt 0.080625 0.850537
vt 0.079016 0.857498
vt 0.175605 0.854817
vt 0.077533 0.863915
vt 0.035023 0.870536
vt 0.034254 0.878543
vt 0.033464 0.875220
vt 0.076233 0.869543
vt 0.032400 0.870701
vt 0.075166 0.874165
vt 0.031102 0.865161
vt 0.186099 0.847697
vt 0.184178 0.854513
vt 0.029620 0.858811
vt 0.182040 0.855905
vt 0.028011 0.851896
vt 0.179842 0.856427
vt 0.030841 0.873678
vt 0.029877 0.867499
vt 0.076410 0.881497
vt 0.074374 0.877603
vt 0.028776 0.860422
vt 0.184286 0.858811
vt 0.182154 0.860468
vt 0.027581 0.852717
vt 0.179959 0.861080
vt 0.081055 0.851359
vt 0.177784 0.860623
vt 0.079859 0.859111
vt 0.175713 0.859115
vt 0.078757 0.866257
vt 0.032217 0.882432
vt 0.031631 0.878720
vt 0.077792 0.872523
vt 0.076999 0.877669
vt 0.175840 0.862425
vt 0.080118 0.867717
vt 0.029954 0.884857
vt 0.029594 0.880902
vt 0.079524 0.874381
vt 0.029109 0.875534
vt 0.079036 0.879854
vt 0.028516 0.868957
vt 0.078673 0.883925
vt 0.027839 0.861426
vt 0.184413 0.862122
vt 0.182289 0.863982
vt 0.027103 0.853229
vt 0.180096 0.864663
vt 0.081533 0.851872
vt 0.177919 0.864137
vt 0.080797 0.860116
vt 0.027071 0.869479
vt 0.026844 0.861785
vt 0.078451 0.886437
vt 0.081076 0.884793
vt 0.081001 0.887359
vt 0.026596 0.853412
vt 0.182439 0.866314
vt 0.180249 0.867040
vt 0.082041 0.852055
vt 0.178068 0.866469
vt 0.081792 0.860476
vt 0.030175 0.887245
vt 0.027552 0.885724
vt 0.081563 0.868239
vt 0.027432 0.881683
vt 0.081362 0.875046
vt 0.027270 0.876197
vt 0.081198 0.880635
vt 0.082807 0.860176
vt 0.083036 0.867803
vt 0.025102 0.885000
vt 0.025228 0.881031
vt 0.083237 0.874491
vt 0.025395 0.875644
vt 0.083403 0.879983
vt 0.025598 0.869044
vt 0.083526 0.884068
vt 0.025829 0.861486
vt 0.083602 0.886589
vt 0.026079 0.853260
vt 0.224997 0.842358
vt 0.222941 0.839310
vt 0.225138 0.839980
vt 0.082558 0.851902
vt 0.227313 0.839444
vt 0.227174 0.841776
vt 0.027624 0.888166
vt 0.220919 0.834149
vt 0.223059 0.835795
vt 0.025571 0.852777
vt 0.225258 0.836396
vt 0.083065 0.851419
vt 0.227430 0.835929
vt 0.083802 0.859227
vt 0.229494 0.834411
vt 0.229383 0.837722
vt 0.084481 0.866426
vt 0.022700 0.882714
vt 0.023065 0.878973
vt 0.085076 0.872738
vt 0.023556 0.873893
vt 0.085565 0.877922
vt 0.024153 0.867669
vt 0.085928 0.881778
vt 0.024834 0.860538
vt 0.020437 0.878952
vt 0.021029 0.875588
vt 0.086808 0.869855
vt 0.021824 0.871014
vt 0.087602 0.874532
vt 0.022792 0.865406
vt 0.088191 0.878011
vt 0.023896 0.858980
vt 0.221006 0.829850
vt 0.223152 0.831232
vt 0.025093 0.851982
vt 0.225352 0.831744
vt 0.083543 0.850623
vt 0.227523 0.831366
vt 0.084739 0.857667
vt 0.229581 0.830112
vt 0.085842 0.864161
vt 0.023053 0.856871
vt 0.024663 0.850907
vt 0.223215 0.825796
vt 0.225417 0.826201
vt 0.083973 0.849547
vt 0.227586 0.825930
vt 0.085583 0.855555
vt 0.229641 0.824992
vt 0.087067 0.861094
vt 0.139735 0.872431
vt 0.137293 0.871562
vt 0.139355 0.868637
vt 0.088367 0.865953
vt 0.020265 0.867117
vt 0.089435 0.869943
vt 0.021568 0.862344
vt 0.218999 0.827651
vt 0.221066 0.824730
vt 0.089693 0.861180
vt 0.019196 0.871005
vt 0.018940 0.862350
vt 0.090993 0.864331
vt 0.020526 0.858599
vt 0.219053 0.823043
vt 0.221097 0.818984
vt 0.022335 0.854291
vt 0.223248 0.819696
vt 0.024297 0.849592
vt 0.225450 0.819982
vt 0.084339 0.848230
vt 0.227619 0.819830
vt 0.086300 0.852972
vt 0.135132 0.873305
vt 0.136934 0.866174
vt 0.088108 0.857344
vt 0.139032 0.863787
vt 0.223248 0.813167
vt 0.225450 0.813325
vt 0.084626 0.846724
vt 0.024010 0.848088
vt 0.132568 0.867964
vt 0.134451 0.860839
vt 0.134751 0.867584
vt 0.086864 0.850017
vt 0.136652 0.859820
vt 0.088927 0.853055
vt 0.138778 0.858069
vt 0.090734 0.855721
vt 0.017637 0.865400
vt 0.017898 0.856899
vt 0.092218 0.857912
vt 0.019708 0.854316
vt 0.219081 0.817872
vt 0.221097 0.812834
vt 0.021771 0.851341
vt 0.140600 0.850238
vt 0.140749 0.855653
vt 0.091452 0.849786
vt 0.093062 0.850933
vt 0.017181 0.850971
vt 0.019144 0.849658
vt 0.219081 0.812337
vt 0.221066 0.806516
vt 0.021383 0.848133
vt 0.223215 0.806460
vt 0.023812 0.846452
vt 0.132262 0.861087
vt 0.129962 0.853043
vt 0.132052 0.853429
vt 0.084824 0.845086
vt 0.134245 0.853328
vt 0.087252 0.846805
vt 0.136457 0.852745
vt 0.089490 0.848392
vt 0.138603 0.851701
vt 0.023711 0.844748
vt 0.134140 0.845340
vt 0.087450 0.843458
vt 0.136358 0.845220
vt 0.089778 0.843533
vt 0.138514 0.844930
vt 0.091818 0.843602
vt 0.140525 0.844479
vt 0.093492 0.843661
vt 0.016815 0.844795
vt 0.018857 0.844806
vt 0.219053 0.806651
vt 0.221006 0.800272
vt 0.021185 0.844790
vt 0.127956 0.844661
vt 0.129857 0.845055
vt 0.131945 0.845284
vt 0.084925 0.843380
vt 0.016815 0.838608
vt 0.018857 0.839945
vt 0.126316 0.844118
vt 0.127956 0.836977
vt 0.021185 0.841442
vt 0.129857 0.836897
vt 0.023711 0.843042
vt 0.131945 0.836966
vt 0.084925 0.841671
vt 0.134140 0.837182
vt 0.087450 0.840106
vt 0.136358 0.837536
vt 0.089778 0.838666
vt 0.138514 0.838014
vt 0.091818 0.837407
vt 0.140525 0.838598
vt 0.093492 0.836377
vt 0.084824 0.840025
vt 0.087252 0.836876
vt 0.136457 0.829986
vt 0.089490 0.833978
vt 0.138603 0.831219
vt 0.091452 0.831440
vt 0.140600 0.832819
vt 0.093062 0.829360
vt 0.017181 0.832649
vt 0.019144 0.835263
vt 0.126316 0.837202
vt 0.128055 0.829427
vt 0.021383 0.838217
vt 0.129962 0.828882
vt 0.023812 0.841397
vt 0.132052 0.828795
vt 0.134245 0.829167
vt 0.126405 0.830408
vt 0.128249 0.822303
vt 0.021771 0.835238
vt 0.130168 0.821319
vt 0.024010 0.839879
vt 0.132262 0.821083
vt 0.084626 0.838504
vt 0.134451 0.821604
vt 0.086864 0.833894
vt 0.136652 0.822862
vt 0.088927 0.829648
vt 0.138778 0.824807
vt 0.090734 0.825929
vt 0.140749 0.827367
vt 0.092218 0.822880
vt 0.017898 0.827145
vt 0.019708 0.830939
vt 0.136934 0.816436
vt 0.086300 0.831273
vt 0.088108 0.825843
vt 0.139032 0.819025
vt 0.089693 0.821086
vt 0.016412 0.824003
vt 0.018940 0.822309
vt 0.090993 0.817186
vt 0.020526 0.827139
vt 0.126580 0.823996
vt 0.128532 0.815877
vt 0.022335 0.832621
vt 0.130468 0.814498
vt 0.024297 0.838544
vt 0.132568 0.814129
vt 0.084339 0.837168
vt 0.134751 0.814783
vt 0.023053 0.830465
vt 0.128891 0.810398
vt 0.130849 0.808682
vt 0.024663 0.837446
vt 0.132956 0.808198
vt 0.083973 0.836068
vt 0.135132 0.808967
vt 0.085583 0.829115
vt 0.137293 0.810957
vt 0.087067 0.822710
vt 0.139355 0.814094
vt 0.088367 0.817098
vt 0.017637 0.818316
vt 0.020265 0.818326
vt 0.089435 0.812496
vt 0.021568 0.824009
vt 0.090228 0.809081
vt 0.091960 0.814292
vt 0.084739 0.827502
vt 0.085842 0.820368
vt 0.019196 0.813633
vt 0.020437 0.806222
vt 0.021029 0.810133
vt 0.086808 0.814118
vt 0.021824 0.815349
vt 0.087602 0.808992
vt 0.022792 0.821671
vt 0.088191 0.805187
vt 0.023896 0.828854
vt 0.129313 0.806075
vt 0.131297 0.804093
vt 0.025093 0.836624
vt 0.133413 0.803519
vt 0.083543 0.835245
vt 0.135581 0.804378
vt 0.137715 0.806635
vt 0.088555 0.802849
vt 0.085928 0.802759
vt 0.086152 0.800272
vt 0.024834 0.827850
vt 0.025571 0.836112
vt 0.131795 0.800908
vt 0.133921 0.800272
vt 0.083065 0.834733
vt 0.136079 0.801193
vt 0.083802 0.826496
vt 0.138184 0.803634
vt 0.084481 0.818908
vt 0.022700 0.803797
vt 0.023065 0.807950
vt 0.085076 0.812260
vt 0.023556 0.813493
vt 0.085565 0.806807
vt 0.024153 0.820212
vt 0.264991 0.814541
vt 0.263201 0.811320
vt 0.267244 0.815166
vt 0.269136 0.815332
vt 0.022473 0.801193
vt 0.812760 0.661770
vt 0.804327 0.682316
vt 0.803575 0.662370
vt 0.814542 0.640734
vt 0.802462 0.641640
vt 0.807695 0.721562
vt 0.805989 0.741709
vt 0.805453 0.721756
vt 0.809382 0.701652
vt 0.804922 0.702013
vt 0.811062 0.681823
vt 0.803224 0.722707
vt 0.800463 0.703854
vt 0.797554 0.684976
vt 0.794308 0.665801
vt 0.790500 0.646067
vt 0.801088 0.724383
vt 0.796150 0.707124
vt 0.790932 0.689747
vt 0.785125 0.671987
vt 0.778858 0.653687
vt 0.792140 0.711729
vt 0.784708 0.696516
vt 0.776530 0.680891
vt 0.767275 0.664524
vt 0.799127 0.726726
vt 0.797417 0.729653
vt 0.788597 0.717530
vt 0.779094 0.705138
vt 0.768767 0.692232
vt 0.756736 0.678656
vt 0.762138 0.705799
vt 0.747831 0.695701
vt 0.796033 0.733054
vt 0.785706 0.724315
vt 0.774616 0.715272
vt 0.795037 0.736798
vt 0.783679 0.731799
vt 0.771308 0.726590
vt 0.757383 0.721055
vt 0.741383 0.715126
vt 0.754857 0.737295
vt 0.738095 0.735890
vt 0.794486 0.740733
vt 0.782534 0.739706
vt 0.769504 0.738571
vt 0.794383 0.744707
vt 0.782353 0.747694
vt 0.769293 0.750675
vt 0.754691 0.753671
vt 0.738095 0.756724
vt 0.741027 0.776562
vt 0.794735 0.748563
vt 0.783136 0.755427
vt 0.770632 0.762353
vt 0.756741 0.769391
vt 0.795524 0.752146
vt 0.784818 0.762586
vt 0.773372 0.773118
vt 0.760720 0.783818
vt 0.746387 0.794695
vt 0.753749 0.810648
vt 0.796713 0.755317
vt 0.787297 0.768895
vt 0.777314 0.782570
vt 0.766314 0.796466
vt 0.790451 0.774126
vt 0.782247 0.790388
vt 0.773226 0.806947
vt 0.762784 0.824014
vt 0.798248 0.757957
vt 0.800069 0.759970
vt 0.794145 0.778100
vt 0.787961 0.796319
vt 0.781179 0.814932
vt 0.773216 0.834386
vt 0.794245 0.800172
vt 0.789908 0.820152
vt 0.784791 0.841359
vt 0.802105 0.761283
vt 0.798239 0.780685
vt 0.804283 0.761851
vt 0.802593 0.781798
vt 0.800897 0.801827
vt 0.799154 0.822401
vt 0.797277 0.844559
vt 0.807072 0.781433
vt 0.807732 0.801314
vt 0.808646 0.821739
vt 0.810123 0.843505
vt 0.806525 0.761657
vt 0.808753 0.760705
vt 0.811543 0.779574
vt 0.814575 0.798573
vt 0.818129 0.818062
vt 0.822707 0.838578
vt 0.821204 0.793688
vt 0.827312 0.811528
vt 0.834735 0.830109
vt 0.810886 0.759028
vt 0.815853 0.776278
vt 0.812844 0.756684
vt 0.819842 0.771652
vt 0.827383 0.786811
vt 0.835888 0.802360
vt 0.845889 0.818452
vt 0.832859 0.778157
vt 0.843530 0.790832
vt 0.855829 0.803965
vt 0.814549 0.753758
vt 0.823347 0.765849
vt 0.815929 0.750358
vt 0.826209 0.759075
vt 0.837370 0.768006
vt 0.849879 0.777280
vt 0.864163 0.786992
vt 0.854544 0.762129
vt 0.870390 0.767930
vt 0.816925 0.746617
vt 0.828281 0.751585
vt 0.840654 0.756720
vt 0.817492 0.742682
vt 0.829447 0.743680
vt 0.842482 0.744753
vt 0.857135 0.745959
vt 0.873895 0.747393
vt 0.817611 0.738710
vt 0.829648 0.735693
vt 0.842719 0.732638
vt 0.857376 0.729525
vt 0.874146 0.726371
vt 0.828909 0.727974
vt 0.841362 0.720926
vt 0.855255 0.713686
vt 0.871057 0.706139
vt 0.817259 0.734851
vt 0.816467 0.731266
vt 0.827200 0.720800
vt 0.838652 0.710183
vt 0.851003 0.699198
vt 0.865146 0.687839
vt 0.834568 0.700739
vt 0.845258 0.686713
vt 0.857134 0.672136
vt 0.815274 0.728094
vt 0.824683 0.714486
vt 0.813734 0.725454
vt 0.821505 0.709272
vt 0.829571 0.693020
vt 0.838283 0.676490
vt 0.847539 0.659505
vt 0.823847 0.687203
vt 0.830271 0.668847
vt 0.837344 0.650035
vt 0.811911 0.723442
vt 0.817804 0.705323
vt 0.809873 0.722130
vt 0.813718 0.702758
vt 0.817617 0.683442
vt 0.821714 0.663907
vt 0.826298 0.643659
vt 0.983331 0.242187
vt 0.948752 0.247619
vt 0.944249 0.209958
vt 0.983087 0.101172
vt 0.944249 0.102203
vt 0.983331 0.069974
vt 0.983087 0.210990
vt 0.938299 0.186766
vt 0.948752 0.064543
vt 0.983588 0.033743
vt 0.979876 0.187171
vt 0.933100 0.172400
vt 0.976805 0.169821
vt 0.929767 0.163037
vt 0.975857 0.156081
vt 0.928643 0.156081
vt 0.929767 0.149125
vt 0.976805 0.142340
vt 0.933100 0.139761
vt 0.979876 0.124990
vt 0.938299 0.125395
vt 0.909100 0.159782
vt 0.908319 0.156081
vt 0.909100 0.152380
vt 0.911513 0.146971
vt 0.929376 0.273378
vt 0.926597 0.221400
vt 0.915634 0.137731
vt 0.921182 0.191065
vt 0.921182 0.121096
vt 0.915634 0.174430
vt 0.926597 0.090762
vt 0.911513 0.165190
vt 0.929376 0.038783
vt 0.944484 0.016412
vt 0.908106 0.131739
vt 0.908106 0.180422
vt 0.904042 0.167885
vt 0.912491 0.106542
vt 0.901239 0.161566
vt 0.914950 0.056249
vt 0.899681 0.158199
vt 0.899187 0.156081
vt 0.899681 0.153962
vt 0.901239 0.150595
vt 0.914950 0.255913
vt 0.912491 0.205620
vt 0.904042 0.144276
vt 0.895299 0.154747
vt 0.896216 0.152443
vt 0.904059 0.243937
vt 0.903188 0.196404
vt 0.897878 0.147704
vt 0.900352 0.174587
vt 0.900352 0.137575
vt 0.897878 0.164457
vt 0.903188 0.115757
vt 0.896216 0.159718
vt 0.904059 0.068224
vt 0.895299 0.157414
vt 0.895009 0.156081
vt 0.895395 0.171696
vt 0.894302 0.162827
vt 0.896514 0.120591
vt 0.893568 0.158849
vt 0.895733 0.074919
vt 0.893148 0.157039
vt 0.893001 0.156081
vt 0.893148 0.155122
vt 0.893568 0.153312
vt 0.895733 0.237242
vt 0.896514 0.191570
vt 0.894302 0.149334
vt 0.895395 0.140466
vt 0.891838 0.155241
vt 0.891835 0.153561
vt 0.888720 0.235055
vt 0.891145 0.190016
vt 0.891815 0.149807
vt 0.891710 0.170823
vt 0.891710 0.141338
vt 0.891815 0.162355
vt 0.891145 0.122146
vt 0.891835 0.158600
vt 0.888720 0.077106
vt 0.891838 0.156920
vt 0.891838 0.156081
vt 0.888015 0.140617
vt 0.885709 0.121049
vt 0.890104 0.158836
vt 0.881528 0.075763
vt 0.890530 0.157036
vt 0.890678 0.156081
vt 0.890530 0.155125
vt 0.890104 0.153325
vt 0.885709 0.191112
vt 0.889330 0.149379
vt 0.888015 0.171544
vt 0.889330 0.162782
vt 0.888392 0.154759
vt 0.887472 0.152484
vt 0.881528 0.236399
vt 0.878785 0.195257
vt 0.885767 0.147838
vt 0.883023 0.174174
vt 0.883023 0.137987
vt 0.885767 0.164323
vt 0.878785 0.116905
vt 0.887472 0.159677
vt 0.872527 0.070187
vt 0.888392 0.157403
vt 0.888682 0.156081
vt 0.868930 0.108921
vt 0.860186 0.059818
vt 0.884074 0.158158
vt 0.884563 0.156081
vt 0.884074 0.154003
vt 0.882521 0.150727
vt 0.872527 0.241974
vt 0.868930 0.203240
vt 0.879669 0.144645
vt 0.875216 0.179430
vt 0.875216 0.132731
vt 0.879669 0.167516
vt 0.882521 0.161434
vt 0.860186 0.252343
vt 0.853600 0.216600
vt 0.872577 0.147411
vt 0.868372 0.138793
vt 0.862106 0.188652
vt 0.862106 0.123509
vt 0.868372 0.173368
vt 0.853600 0.095561
vt 0.872577 0.164751
vt 0.843017 0.044657
vt 0.874959 0.159627
vt 0.875721 0.156081
vt 0.874959 0.152534
vt 0.855776 0.162434
vt 0.856850 0.156081
vt 0.855776 0.149728
vt 0.852491 0.141312
vt 0.843017 0.267504
vt 0.827607 0.238035
vt 0.846944 0.128653
vt 0.838968 0.203677
vt 0.838968 0.108484
vt 0.846944 0.183509
vt 0.827607 0.074126
vt 0.852491 0.170849
vt 0.823888 0.024414
vt 0.813129 0.131442
vt 0.806586 0.113481
vt 0.796345 0.223988
vt 0.796345 0.088173
vt 0.806586 0.198680
vt 0.786760 0.054016
vt 0.813129 0.180719
vt 0.816979 0.167235
vt 0.818244 0.156081
vt 0.816979 0.144926
vt 0.750470 0.156081
vt 0.749761 0.140047
vt 0.747360 0.122115
vt 0.743527 0.101221
vt 0.738095 0.078181
vt 0.743527 0.210940
vt 0.747360 0.190046
vt 0.749761 0.172114
vt 0.978155 0.413382
vt 0.925337 0.400334
vt 0.983588 0.390342
vt 0.978155 0.523101
vt 0.925337 0.536149
vt 0.915097 0.510841
vt 0.974323 0.502207
vt 0.908553 0.492880
vt 0.971922 0.484275
vt 0.904703 0.479396
vt 0.971212 0.468241
vt 0.903438 0.468242
vt 0.904703 0.457087
vt 0.971922 0.452208
vt 0.908553 0.443603
vt 0.974323 0.434276
vt 0.915097 0.425642
vt 0.865907 0.461888
vt 0.869191 0.453473
vt 0.874739 0.440814
vt 0.894076 0.550196
vt 0.882714 0.515838
vt 0.882714 0.420645
vt 0.874739 0.495670
vt 0.894076 0.386287
vt 0.934922 0.366177
vt 0.869191 0.483010
vt 0.865907 0.474595
vt 0.864832 0.468242
vt 0.868082 0.407722
vt 0.853311 0.485529
vt 0.849105 0.476912
vt 0.878665 0.356818
vt 0.897794 0.336575
vt 0.846723 0.471788
vt 0.845961 0.468242
vt 0.846723 0.464695
vt 0.849105 0.459572
vt 0.878665 0.579665
vt 0.868082 0.528761
vt 0.853311 0.450954
vt 0.859577 0.500813
vt 0.859577 0.435670
vt 0.839161 0.462888
vt 0.861496 0.564504
vt 0.852752 0.515401
vt 0.842013 0.456806
vt 0.846467 0.491591
vt 0.846467 0.444892
vt 0.842013 0.479677
vt 0.852752 0.421082
vt 0.839161 0.473595
vt 0.861496 0.371979
vt 0.837608 0.470319
vt 0.837119 0.468242
vt 0.837608 0.466164
vt 0.835915 0.476484
vt 0.834211 0.471838
vt 0.849155 0.382348
vt 0.833290 0.469564
vt 0.833000 0.468242
vt 0.833290 0.466920
vt 0.834211 0.464645
vt 0.849156 0.554135
vt 0.842897 0.507418
vt 0.835915 0.459999
vt 0.838659 0.486335
vt 0.838659 0.450148
vt 0.842897 0.429066
vt 0.831578 0.465486
vt 0.840154 0.548560
vt 0.835974 0.503273
vt 0.832352 0.461540
vt 0.833667 0.483705
vt 0.833667 0.452778
vt 0.832352 0.474943
vt 0.835974 0.433210
vt 0.831578 0.470997
vt 0.840154 0.387924
vt 0.831152 0.469197
vt 0.831005 0.468242
vt 0.831152 0.467286
vt 0.832962 0.389267
vt 0.829848 0.470761
vt 0.829844 0.469081
vt 0.829844 0.468242
vt 0.829844 0.467402
vt 0.829848 0.465722
vt 0.832962 0.547216
vt 0.830538 0.502177
vt 0.829867 0.461968
vt 0.829972 0.482984
vt 0.829972 0.453499
vt 0.829867 0.474516
vt 0.830538 0.434306
vt 0.825168 0.503731
vt 0.828114 0.465473
vt 0.827380 0.461495
vt 0.826288 0.483856
vt 0.826288 0.452627
vt 0.827380 0.474988
vt 0.825168 0.432752
vt 0.828114 0.471010
vt 0.825949 0.387080
vt 0.828534 0.469200
vt 0.828681 0.468242
vt 0.828534 0.467283
vt 0.826383 0.469575
vt 0.826673 0.468242
vt 0.826383 0.466908
vt 0.825466 0.464604
vt 0.825949 0.549403
vt 0.818494 0.508565
vt 0.823804 0.459865
vt 0.821331 0.486748
vt 0.821331 0.449735
vt 0.823804 0.476618
vt 0.818494 0.427918
vt 0.825466 0.471879
vt 0.817623 0.380385
vt 0.820443 0.462756
vt 0.817640 0.456437
vt 0.813576 0.492583
vt 0.813576 0.443900
vt 0.817640 0.480047
vt 0.809191 0.418703
vt 0.820443 0.473727
vt 0.806732 0.368410
vt 0.822002 0.470360
vt 0.822495 0.468242
vt 0.822002 0.466123
vt 0.817623 0.556098
vt 0.809191 0.517781
vt 0.813363 0.468242
vt 0.812583 0.464541
vt 0.810169 0.459132
vt 0.806732 0.568074
vt 0.795086 0.533561
vt 0.806049 0.449892
vt 0.800501 0.503226
vt 0.800501 0.433257
vt 0.806049 0.486591
vt 0.795086 0.402922
vt 0.810169 0.477351
vt 0.792307 0.350944
vt 0.812583 0.471942
vt 0.783383 0.437556
vt 0.777433 0.414364
vt 0.783383 0.498927
vt 0.772930 0.376704
vt 0.788583 0.484561
vt 0.777198 0.328573
vt 0.791916 0.475198
vt 0.793039 0.468242
vt 0.791916 0.461286
vt 0.788583 0.451922
vt 0.792307 0.585539
vt 0.772930 0.559780
vt 0.777433 0.522119
vt 0.745826 0.468242
vt 0.744877 0.454501
vt 0.741807 0.437151
vt 0.738595 0.413333
vt 0.738351 0.554348
vt 0.738351 0.382135
vt 0.738595 0.523151
vt 0.738094 0.345904
vt 0.741807 0.499332
vt 0.744877 0.481982
vt 0.222567 0.391930
vt 0.067837 0.391930
vt 0.233883 0.349017
vt 0.653846 0.391930
vt 0.499116 0.391930
vt 0.487800 0.349017
vt 0.360841 0.391930
vt 0.365601 0.253728
vt 0.368376 0.391930
vt 0.263300 0.391930
vt 0.282601 0.323677
vt 0.372227 0.257023
vt 0.377830 0.391930
vt 0.290392 0.391930
vt 0.305342 0.279876
vt 0.382115 0.262602
vt 0.390617 0.391930
vt 0.313766 0.391930
vt 0.325217 0.270263
vt 0.396465 0.270263
vt 0.407916 0.391930
vt 0.331065 0.391930
vt 0.339567 0.262602
vt 0.416340 0.279876
vt 0.431290 0.391930
vt 0.343852 0.391930
vt 0.349455 0.257023
vt 0.439081 0.323676
vt 0.458383 0.391930
vt 0.353307 0.391930
vt 0.356081 0.253728
vt 0.360841 0.252687
vt 0.470178 0.306533
vt 0.358945 0.207829
vt 0.360841 0.207016
vt 0.251504 0.306533
vt 0.362738 0.207829
vt 0.293966 0.253067
vt 0.365873 0.210604
vt 0.322640 0.235729
vt 0.371611 0.215811
vt 0.339903 0.223893
vt 0.381780 0.223893
vt 0.350071 0.215811
vt 0.399042 0.235729
vt 0.355809 0.210604
vt 0.427716 0.253067
vt 0.336794 0.210697
vt 0.349827 0.201259
vt 0.371855 0.201259
vt 0.356055 0.195851
vt 0.384888 0.210697
vt 0.358913 0.192828
vt 0.410678 0.226862
vt 0.360199 0.191358
vt 0.461666 0.257871
vt 0.360841 0.190962
vt 0.260017 0.257871
vt 0.361483 0.191358
vt 0.311004 0.226862
vt 0.362770 0.192828
vt 0.365627 0.195851
vt 0.360629 0.186643
vt 0.360841 0.186483
vt 0.269180 0.241986
vt 0.452502 0.241986
vt 0.361053 0.186643
vt 0.322974 0.210329
vt 0.361565 0.187271
vt 0.345847 0.197575
vt 0.362931 0.188692
vt 0.355141 0.191620
vt 0.366541 0.191620
vt 0.358751 0.188692
vt 0.375835 0.197575
vt 0.360117 0.187271
vt 0.398708 0.210329
vt 0.363949 0.187699
vt 0.357734 0.187699
vt 0.359872 0.186272
vt 0.370657 0.191057
vt 0.360547 0.185652
vt 0.390832 0.200196
vt 0.360766 0.185401
vt 0.446169 0.230955
vt 0.360841 0.185340
vt 0.275514 0.230955
vt 0.360916 0.185401
vt 0.330850 0.200196
vt 0.361135 0.185652
vt 0.351025 0.191057
vt 0.361810 0.186272
vt 0.279316 0.223343
vt 0.442366 0.223343
vt 0.360873 0.185076
vt 0.335477 0.194156
vt 0.360978 0.185174
vt 0.353752 0.187851
vt 0.361359 0.185433
vt 0.358909 0.186082
vt 0.362773 0.186082
vt 0.360323 0.185433
vt 0.367930 0.187851
vt 0.360704 0.185174
vt 0.386205 0.194156
vt 0.360810 0.185076
vt 0.360841 0.185053
vt 0.359403 0.185362
vt 0.360491 0.185111
vt 0.366679 0.186183
vt 0.360759 0.185021
vt 0.384048 0.190521
vt 0.360825 0.184987
vt 0.440796 0.218095
vt 0.360841 0.184978
vt 0.280886 0.218095
vt 0.360858 0.184987
vt 0.337634 0.190521
vt 0.360923 0.185021
vt 0.355003 0.186183
vt 0.361191 0.185111
vt 0.362279 0.185362
vt 0.360854 0.184955
vt 0.280215 0.214512
vt 0.337914 0.188127
vt 0.360911 0.184956
vt 0.355299 0.185171
vt 0.361149 0.184958
vt 0.359529 0.184971
vt 0.362153 0.184971
vt 0.360533 0.184958
vt 0.366383 0.185171
vt 0.360772 0.184956
vt 0.383769 0.188127
vt 0.360828 0.184955
vt 0.441467 0.214512
vt 0.360841 0.184955
vt 0.362279 0.184590
vt 0.366822 0.184211
vt 0.360761 0.184893
vt 0.385329 0.186089
vt 0.360825 0.184925
vt 0.445218 0.212223
vt 0.360841 0.184933
vt 0.276464 0.212223
vt 0.360857 0.184925
vt 0.336353 0.186089
vt 0.360921 0.184893
vt 0.354860 0.184211
vt 0.361187 0.184809
vt 0.359403 0.184590
vt 0.360495 0.184809
vt 0.360871 0.184841
vt 0.360973 0.184748
vt 0.353277 0.182742
vt 0.361351 0.184501
vt 0.358894 0.183904
vt 0.362789 0.183904
vt 0.360332 0.184501
vt 0.368405 0.182742
vt 0.360709 0.184748
vt 0.389869 0.183820
vt 0.360811 0.184841
vt 0.454963 0.211941
vt 0.360841 0.184863
vt 0.266720 0.211941
vt 0.331813 0.183820
vt 0.372047 0.180037
vt 0.399327 0.180929
vt 0.360770 0.184536
vt 0.473104 0.215006
vt 0.360841 0.184594
vt 0.248578 0.215006
vt 0.360913 0.184536
vt 0.322355 0.180929
vt 0.361126 0.184294
vt 0.349635 0.180037
vt 0.361799 0.183697
vt 0.357621 0.182369
vt 0.364062 0.182369
vt 0.359883 0.183697
vt 0.360556 0.184294
vt 0.341594 0.174646
vt 0.361557 0.182741
vt 0.363002 0.181334
vt 0.354453 0.178581
vt 0.367229 0.178581
vt 0.358680 0.181334
vt 0.380088 0.174646
vt 0.360125 0.182741
vt 0.417663 0.177191
vt 0.360636 0.183358
vt 0.500139 0.222926
vt 0.360841 0.183513
vt 0.221543 0.222927
vt 0.361046 0.183358
vt 0.304019 0.177191
vt 0.360171 0.178658
vt 0.452504 0.173574
vt 0.537932 0.239941
vt 0.360841 0.179072
vt 0.183750 0.239942
vt 0.361511 0.178658
vt 0.269179 0.173574
vt 0.362950 0.177079
vt 0.322800 0.163405
vt 0.366531 0.173809
vt 0.345992 0.168511
vt 0.375690 0.168511
vt 0.355151 0.173809
vt 0.398882 0.163405
vt 0.358732 0.177079
vt 0.368235 0.154355
vt 0.378829 0.147024
vt 0.319975 0.138441
vt 0.401707 0.138441
vt 0.342853 0.147024
vt 0.447050 0.138872
vt 0.353447 0.154355
vt 0.518608 0.175507
vt 0.358265 0.158298
vt 0.585046 0.293281
vt 0.360841 0.159395
vt 0.136636 0.293282
vt 0.363417 0.158298
vt 0.203074 0.175507
vt 0.274632 0.138873
vt 0.605024 0.236872
vt 0.642670 0.329674
vt 0.360841 0.037566
vt 0.079013 0.329675
vt 0.374526 0.035183
vt 0.116658 0.236873
vt 0.396718 0.027205
vt 0.122783 0.081322
vt 0.438330 0.016412
vt 0.211218 0.021134
vt 0.510464 0.021134
vt 0.283352 0.016412
vt 0.598899 0.081321
vt 0.324964 0.027205
vt 0.347156 0.035183
vt 0.016412 0.391930
vt 0.705271 0.391930
vt 0.079013 0.454186
vt 0.642670 0.454186
vt 0.438330 0.767448
vt 0.401707 0.645419
vt 0.510464 0.762726
vt 0.283352 0.767448
vt 0.319975 0.645419
vt 0.342853 0.636836
vt 0.447050 0.644988
vt 0.598899 0.702538
vt 0.324964 0.756655
vt 0.353447 0.629505
vt 0.518608 0.608353
vt 0.605024 0.546988
vt 0.347156 0.748677
vt 0.358265 0.625562
vt 0.585046 0.490579
vt 0.360841 0.746294
vt 0.360841 0.624465
vt 0.136636 0.490579
vt 0.363417 0.625562
vt 0.374526 0.748677
vt 0.116658 0.546988
vt 0.203075 0.608353
vt 0.368235 0.629505
vt 0.396718 0.756655
vt 0.122783 0.702538
vt 0.274632 0.644988
vt 0.378830 0.636836
vt 0.211218 0.762726
vt 0.537932 0.543918
vt 0.361511 0.605202
vt 0.183751 0.543919
vt 0.269179 0.610286
vt 0.362950 0.606781
vt 0.322800 0.620456
vt 0.366531 0.610051
vt 0.345992 0.615349
vt 0.375690 0.615349
vt 0.355151 0.610051
vt 0.398882 0.620455
vt 0.358733 0.606781
vt 0.452504 0.610286
vt 0.360171 0.605202
vt 0.360841 0.604788
vt 0.380089 0.609214
vt 0.358680 0.602526
vt 0.360125 0.601119
vt 0.417663 0.606669
vt 0.360636 0.600502
vt 0.500140 0.560934
vt 0.360841 0.600347
vt 0.221543 0.560934
vt 0.361046 0.600502
vt 0.304019 0.606669
vt 0.361557 0.601119
vt 0.341594 0.609215
vt 0.363003 0.602526
vt 0.354453 0.605280
vt 0.367230 0.605280
vt 0.248579 0.568855
vt 0.322355 0.602931
vt 0.361126 0.599566
vt 0.349636 0.603824
vt 0.361799 0.600163
vt 0.357621 0.601491
vt 0.364062 0.601491
vt 0.359883 0.600163
vt 0.372047 0.603823
vt 0.360557 0.599566
vt 0.399327 0.602931
vt 0.360770 0.599324
vt 0.473104 0.568854
vt 0.360841 0.599266
vt 0.360913 0.599324
vt 0.360332 0.599359
vt 0.360709 0.599112
vt 0.389869 0.600040
vt 0.360811 0.599019
vt 0.454963 0.571919
vt 0.360841 0.598997
vt 0.266720 0.571919
vt 0.360872 0.599019
vt 0.331814 0.600040
vt 0.360974 0.599112
vt 0.353277 0.601118
vt 0.361351 0.599359
vt 0.358894 0.599956
vt 0.362789 0.599956
vt 0.368405 0.601118
vt 0.360922 0.598967
vt 0.336353 0.597771
vt 0.354860 0.599649
vt 0.361188 0.599051
vt 0.359403 0.599270
vt 0.362280 0.599270
vt 0.360495 0.599051
vt 0.366823 0.599649
vt 0.360761 0.598967
vt 0.385329 0.597771
vt 0.360825 0.598935
vt 0.445218 0.571637
vt 0.360841 0.598927
vt 0.276464 0.571637
vt 0.360857 0.598935
vt 0.383769 0.595733
vt 0.360772 0.598904
vt 0.360828 0.598905
vt 0.441467 0.569348
vt 0.360841 0.598905
vt 0.280215 0.569348
vt 0.360854 0.598905
vt 0.337914 0.595733
vt 0.360911 0.598904
vt 0.355299 0.598689
vt 0.361149 0.598902
vt 0.359529 0.598889
vt 0.362153 0.598889
vt 0.360533 0.598902
vt 0.366383 0.598689
vt 0.355004 0.597678
vt 0.360923 0.598839
vt 0.361191 0.598749
vt 0.359403 0.598498
vt 0.362279 0.598498
vt 0.360491 0.598749
vt 0.366679 0.597677
vt 0.360759 0.598839
vt 0.384049 0.593339
vt 0.360825 0.598873
vt 0.440796 0.565765
vt 0.360841 0.598882
vt 0.280886 0.565766
vt 0.360858 0.598873
vt 0.337634 0.593339
vt 0.360810 0.598784
vt 0.386205 0.589704
vt 0.442366 0.560517
vt 0.360841 0.598807
vt 0.279316 0.560517
vt 0.360873 0.598784
vt 0.335478 0.589704
vt 0.360978 0.598686
vt 0.353752 0.596009
vt 0.361360 0.598427
vt 0.358909 0.597778
vt 0.362773 0.597778
vt 0.360323 0.598427
vt 0.367930 0.596009
vt 0.360705 0.598686
vt 0.361135 0.598208
vt 0.361811 0.597588
vt 0.357734 0.596161
vt 0.363949 0.596161
vt 0.359872 0.597588
vt 0.370657 0.592803
vt 0.360547 0.598208
vt 0.390832 0.583664
vt 0.360766 0.598459
vt 0.446169 0.552905
vt 0.360841 0.598520
vt 0.275514 0.552905
vt 0.360916 0.598459
vt 0.330850 0.583664
vt 0.351025 0.592803
vt 0.398708 0.573531
vt 0.452502 0.541874
vt 0.360841 0.597377
vt 0.269180 0.541874
vt 0.361053 0.597218
vt 0.322974 0.573531
vt 0.361565 0.596589
vt 0.345848 0.586285
vt 0.362931 0.595168
vt 0.355141 0.592240
vt 0.366542 0.592240
vt 0.358751 0.595168
vt 0.375835 0.586285
vt 0.360117 0.596589
vt 0.360630 0.597218
vt 0.365627 0.588009
vt 0.371855 0.582601
vt 0.356055 0.588009
vt 0.384888 0.573164
vt 0.358913 0.591032
vt 0.410678 0.556998
vt 0.360199 0.592502
vt 0.461666 0.525989
vt 0.360841 0.592898
vt 0.260017 0.525989
vt 0.361483 0.592502
vt 0.311004 0.556998
vt 0.362770 0.591032
vt 0.336795 0.573164
vt 0.349827 0.582601
vt 0.251504 0.477327
vt 0.470178 0.477327
vt 0.360841 0.576844
vt 0.362738 0.576031
vt 0.293966 0.530793
vt 0.365873 0.573256
vt 0.322640 0.548131
vt 0.371611 0.568049
vt 0.339903 0.559967
vt 0.381780 0.559967
vt 0.350071 0.568049
vt 0.399043 0.548131
vt 0.355809 0.573256
vt 0.427716 0.530793
vt 0.358945 0.576031
vt 0.339567 0.521259
vt 0.396465 0.513597
vt 0.416340 0.503984
vt 0.349455 0.526837
vt 0.439081 0.460184
vt 0.356081 0.530132
vt 0.487800 0.434843
vt 0.360841 0.531174
vt 0.233883 0.434843
vt 0.365601 0.530132
vt 0.282601 0.460184
vt 0.372227 0.526837
vt 0.305342 0.503984
vt 0.382115 0.521259
vt 0.325217 0.513597
vt 0.467115 0.802695
vt 0.467858 0.800368
vt 0.467619 0.802710
vt 0.466822 0.805162
vt 0.467414 0.805179
vt 0.466583 0.807575
vt 0.467241 0.807594
vt 0.466387 0.810156
vt 0.467086 0.810176
vt 0.308323 0.801273
vt 0.308899 0.802059
vt 0.305631 0.800434
vt 0.504072 0.804397
vt 0.503978 0.805779
vt 0.503933 0.804413
vt 0.504207 0.802387
vt 0.503936 0.802418
vt 0.504350 0.800272
vt 0.503957 0.800317
vt 0.503797 0.804477
vt 0.503670 0.802545
vt 0.503570 0.800501
vt 0.468262 0.800365
vt 0.468133 0.802706
vt 0.468019 0.805174
vt 0.467913 0.807589
vt 0.467799 0.810171
vt 0.307683 0.813211
vt 0.307004 0.813373
vt 0.306311 0.813284
vt 0.468614 0.805148
vt 0.468574 0.807560
vt 0.468501 0.810140
vt 0.308323 0.812804
vt 0.503668 0.804589
vt 0.503417 0.802764
vt 0.503203 0.800818
vt 0.468659 0.800348
vt 0.468639 0.802683
vt 0.503188 0.803065
vt 0.502870 0.801256
vt 0.469035 0.800316
vt 0.469117 0.802643
vt 0.469175 0.805101
vt 0.469198 0.807508
vt 0.469163 0.810084
vt 0.305631 0.812946
vt 0.503552 0.804743
vt 0.469761 0.807434
vt 0.469761 0.810006
vt 0.308899 0.812166
vt 0.503452 0.804933
vt 0.502991 0.803438
vt 0.502585 0.801798
vt 0.469373 0.800272
vt 0.469548 0.802587
vt 0.469682 0.805035
vt 0.344884 0.805067
vt 0.346384 0.802994
vt 0.345362 0.805157
vt 0.344025 0.807378
vt 0.344587 0.807483
vt 0.343400 0.809668
vt 0.344024 0.809785
vt 0.342998 0.812150
vt 0.343661 0.812274
vt 0.304991 0.812373
vt 0.503372 0.805152
vt 0.502835 0.803868
vt 0.346009 0.802924
vt 0.347539 0.801214
vt 0.303925 0.810617
vt 0.310039 0.809158
vt 0.503316 0.805392
vt 0.502725 0.804339
vt 0.347858 0.801257
vt 0.346848 0.803057
vt 0.345951 0.805237
vt 0.345280 0.807578
vt 0.344794 0.809890
vt 0.344479 0.812386
vt 0.347381 0.803111
vt 0.346630 0.805306
vt 0.346078 0.807658
vt 0.345681 0.809980
vt 0.345420 0.812481
vt 0.304415 0.811586
vt 0.503285 0.805643
vt 0.349090 0.800291
vt 0.348225 0.801295
vt 0.309389 0.811323
vt 0.309774 0.810307
vt 0.503282 0.805897
vt 0.349294 0.800306
vt 0.348627 0.801324
vt 0.347963 0.803153
vt 0.347371 0.805359
vt 0.346950 0.807722
vt 0.346649 0.810050
vt 0.346448 0.812555
vt 0.348146 0.805396
vt 0.347861 0.807765
vt 0.347662 0.810098
vt 0.347524 0.812607
vt 0.303275 0.804488
vt 0.304415 0.801479
vt 0.304991 0.800842
vt 0.503305 0.806142
vt 0.349508 0.800316
vt 0.349046 0.801344
vt 0.348572 0.803182
vt 0.503355 0.806370
vt 0.349723 0.800321
vt 0.349468 0.801354
vt 0.349185 0.803197
vt 0.348926 0.805415
vt 0.348779 0.807787
vt 0.348682 0.810123
vt 0.348606 0.812633
vt 0.349681 0.805415
vt 0.349666 0.807787
vt 0.349667 0.810123
vt 0.349652 0.812633
vt 0.303540 0.809501
vt 0.503429 0.806572
vt 0.349931 0.800321
vt 0.349877 0.801354
vt 0.349778 0.803197
vt 0.350255 0.801344
vt 0.350328 0.803182
vt 0.350381 0.805396
vt 0.350489 0.807765
vt 0.350582 0.810098
vt 0.350623 0.812607
vt 0.309774 0.804144
vt 0.503524 0.806740
vt 0.351216 0.807722
vt 0.351390 0.810050
vt 0.351481 0.812555
vt 0.310174 0.807918
vt 0.303275 0.808283
vt 0.503636 0.806868
vt 0.350124 0.800316
vt 0.350590 0.801324
vt 0.350814 0.803153
vt 0.350999 0.805359
vt 0.350868 0.801294
vt 0.351217 0.803111
vt 0.351513 0.805306
vt 0.351820 0.807658
vt 0.352061 0.809980
vt 0.352193 0.812481
vt 0.310174 0.806637
vt 0.503763 0.806950
vt 0.350295 0.800306
vt 0.352569 0.809890
vt 0.352732 0.812386
vt 0.303140 0.807009
vt 0.303140 0.805727
vt 0.503897 0.806984
vt 0.350437 0.800291
vt 0.351078 0.801257
vt 0.351523 0.803057
vt 0.351901 0.805237
vt 0.352277 0.807578
vt 0.387210 0.801257
vt 0.387071 0.803111
vt 0.386766 0.803057
vt 0.386776 0.805306
vt 0.386387 0.805237
vt 0.386468 0.807658
vt 0.386012 0.807578
vt 0.386227 0.809980
vt 0.385720 0.809890
vt 0.386095 0.812481
vt 0.385556 0.812386
vt 0.504035 0.806969
vt 0.387852 0.800291
vt 0.387420 0.801295
vt 0.386807 0.812555
vt 0.310039 0.805362
vt 0.504171 0.806904
vt 0.387993 0.800306
vt 0.387698 0.801324
vt 0.387474 0.803153
vt 0.387289 0.805359
vt 0.387072 0.807722
vt 0.386898 0.810050
vt 0.387908 0.805396
vt 0.387800 0.807765
vt 0.387706 0.810098
vt 0.387665 0.812607
vt 0.504300 0.806792
vt 0.388164 0.800316
vt 0.388033 0.801344
vt 0.387960 0.803182
vt 0.504417 0.806639
vt 0.388357 0.800321
vt 0.388412 0.801354
vt 0.388510 0.803197
vt 0.388608 0.805415
vt 0.388623 0.807787
vt 0.388621 0.810123
vt 0.388636 0.812633
vt 0.389362 0.805415
vt 0.389510 0.807787
vt 0.389607 0.810123
vt 0.389683 0.812633
vt 0.504517 0.806449
vt 0.388820 0.801354
vt 0.389103 0.803197
vt 0.504597 0.806229
vt 0.388565 0.800321
vt 0.389242 0.801344
vt 0.389716 0.803182
vt 0.390142 0.805396
vt 0.390427 0.807765
vt 0.390626 0.810098
vt 0.390765 0.812607
vt 0.391339 0.807722
vt 0.391639 0.810050
vt 0.391840 0.812555
vt 0.303925 0.802322
vt 0.504653 0.805989
vt 0.388780 0.800316
vt 0.389662 0.801324
vt 0.390325 0.803153
vt 0.390918 0.805359
vt 0.388994 0.800306
vt 0.390063 0.801295
vt 0.390908 0.803111
vt 0.424664 0.801847
vt 0.425631 0.803808
vt 0.424761 0.803816
vt 0.425768 0.805958
vt 0.424744 0.805967
vt 0.425838 0.808117
vt 0.424700 0.808127
vt 0.425872 0.810501
vt 0.424664 0.810512
vt 0.504683 0.805738
vt 0.427012 0.808140
vt 0.427119 0.810525
vt 0.504687 0.805484
vt 0.389199 0.800291
vt 0.390430 0.801257
vt 0.425022 0.800272
vt 0.426055 0.801855
vt 0.425348 0.801841
vt 0.426530 0.803825
vt 0.426825 0.805979
vt 0.505368 0.804039
vt 0.505414 0.804520
vt 0.425509 0.800282
vt 0.426756 0.801888
vt 0.427423 0.803868
vt 0.427875 0.806029
vt 0.428179 0.808196
vt 0.428358 0.810585
vt 0.303540 0.803338
vt 0.504664 0.805239
vt 0.429293 0.808283
vt 0.429540 0.810677
vt 0.309389 0.803029
vt 0.504614 0.805011
vt 0.505271 0.803592
vt 0.425992 0.800305
vt 0.427426 0.801941
vt 0.428276 0.803935
vt 0.428878 0.806108
vt 0.426453 0.800341
vt 0.428039 0.802009
vt 0.429055 0.804022
vt 0.429794 0.806210
vt 0.430312 0.808398
vt 0.430621 0.810798
vt 0.504540 0.804809
vt 0.505127 0.803196
vt 0.431559 0.810944
vt 0.307683 0.800699
vt 0.504445 0.804641
vt 0.504940 0.802866
vt 0.426875 0.800388
vt 0.428570 0.802092
vt 0.429732 0.804127
vt 0.430589 0.806334
vt 0.431195 0.808535
vt 0.505093 0.800604
vt 0.505414 0.800967
vt 0.430279 0.804246
vt 0.431233 0.806473
vt 0.431910 0.808690
vt 0.432318 0.811109
vt 0.307004 0.800362
vt 0.504332 0.804513
vt 0.504719 0.802616
vt 0.465410 0.807468
vt 0.465731 0.810111
vt 0.465142 0.810042
vt 0.306311 0.800272
vt 0.504206 0.804431
vt 0.504471 0.802454
vt 0.504734 0.800369
vt 0.466757 0.800292
vt 0.466642 0.802662
vt 0.466218 0.802613
vt 0.466266 0.805123
vt 0.465767 0.805065
vt 0.465965 0.807532
vt 0.467090 0.800331
vt 0.034739 0.812868
vt 0.184413 0.805272
vt 0.035986 0.873339
vt 0.186175 0.852305
vt 0.222803 0.841642
vt 0.025024 0.887398
vt 0.220809 0.837460
vt 0.137715 0.875778
vt 0.016412 0.858990
vt 0.130168 0.860554
vt 0.218999 0.801032
vt 0.128055 0.852186
vt 0.126834 0.818213
vt 0.018400 0.810111
vt 0.262465 0.813479
vt 0.983588 0.278419
vt 0.944484 0.295749
vt 0.823888 0.287747
vt 0.786760 0.258145
vt 0.738094 0.233980
vt 0.983588 0.546141
vt 0.934922 0.570306
vt 0.897794 0.599908
vt 0.777198 0.607910
vt 0.738095 0.590580
vt 0.467462 0.800357
vt 0.347280 0.801166
vt 0.348902 0.800272
vt 0.350544 0.800272
vt 0.387744 0.800272
vt 0.389386 0.800272
vt 0.427241 0.800445
vt 0.429000 0.802185
s 1
usemtl マテリアル.011
f 478/1/478 17/2/17 6/3/6
f 476/4/476 9/5/9 10/6/10
f 479/7/479 17/2/17 18/8/18
f 476/4/476 11/9/11 2/10/2
f 479/7/479 19/11/19 480/12/480
f 477/13/477 11/9/11 12/14/12
f 480/12/480 20/15/20 481/16/481
f 3/17/3 12/18/12 13/19/13
f 481/16/481 21/20/21 482/21/482
f 3/17/3 14/22/14 4/23/4
f 474/24/474 82/25/82 7/26/7
f 308/27/308 482/21/482 21/20/21
f 4/23/4 15/28/15 5/29/5
f 475/30/475 7/26/7 8/31/8
f 5/32/5 16/33/16 478/1/478
f 1/34/1 8/31/8 9/5/9
f 7/26/7 23/35/23 8/31/8
f 15/36/15 31/37/31 16/33/16
f 8/31/8 24/38/24 9/5/9
f 17/2/17 31/37/31 32/39/32
f 9/5/9 25/40/25 10/6/10
f 18/8/18 32/39/32 33/41/33
f 10/6/10 26/42/26 11/9/11
f 19/11/19 33/41/33 34/43/34
f 11/9/11 27/44/27 12/14/12
f 20/15/20 34/43/34 35/45/35
f 13/19/13 27/46/27 28/47/28
f 20/15/20 36/48/36 21/20/21
f 13/19/13 29/49/29 14/22/14
f 7/26/7 82/25/82 22/50/22
f 308/27/308 21/20/21 36/48/36
f 14/22/14 30/51/30 15/28/15
f 26/42/26 42/52/42 27/44/27
f 35/45/35 49/53/49 50/54/50
f 28/47/28 42/55/42 43/56/43
f 36/48/36 50/54/50 51/57/51
f 29/49/29 43/56/43 44/58/44
f 22/50/22 82/25/82 37/59/37
f 308/27/308 36/48/36 51/57/51
f 29/49/29 45/60/45 30/51/30
f 22/50/22 38/61/38 23/35/23
f 30/62/30 46/63/46 31/37/31
f 23/35/23 39/64/39 24/38/24
f 32/39/32 46/63/46 47/65/47
f 24/38/24 40/66/40 25/40/25
f 33/41/33 47/65/47 48/67/48
f 25/40/25 41/68/41 26/42/26
f 34/43/34 48/67/48 49/53/49
f 45/69/45 61/70/61 46/63/46
f 38/61/38 54/71/54 39/64/39
f 47/65/47 61/70/61 62/72/62
f 39/64/39 55/73/55 40/66/40
f 47/65/47 63/74/63 48/67/48
f 41/68/41 55/73/55 56/75/56
f 49/53/49 63/74/63 64/76/64
f 41/68/41 57/77/57 42/52/42
f 50/54/50 64/76/64 65/78/65
f 43/56/43 57/79/57 58/80/58
f 51/57/51 65/78/65 66/81/66
f 44/58/44 58/80/58 59/82/59
f 37/59/37 82/25/82 52/83/52
f 308/27/308 51/57/51 66/81/66
f 44/84/44 60/85/60 45/86/45
f 37/59/37 53/87/53 38/61/38
f 64/76/64 80/88/80 65/78/65
f 58/89/58 72/90/72 73/91/73
f 65/78/65 81/92/81 66/81/66
f 59/93/59 73/91/73 74/94/74
f 52/83/52 82/25/82 67/95/67
f 308/27/308 66/81/66 81/92/81
f 59/93/59 75/96/75 60/85/60
f 53/87/53 67/95/67 68/97/68
f 60/85/60 76/98/76 61/99/61
f 54/71/54 68/97/68 69/100/69
f 62/72/62 76/101/76 77/102/77
f 54/71/54 70/103/70 55/73/55
f 62/72/62 78/104/78 63/74/63
f 56/75/56 70/103/70 71/105/71
f 64/76/64 78/104/78 79/106/79
f 56/75/56 72/107/72 57/77/57
f 77/102/77 92/108/92 93/109/93
f 69/100/69 86/110/86 70/103/70
f 77/102/77 94/111/94 78/104/78
f 71/105/71 86/110/86 87/112/87
f 79/106/79 94/111/94 95/113/95
f 71/105/71 88/114/88 72/107/72
f 80/88/80 95/113/95 96/115/96
f 73/91/73 88/116/88 89/117/89
f 81/92/81 96/115/96 97/118/97
f 74/94/74 89/117/89 90/119/90
f 67/95/67 82/25/82 83/120/83
f 308/27/308 81/92/81 97/118/97
f 74/94/74 91/121/91 75/96/75
f 67/95/67 84/122/84 68/97/68
f 75/96/75 92/123/92 76/98/76
f 68/97/68 85/124/85 69/100/69
f 96/115/96 112/125/112 97/118/97
f 90/119/90 104/126/104 105/127/105
f 83/120/83 82/25/82 98/128/98
f 308/27/308 97/118/97 112/125/112
f 90/119/90 106/129/106 91/121/91
f 83/120/83 99/130/99 84/122/84
f 91/121/91 107/131/107 92/123/92
f 85/124/85 99/130/99 100/132/100
f 93/109/93 107/133/107 108/134/108
f 85/124/85 101/135/101 86/110/86
f 93/109/93 109/136/109 94/111/94
f 87/112/87 101/135/101 102/137/102
f 95/113/95 109/136/109 110/138/110
f 87/139/87 103/140/103 88/116/88
f 95/113/95 111/141/111 96/115/96
f 89/117/89 103/140/103 104/126/104
f 100/132/100 116/142/116 101/135/101
f 108/134/108 124/143/124 109/136/109
f 102/137/102 116/142/116 117/144/117
f 110/138/110 124/143/124 125/145/125
f 102/146/102 118/147/118 103/140/103
f 111/141/111 125/145/125 126/148/126
f 104/126/104 118/147/118 119/149/119
f 111/141/111 127/150/127 112/125/112
f 105/127/105 119/149/119 120/151/120
f 98/128/98 82/25/82 113/152/113
f 308/27/308 112/125/112 127/150/127
f 105/127/105 121/153/121 106/129/106
f 98/128/98 114/154/114 99/130/99
f 106/129/106 122/155/122 107/131/107
f 99/130/99 115/156/115 100/132/100
f 108/157/108 122/155/122 123/158/123
f 120/151/120 134/159/134 135/160/135
f 113/152/113 82/25/82 128/161/128
f 308/27/308 127/150/127 142/162/142
f 120/151/120 136/163/136 121/153/121
f 114/154/114 128/161/128 129/164/129
f 121/153/121 137/165/137 122/155/122
f 115/156/115 129/164/129 130/166/130
f 123/158/123 137/165/137 138/167/138
f 115/156/115 131/168/131 116/142/116
f 123/169/123 139/170/139 124/143/124
f 117/144/117 131/168/131 132/171/132
f 125/145/125 139/170/139 140/172/140
f 117/173/117 133/174/133 118/147/118
f 125/145/125 141/175/141 126/148/126
f 119/149/119 133/174/133 134/159/134
f 126/148/126 142/162/142 127/150/127
f 138/176/138 154/177/154 139/170/139
f 132/171/132 146/178/146 147/179/147
f 140/172/140 154/177/154 155/180/155
f 132/181/132 148/182/148 133/174/133
f 141/175/141 155/180/155 156/183/156
f 134/159/134 148/182/148 149/184/149
f 141/175/141 157/185/157 142/162/142
f 135/160/135 149/184/149 150/186/150
f 128/161/128 82/25/82 143/187/143
f 308/27/308 142/162/142 157/185/157
f 135/160/135 151/188/151 136/163/136
f 128/161/128 144/189/144 129/164/129
f 136/163/136 152/190/152 137/165/137
f 129/164/129 145/191/145 130/166/130
f 138/167/138 152/190/152 153/192/153
f 130/166/130 146/178/146 131/168/131
f 143/187/143 82/25/82 158/193/158
f 308/27/308 157/185/157 172/194/172
f 150/186/150 166/195/166 151/188/151
f 143/187/143 159/196/159 144/189/144
f 151/188/151 167/197/167 152/190/152
f 144/189/144 160/198/160 145/191/145
f 153/192/153 167/197/167 168/199/168
f 145/191/145 161/200/161 146/178/146
f 153/201/153 169/202/169 154/177/154
f 147/179/147 161/200/161 162/203/162
f 155/180/155 169/202/169 170/204/170
f 147/205/147 163/206/163 148/182/148
f 156/183/156 170/204/170 171/207/171
f 149/184/149 163/206/163 164/208/164
f 157/185/157 171/207/171 172/194/172
f 150/186/150 164/208/164 165/209/165
f 162/203/162 176/210/176 177/211/177
f 170/204/170 184/212/184 185/213/185
f 162/214/162 178/215/178 163/206/163
f 171/207/171 185/213/185 186/216/186
f 164/208/164 178/215/178 179/217/179
f 172/194/172 186/216/186 187/218/187
f 165/209/165 179/217/179 180/219/180
f 158/193/158 82/25/82 173/220/173
f 308/27/308 172/194/172 187/218/187
f 165/209/165 181/221/181 166/195/166
f 158/193/158 174/222/174 159/196/159
f 166/195/166 182/223/182 167/197/167
f 159/196/159 175/224/175 160/198/160
f 168/199/168 182/223/182 183/225/183
f 160/198/160 176/210/176 161/200/161
f 168/226/168 184/212/184 169/202/169
f 180/219/180 196/227/196 181/221/181
f 174/222/174 188/228/188 189/229/189
f 181/221/181 197/230/197 182/223/182
f 175/224/175 189/229/189 190/231/190
f 183/232/183 197/233/197 198/234/198
f 175/224/175 191/235/191 176/210/176
f 183/232/183 199/236/199 184/212/184
f 177/211/177 191/235/191 192/237/192
f 185/213/185 199/236/199 200/238/200
f 177/239/177 193/240/193 178/215/178
f 185/213/185 201/241/201 186/216/186
f 179/217/179 193/240/193 194/242/194
f 186/216/186 202/243/202 187/218/187
f 180/219/180 194/242/194 195/244/195
f 173/220/173 82/25/82 188/228/188
f 308/27/308 187/218/187 202/243/202
f 200/238/200 214/245/214 215/246/215
f 192/237/192 208/247/208 193/248/193
f 201/241/201 215/246/215 216/249/216
f 194/242/194 208/250/208 209/251/209
f 202/243/202 216/249/216 217/252/217
f 195/244/195 209/251/209 210/253/210
f 188/228/188 82/25/82 203/254/203
f 308/27/308 202/243/202 217/252/217
f 195/244/195 211/255/211 196/227/196
f 188/228/188 204/256/204 189/229/189
f 196/227/196 212/257/212 197/230/197
f 189/229/189 205/258/205 190/231/190
f 198/234/198 212/259/212 213/260/213
f 190/231/190 206/261/206 191/235/191
f 198/234/198 214/245/214 199/236/199
f 192/237/192 206/261/206 207/262/207
f 211/255/211 227/263/227 212/257/212
f 204/256/204 220/264/220 205/258/205
f 213/260/213 227/265/227 228/266/228
f 205/258/205 221/267/221 206/261/206
f 213/260/213 229/268/229 214/245/214
f 207/262/207 221/267/221 222/269/222
f 215/246/215 229/268/229 230/270/230
f 207/262/207 223/271/223 208/247/208
f 216/249/216 230/270/230 231/272/231
f 209/251/209 223/273/223 224/274/224
f 217/252/217 231/272/231 232/275/232
f 210/253/210 224/274/224 225/276/225
f 203/254/203 82/25/82 218/277/218
f 308/27/308 217/252/217 232/275/232
f 210/253/210 226/278/226 211/255/211
f 203/254/203 219/279/219 204/256/204
f 231/272/231 245/280/245 246/281/246
f 224/282/224 238/283/238 239/284/239
f 231/272/231 247/285/247 232/275/232
f 225/276/225 239/286/239 240/287/240
f 218/277/218 82/25/82 233/288/233
f 308/27/308 232/275/232 247/285/247
f 225/276/225 241/289/241 226/278/226
f 219/279/219 233/288/233 234/290/234
f 226/291/226 242/292/242 227/265/227
f 219/279/219 235/293/235 220/264/220
f 228/266/228 242/292/242 243/294/243
f 220/264/220 236/295/236 221/267/221
f 228/266/228 244/296/244 229/268/229
f 222/269/222 236/295/236 237/297/237
f 230/270/230 244/296/244 245/280/245
f 222/269/222 238/283/238 223/271/223
f 235/293/235 249/298/249 250/299/250
f 243/294/243 257/300/257 258/301/258
f 235/293/235 251/302/251 236/295/236
f 243/294/243 259/303/259 244/296/244
f 237/297/237 251/302/251 252/304/252
f 245/280/245 259/303/259 260/305/260
f 237/297/237 253/306/253 238/283/238
f 245/280/245 261/307/261 246/281/246
f 239/284/239 253/306/253 254/308/254
f 246/281/246 262/309/262 247/285/247
f 240/310/240 254/311/254 255/312/255
f 233/288/233 82/25/82 248/313/248
f 308/27/308 247/285/247 262/309/262
f 240/310/240 256/314/256 241/315/241
f 234/290/234 248/313/248 249/298/249
f 241/316/241 257/300/257 242/292/242
f 254/311/254 268/317/268 269/318/269
f 261/307/261 277/319/277 262/309/262
f 255/312/255 269/318/269 270/320/270
f 248/313/248 82/25/82 263/321/263
f 308/27/308 262/309/262 277/319/277
f 255/312/255 271/322/271 256/314/256
f 249/298/249 263/321/263 264/323/264
f 256/314/256 272/324/272 257/325/257
f 249/298/249 265/326/265 250/299/250
f 258/301/258 272/327/272 273/328/273
f 250/299/250 266/329/266 251/302/251
f 258/301/258 274/330/274 259/303/259
f 252/304/252 266/329/266 267/331/267
f 260/305/260 274/330/274 275/332/275
f 252/304/252 268/333/268 253/306/253
f 261/307/261 275/332/275 276/334/276
f 273/328/273 287/335/287 288/336/288
f 265/326/265 281/337/281 266/329/266
f 273/328/273 289/338/289 274/330/274
f 267/331/267 281/337/281 282/339/282
f 275/332/275 289/338/289 290/340/290
f 267/331/267 283/341/283 268/333/268
f 275/332/275 291/342/291 276/334/276
f 269/318/269 283/343/283 284/344/284
f 276/334/276 292/345/292 277/319/277
f 270/320/270 284/344/284 285/346/285
f 263/321/263 82/25/82 278/347/278
f 308/27/308 277/319/277 292/345/292
f 270/320/270 286/348/286 271/322/271
f 263/321/263 279/349/279 264/323/264
f 271/322/271 287/350/287 272/324/272
f 264/323/264 280/351/280 265/326/265
f 292/345/292 306/352/306 307/353/307
f 285/346/285 299/354/299 300/355/300
f 278/347/278 82/25/82 293/356/293
f 308/27/308 292/345/292 307/353/307
f 285/346/285 301/357/301 286/348/286
f 278/347/278 294/358/294 279/349/279
f 286/348/286 302/359/302 287/350/287
f 280/351/280 294/358/294 295/360/295
f 288/361/288 302/362/302 303/363/303
f 280/351/280 296/364/296 281/337/281
f 288/336/288 304/365/304 289/338/289
f 282/339/282 296/364/296 297/366/297
f 290/340/290 304/365/304 305/367/305
f 282/368/282 298/369/298 283/343/283
f 290/340/290 306/352/306 291/342/291
f 284/344/284 298/369/298 299/354/299
f 295/360/295 312/370/312 296/364/296
f 303/371/303 320/372/320 304/365/304
f 297/366/297 312/370/312 313/373/313
f 305/367/305 320/372/320 321/374/321
f 297/375/297 314/376/314 298/369/298
f 305/367/305 322/377/322 306/352/306
f 299/354/299 314/376/314 315/378/315
f 306/352/306 323/379/323 307/353/307
f 300/355/300 315/378/315 316/380/316
f 293/356/293 82/25/82 309/381/309
f 308/27/308 307/353/307 323/379/323
f 300/355/300 317/382/317 301/357/301
f 294/358/294 309/381/309 310/383/310
f 301/384/301 318/385/318 302/362/302
f 295/360/295 310/383/310 311/386/311
f 303/363/303 318/385/318 319/387/319
f 316/380/316 330/388/330 331/389/331
f 309/381/309 82/25/82 324/390/324
f 308/27/308 323/379/323 338/391/338
f 316/392/316 332/393/332 317/394/317
f 309/381/309 325/395/325 310/383/310
f 317/394/317 333/396/333 318/385/318
f 310/383/310 326/397/326 311/386/311
f 319/387/319 333/396/333 334/398/334
f 311/386/311 327/399/327 312/370/312
f 319/400/319 335/401/335 320/372/320
f 313/373/313 327/399/327 328/402/328
f 321/374/321 335/401/335 336/403/336
f 313/404/313 329/405/329 314/376/314
f 321/374/321 337/406/337 322/377/322
f 315/378/315 329/405/329 330/388/330
f 323/379/323 337/406/337 338/391/338
f 334/398/334 350/407/350 335/408/335
f 328/402/328 342/409/342 343/410/343
f 336/403/336 350/411/350 351/412/351
f 328/413/328 344/414/344 329/405/329
f 336/403/336 352/415/352 337/406/337
f 330/388/330 344/414/344 345/416/345
f 338/391/338 352/415/352 353/417/353
f 331/418/331 345/419/345 346/420/346
f 324/390/324 82/25/82 339/421/339
f 308/27/308 338/391/338 353/417/353
f 331/418/331 347/422/347 332/393/332
f 324/390/324 340/423/340 325/395/325
f 332/393/332 348/424/348 333/396/333
f 326/397/326 340/423/340 341/425/341
f 334/398/334 348/424/348 349/426/349
f 326/397/326 342/409/342 327/399/327
f 308/27/308 353/417/353 368/427/368
f 346/420/346 362/428/362 347/422/347
f 339/421/339 355/429/355 340/423/340
f 347/422/347 363/430/363 348/424/348
f 341/425/341 355/429/355 356/431/356
f 349/426/349 363/430/363 364/432/364
f 341/425/341 357/433/357 342/409/342
f 349/426/349 365/434/365 350/407/350
f 343/410/343 357/433/357 358/435/358
f 351/412/351 365/436/365 366/437/366
f 343/438/343 359/439/359 344/414/344
f 351/412/351 367/440/367 352/415/352
f 345/419/345 359/441/359 360/442/360
f 353/417/353 367/440/367 368/427/368
f 346/420/346 360/442/360 361/443/361
f 339/421/339 82/25/82 354/444/354
f 366/437/366 380/445/380 381/446/381
f 358/447/358 374/448/374 359/441/359
f 366/437/366 382/449/382 367/440/367
f 360/442/360 374/448/374 375/450/375
f 367/440/367 383/451/383 368/427/368
f 361/443/361 375/450/375 376/452/376
f 354/444/354 82/25/82 369/453/369
f 308/27/308 368/427/368 383/451/383
f 361/443/361 377/454/377 362/428/362
f 355/429/355 369/453/369 370/455/370
f 362/428/362 378/456/378 363/430/363
f 356/431/356 370/455/370 371/457/371
f 364/432/364 378/456/378 379/458/379
f 356/431/356 372/459/372 357/433/357
f 364/432/364 380/460/380 365/434/365
f 358/435/358 372/459/372 373/461/373
f 370/455/370 384/462/384 385/463/385
f 377/454/377 393/464/393 378/456/378
f 371/457/371 385/463/385 386/465/386
f 379/458/379 393/464/393 394/466/394
f 371/457/371 387/467/387 372/459/372
f 379/458/379 395/468/395 380/460/380
f 373/461/373 387/467/387 388/469/388
f 381/446/381 395/470/395 396/471/396
f 373/472/373 389/473/389 374/448/374
f 381/446/381 397/474/397 382/449/382
f 375/450/375 389/473/389 390/475/390
f 382/449/382 398/476/398 383/451/383
f 376/452/376 390/475/390 391/477/391
f 369/453/369 82/25/82 384/462/384
f 308/27/308 383/451/383 398/476/398
f 376/452/376 392/478/392 377/454/377
f 388/479/388 404/480/404 389/473/389
f 396/471/396 412/481/412 397/474/397
f 390/475/390 404/480/404 405/482/405
f 398/476/398 412/481/412 413/483/413
f 391/477/391 405/482/405 406/484/406
f 384/462/384 82/25/82 399/485/399
f 308/27/308 398/476/398 413/483/413
f 391/477/391 407/486/407 392/478/392
f 384/462/384 400/487/400 385/463/385
f 392/478/392 408/488/408 393/464/393
f 386/465/386 400/487/400 401/489/401
f 394/466/394 408/488/408 409/490/409
f 386/465/386 402/491/402 387/467/387
f 394/466/394 410/492/410 395/468/395
f 388/469/388 402/491/402 403/493/403
f 396/471/396 410/494/410 411/495/411
f 407/486/407 423/496/423 408/488/408
f 401/489/401 415/497/415 416/498/416
f 409/490/409 423/496/423 424/499/424
f 401/489/401 417/500/417 402/491/402
f 409/501/409 425/502/425 410/494/410
f 403/493/403 417/500/417 418/503/418
f 411/495/411 425/502/425 426/504/426
f 403/505/403 419/506/419 404/480/404
f 411/495/411 427/507/427 412/481/412
f 405/482/405 419/506/419 420/508/420
f 412/481/412 428/509/428 413/483/413
f 406/484/406 420/508/420 421/510/421
f 399/485/399 82/25/82 414/511/414
f 308/27/308 413/483/413 428/509/428
f 406/484/406 422/512/422 407/486/407
f 399/485/399 415/497/415 400/487/400
f 426/504/426 442/513/442 427/507/427
f 420/508/420 434/514/434 435/515/435
f 428/509/428 442/513/442 443/516/443
f 421/510/421 435/515/435 436/517/436
f 414/511/414 82/25/82 429/518/429
f 308/27/308 428/509/428 443/516/443
f 421/510/421 437/519/437 422/512/422
f 414/511/414 430/520/430 415/497/415
f 422/512/422 438/521/438 423/496/423
f 416/498/416 430/520/430 431/522/431
f 424/499/424 438/521/438 439/523/439
f 416/498/416 432/524/432 417/500/417
f 424/525/424 440/526/440 425/502/425
f 418/503/418 432/524/432 433/527/433
f 426/504/426 440/526/440 441/528/441
f 418/503/418 434/529/434 419/530/419
f 431/522/431 445/531/445 446/532/446
f 439/533/439 453/534/453 454/535/454
f 431/522/431 447/536/447 432/524/432
f 439/533/439 455/537/455 440/526/440
f 433/527/433 447/536/447 448/538/448
f 441/528/441 455/537/455 456/539/456
f 433/527/433 449/540/449 434/529/434
f 441/528/441 457/541/457 442/513/442
f 435/515/435 449/542/449 450/543/450
f 442/513/442 458/544/458 443/516/443
f 436/517/436 450/543/450 451/545/451
f 429/518/429 82/25/82 444/546/444
f 308/27/308 443/516/443 458/544/458
f 436/517/436 452/547/452 437/519/437
f 430/520/430 444/546/444 445/531/445
f 437/519/437 453/548/453 438/521/438
f 450/549/450 464/550/464 465/551/465
f 458/544/458 472/552/472 473/553/473
f 451/545/451 465/554/465 466/555/466
f 444/546/444 82/25/82 459/556/459
f 308/27/308 458/544/458 473/553/473
f 451/545/451 467/557/467 452/547/452
f 444/546/444 460/558/460 445/531/445
f 452/547/452 468/559/468 453/548/453
f 446/532/446 460/558/460 461/560/461
f 454/535/454 468/561/468 469/562/469
f 446/532/446 462/563/462 447/536/447
f 454/535/454 470/564/470 455/537/455
f 448/538/448 462/563/462 463/565/463
f 456/539/456 470/564/470 471/566/471
f 448/538/448 464/550/464 449/540/449
f 456/539/456 472/552/472 457/541/457
f 468/561/468 6/3/6 469/562/469
f 462/563/462 1/34/1 476/4/476
f 469/562/469 479/7/479 470/564/470
f 463/565/463 476/4/476 2/10/2
f 471/566/471 479/7/479 480/12/480
f 464/550/464 2/10/2 477/13/477
f 471/566/471 481/16/481 472/552/472
f 465/567/465 477/568/477 3/17/3
f 472/552/472 482/21/482 473/553/473
f 466/569/466 3/17/3 4/23/4
f 459/556/459 82/25/82 474/24/474
f 308/27/308 473/553/473 482/21/482
f 466/569/466 5/29/5 467/570/467
f 459/556/459 475/30/475 460/558/460
f 467/571/467 478/1/478 468/561/468
f 461/560/461 475/30/475 1/34/1
f 643/572/643 487/573/487 488/574/488
f 484/575/484 488/574/488 489/576/489
f 641/577/641 510/578/510 485/579/485
f 642/580/642 485/579/485 486/581/486
f 483/582/483 486/581/486 487/573/487
f 486/581/486 490/583/490 491/584/491
f 487/573/487 491/584/491 492/585/492
f 488/574/488 492/585/492 493/586/493
f 489/576/489 493/586/493 494/587/494
f 485/579/485 510/578/510 490/583/490
f 490/583/490 510/578/510 495/588/495
f 491/584/491 495/588/495 496/589/496
f 492/585/492 496/589/496 497/590/497
f 493/586/493 497/590/497 498/591/498
f 494/587/494 498/591/498 499/592/499
f 497/590/497 501/593/501 502/594/502
f 498/591/498 502/594/502 503/595/503
f 498/591/498 504/596/504 499/592/499
f 495/588/495 510/578/510 500/597/500
f 496/589/496 500/597/500 501/593/501
f 500/597/500 510/578/510 505/598/505
f 501/593/501 505/598/505 506/599/506
f 502/594/502 506/599/506 507/600/507
f 503/595/503 507/600/507 508/601/508
f 503/595/503 509/602/509 504/596/504
f 507/600/507 514/603/514 508/601/508
f 508/601/508 515/604/515 509/602/509
f 505/598/505 510/578/510 511/605/511
f 506/599/506 511/605/511 512/606/512
f 507/600/507 512/606/512 513/607/513
f 511/605/511 510/578/510 516/608/516
f 512/606/512 516/608/516 517/609/517
f 512/606/512 518/610/518 513/607/513
f 513/607/513 519/611/519 514/603/514
f 514/603/514 520/612/520 515/604/515
f 518/610/518 524/613/524 519/611/519
f 519/611/519 525/614/525 520/612/520
f 516/608/516 510/578/510 521/615/521
f 516/608/516 522/616/522 517/609/517
f 517/609/517 523/617/523 518/610/518
f 521/615/521 510/578/510 526/618/526
f 521/615/521 527/619/527 522/616/522
f 522/616/522 528/620/528 523/617/523
f 523/617/523 529/621/529 524/613/524
f 524/613/524 530/622/530 525/614/525
f 529/621/529 535/623/535 530/622/530
f 526/618/526 510/578/510 531/624/531
f 526/618/526 532/625/532 527/619/527
f 527/619/527 533/626/533 528/620/528
f 528/620/528 534/627/534 529/621/529
f 531/624/531 510/578/510 536/628/536
f 531/624/531 537/629/537 532/625/532
f 532/625/532 538/630/538 533/626/533
f 533/626/533 539/631/539 534/627/534
f 534/627/534 540/632/540 535/623/535
f 539/631/539 545/633/545 540/632/540
f 536/628/536 510/578/510 541/634/541
f 536/628/536 542/635/542 537/629/537
f 537/629/537 543/636/543 538/630/538
f 538/630/538 544/637/544 539/631/539
f 541/634/541 547/638/547 542/635/542
f 542/635/542 548/639/548 543/636/543
f 543/636/543 549/640/549 544/637/544
f 544/637/544 550/641/550 545/633/545
f 541/634/541 510/578/510 546/642/546
f 546/642/546 510/578/510 551/643/551
f 546/642/546 552/644/552 547/638/547
f 547/638/547 553/645/553 548/639/548
f 548/639/548 554/646/554 549/640/549
f 549/640/549 555/647/555 550/641/550
f 552/644/552 558/648/558 553/645/553
f 553/645/553 559/649/559 554/646/554
f 554/646/554 560/650/560 555/647/555
f 551/643/551 510/578/510 556/651/556
f 551/643/551 557/652/557 552/644/552
f 556/651/556 510/578/510 561/653/561
f 556/651/556 562/654/562 557/652/557
f 557/652/557 563/655/563 558/648/558
f 558/648/558 564/656/564 559/649/559
f 559/649/559 565/657/565 560/650/560
f 563/655/563 567/658/567 568/659/568
f 564/656/564 568/659/568 569/660/569
f 565/657/565 569/660/569 570/661/570
f 561/653/561 510/578/510 566/662/566
f 562/654/562 566/662/566 567/658/567
f 566/662/566 510/578/510 571/663/571
f 567/658/567 571/663/571 572/664/572
f 568/659/568 572/664/572 573/665/573
f 569/660/569 573/665/573 574/666/574
f 570/661/570 574/666/574 575/667/575
f 574/666/574 578/668/578 579/669/579
f 575/667/575 579/669/579 580/670/580
f 571/663/571 510/578/510 576/671/576
f 572/664/572 576/671/576 577/672/577
f 573/665/573 577/672/577 578/668/578
f 576/671/576 510/578/510 581/673/581
f 577/672/577 581/673/581 582/674/582
f 578/668/578 582/674/582 583/675/583
f 579/669/579 583/675/583 584/676/584
f 580/670/580 584/676/584 585/677/585
f 584/676/584 588/678/588 589/679/589
f 585/677/585 589/679/589 590/680/590
f 581/673/581 510/578/510 586/681/586
f 582/674/582 586/681/586 587/682/587
f 583/675/583 587/682/587 588/678/588
f 586/681/586 510/578/510 591/683/591
f 587/682/587 591/683/591 592/684/592
f 588/678/588 592/684/592 593/685/593
f 589/679/589 593/685/593 594/686/594
f 590/680/590 594/686/594 595/687/595
f 595/687/595 599/688/599 600/689/600
f 591/683/591 510/578/510 596/690/596
f 592/684/592 596/690/596 597/691/597
f 593/685/593 597/691/597 598/692/598
f 594/686/594 598/692/598 599/688/599
f 597/691/597 601/693/601 602/694/602
f 598/692/598 602/694/602 603/695/603
f 599/688/599 603/695/603 604/696/604
f 600/689/600 604/696/604 605/697/605
f 596/690/596 510/578/510 601/693/601
f 601/693/601 510/578/510 606/698/606
f 602/694/602 606/698/606 607/699/607
f 603/695/603 607/699/607 608/700/608
f 604/696/604 608/700/608 609/701/609
f 605/697/605 609/701/609 610/702/610
f 606/698/606 612/703/612 607/699/607
f 608/700/608 612/703/612 613/704/613
f 609/701/609 613/704/613 614/705/614
f 610/702/610 614/705/614 615/706/615
f 606/698/606 510/578/510 611/707/611
f 611/707/611 510/578/510 616/708/616
f 611/707/611 617/709/617 612/703/612
f 612/703/612 618/710/618 613/704/613
f 614/705/614 618/710/618 619/711/619
f 615/706/615 619/711/619 620/712/620
f 617/709/617 623/713/623 618/710/618
f 618/710/618 624/714/624 619/711/619
f 620/712/620 624/714/624 625/715/625
f 616/708/616 510/578/510 621/716/621
f 616/708/616 622/717/622 617/709/617
f 621/716/621 510/578/510 626/718/626
f 621/716/621 627/719/627 622/717/622
f 622/717/622 628/720/628 623/713/623
f 623/713/623 629/721/629 624/714/624
f 625/715/625 629/721/629 630/722/630
f 627/719/627 633/723/633 628/720/628
f 628/720/628 634/724/634 629/721/629
f 629/721/629 635/725/635 630/722/630
f 626/718/626 510/578/510 631/726/631
f 626/718/626 632/727/632 627/719/627
f 631/726/631 510/578/510 636/728/636
f 631/726/631 637/729/637 632/727/632
f 632/727/632 638/730/638 633/723/633
f 633/723/633 639/731/639 634/724/634
f 634/724/634 640/732/640 635/725/635
f 638/730/638 643/572/643 639/731/639
f 639/731/639 484/575/484 640/732/640
f 636/728/636 510/578/510 641/577/641
f 636/728/636 642/580/642 637/729/637
f 637/729/637 483/582/483 638/730/638
f 645/733/645 656/734/656 657/735/657
f 652/736/652 665/737/665 653/738/653
f 646/739/646 657/735/657 658/740/658
f 653/738/653 666/741/666 654/742/654
f 647/743/647 658/740/658 659/744/659
f 648/745/648 659/744/659 660/746/660
f 649/747/649 660/746/660 661/748/661
f 649/747/649 662/749/662 650/750/650
f 650/750/650 663/751/663 651/752/651
f 651/752/651 664/753/664 652/736/652
f 661/748/661 673/754/673 674/755/674
f 661/748/661 675/756/675 662/749/662
f 662/749/662 676/757/676 663/751/663
f 656/734/656 668/758/668 669/759/669
f 663/751/663 677/760/677 664/753/664
f 657/735/657 669/759/669 670/761/670
f 664/753/664 678/762/678 665/737/665
f 658/740/658 670/761/670 671/763/671
f 665/737/665 679/764/679 666/741/666
f 659/744/659 671/763/671 672/765/672
f 666/741/666 680/766/680 667/767/667
f 660/746/660 672/765/672 673/754/673
f 677/760/677 691/768/691 678/762/678
f 671/763/671 683/769/683 684/770/684
f 678/762/678 692/771/692 679/764/679
f 672/765/672 684/770/684 685/772/685
f 679/764/679 693/773/693 680/766/680
f 673/754/673 685/772/685 686/774/686
f 674/755/674 686/774/686 687/775/687
f 674/755/674 688/776/688 675/756/675
f 675/756/675 689/777/689 676/757/676
f 669/759/669 681/778/681 682/779/682
f 676/757/676 690/780/690 677/760/677
f 670/761/670 682/779/682 683/769/683
f 687/775/687 701/781/701 688/776/688
f 688/776/688 702/782/702 689/777/689
f 682/779/682 694/783/694 695/784/695
f 689/777/689 703/785/703 690/780/690
f 683/769/683 695/784/695 696/786/696
f 690/780/690 704/787/704 691/768/691
f 684/770/684 696/786/696 697/788/697
f 691/768/691 705/789/705 692/771/692
f 685/772/685 697/788/697 698/790/698
f 692/771/692 706/791/706 693/773/693
f 686/774/686 698/790/698 699/792/699
f 687/775/687 699/792/699 700/793/700
f 697/788/697 709/794/709 710/795/710
f 704/787/704 718/796/718 705/789/705
f 698/790/698 710/795/710 711/797/711
f 705/789/705 719/798/719 706/791/706
f 699/792/699 711/797/711 712/799/712
f 700/793/700 712/799/712 713/800/713
f 700/793/700 714/801/714 701/781/701
f 701/781/701 715/802/715 702/782/702
f 695/784/695 707/803/707 708/804/708
f 702/782/702 716/805/716 703/785/703
f 696/786/696 708/804/708 709/794/709
f 703/785/703 717/806/717 704/787/704
f 713/800/713 727/807/726 714/801/714
f 714/801/714 728/808/727 715/802/715
f 708/804/708 720/809/720 721/810/721
f 715/802/715 729/811/728 716/805/716
f 709/794/709 721/810/721 722/812/722
f 716/805/716 730/813/729 717/806/717
f 710/795/710 722/812/722 723/814/723
f 717/806/717 731/815/730 718/796/718
f 711/797/711 723/814/723 724/816/724
f 718/796/718 732/817/731 719/798/719
f 712/799/712 724/816/724 725/818/725
f 713/800/713 725/818/725 726/819/120
f 731/815/730 743/820/742 744/821/743
f 723/814/723 737/822/736 724/816/724
f 732/817/731 744/821/743 745/823/744
f 724/816/724 738/824/737 725/818/725
f 725/818/725 739/825/738 726/819/120
f 727/807/726 739/825/738 740/826/739
f 728/808/727 740/826/739 741/827/740
f 720/809/720 734/828/733 721/810/721
f 729/811/728 741/827/740 742/829/741
f 721/810/721 735/830/734 722/812/722
f 730/813/729 742/829/741 743/820/742
f 722/812/722 736/831/735 723/814/723
f 741/827/740 753/832/752 754/833/753
f 733/834/732 747/835/746 734/828/733
f 742/829/741 754/833/753 755/836/754
f 734/828/733 748/837/747 735/830/734
f 743/820/742 755/836/754 756/838/755
f 735/830/734 749/839/748 736/831/735
f 744/821/743 756/838/755 757/840/756
f 736/831/735 750/841/749 737/822/736
f 745/823/744 757/840/756 758/842/757
f 737/822/736 751/843/750 738/824/737
f 738/824/737 752/844/751 739/825/738
f 740/826/739 752/844/751 753/832/752
f 758/842/757 770/845/769 771/846/770
f 750/841/749 764/847/763 751/843/750
f 751/843/750 765/848/764 752/844/751
f 753/832/752 765/848/764 766/849/765
f 754/833/753 766/849/765 767/850/766
f 746/851/745 760/852/759 747/835/746
f 755/836/754 767/850/766 768/853/767
f 747/835/746 761/854/760 748/837/747
f 756/838/755 768/853/767 769/855/768
f 748/837/747 762/856/761 749/839/748
f 757/840/756 769/855/768 770/845/769
f 749/839/748 763/857/762 750/841/749
f 759/858/758 773/859/772 760/852/759
f 768/853/767 780/860/779 781/861/780
f 760/852/759 774/862/773 761/854/760
f 769/855/768 781/861/780 782/863/781
f 761/854/760 775/864/774 762/856/761
f 770/845/769 782/863/781 783/865/782
f 762/856/761 776/866/775 763/857/762
f 771/846/770 783/865/782 784/867/783
f 763/857/762 777/868/776 764/847/763
f 764/847/763 778/869/777 765/848/764
f 766/849/765 778/869/777 779/870/778
f 767/850/766 779/870/778 780/860/779
f 776/866/775 790/871/789 777/868/776
f 777/868/776 791/872/790 778/869/777
f 779/870/778 791/872/790 792/873/791
f 780/860/779 792/873/791 793/874/792
f 772/875/771 786/876/785 773/859/772
f 781/861/780 793/874/792 794/877/793
f 773/859/772 787/878/786 774/862/773
f 782/863/781 794/877/793 795/879/794
f 774/862/773 788/880/787 775/864/774
f 783/865/782 795/879/794 796/881/795
f 775/864/774 789/882/788 776/866/775
f 784/867/783 796/881/795 797/883/796
f 794/877/793 805/884/804 806/885/805
f 786/876/785 799/886/798 787/878/786
f 795/879/794 806/885/805 807/887/806
f 787/878/786 800/888/799 788/880/787
f 796/881/795 807/887/806 808/889/807
f 788/880/787 801/890/800 789/882/788
f 789/882/788 802/891/801 790/871/789
f 790/871/789 803/892/802 791/872/790
f 792/873/791 803/892/802 804/893/803
f 793/874/792 804/893/803 805/884/804
f 802/891/801 813/894/812 803/892/802
f 804/893/803 813/894/812 814/895/813
f 805/884/804 814/895/813 815/896/814
f 806/885/805 815/896/814 816/897/815
f 807/887/806 816/897/815 817/898/816
f 799/886/798 810/899/809 800/888/799
f 800/888/799 811/900/810 801/890/800
f 801/890/800 812/901/811 802/891/801
f 825/902/824 836/903/835 826/904/825
f 819/905/818 828/906/827 829/907/828
f 820/908/819 829/907/828 830/909/829
f 821/910/820 830/909/829 831/911/830
f 822/912/821 831/911/830 832/913/831
f 822/912/821 833/914/832 823/915/822
f 823/915/822 834/916/833 824/917/823
f 824/917/823 835/918/834 825/902/824
f 832/913/831 845/919/844 833/914/832
f 833/914/832 846/920/845 834/916/833
f 834/916/833 847/921/846 835/918/834
f 828/906/827 839/922/838 840/923/839
f 835/918/834 848/924/847 836/903/835
f 829/907/828 840/923/839 841/925/840
f 836/903/835 849/926/848 837/927/836
f 830/909/829 841/925/840 842/928/841
f 831/911/830 842/928/841 843/929/842
f 832/913/831 843/929/842 844/930/843
f 848/924/847 862/931/861 849/926/848
f 842/928/841 854/932/853 855/933/854
f 849/926/848 863/934/862 850/935/849
f 843/929/842 855/933/854 856/936/855
f 844/930/843 856/936/855 857/937/856
f 844/930/843 858/938/857 845/919/844
f 845/919/844 859/939/858 846/920/845
f 839/922/838 851/940/850 852/941/851
f 846/920/845 860/942/859 847/921/846
f 840/923/839 852/941/851 853/943/852
f 847/921/846 861/944/860 848/924/847
f 841/925/840 853/943/852 854/932/853
f 858/938/857 872/945/871 859/939/858
f 852/941/851 864/946/863 865/947/864
f 859/939/858 873/948/872 860/942/859
f 853/943/852 865/947/864 866/949/865
f 860/942/859 874/950/873 861/944/860
f 854/932/853 866/949/865 867/951/866
f 861/944/860 875/952/874 862/931/861
f 855/933/854 867/951/866 868/953/867
f 862/931/861 876/954/875 863/934/862
f 856/936/855 868/953/867 869/955/868
f 857/937/856 869/955/868 870/956/869
f 857/937/856 871/957/870 858/938/857
f 868/953/867 880/958/879 881/959/880
f 875/952/874 889/960/888 876/954/875
f 869/955/868 881/959/880 882/961/881
f 870/956/869 882/961/881 883/962/882
f 870/956/869 884/963/883 871/957/870
f 871/957/870 885/964/884 872/945/871
f 865/947/864 877/965/876 878/966/877
f 872/945/871 886/967/885 873/948/872
f 866/949/865 878/966/877 879/968/878
f 873/948/872 887/969/886 874/950/873
f 867/951/866 879/968/878 880/958/879
f 874/950/873 888/970/887 875/952/874
f 884/963/883 898/971/897 885/964/884
f 878/966/877 890/972/889 891/973/890
f 885/964/884 899/974/898 886/967/885
f 879/968/878 891/973/890 892/975/891
f 886/967/885 900/976/899 887/969/886
f 880/958/879 892/975/891 893/977/892
f 887/969/886 901/978/900 888/970/887
f 881/959/880 893/977/892 894/979/893
f 888/970/887 902/980/901 889/960/888
f 882/961/881 894/979/893 895/981/894
f 883/962/882 895/981/894 896/982/895
f 883/962/882 897/983/896 884/963/883
f 901/978/900 915/984/913 902/980/901
f 895/981/894 907/985/906 908/986/907
f 896/982/895 908/986/907 909/987/361
f 896/982/895 910/988/908 897/983/896
f 897/983/896 911/989/909 898/971/897
f 891/973/890 903/990/902 904/991/903
f 898/971/897 912/992/910 899/974/898
f 892/975/891 904/991/903 905/993/904
f 899/974/898 913/994/911 900/976/899
f 893/977/892 905/993/904 906/995/905
f 900/976/899 914/996/912 901/978/900
f 894/979/893 906/995/905 907/985/906
f 903/990/902 917/997/915 904/991/903
f 912/992/910 924/998/922 925/999/923
f 904/991/903 918/1000/916 905/993/904
f 913/994/911 925/999/923 926/1001/924
f 905/993/904 919/1002/917 906/995/905
f 914/996/912 926/1001/924 927/1003/925
f 906/995/905 920/1004/918 907/985/906
f 915/984/913 927/1003/925 928/1005/926
f 907/985/906 921/1006/919 908/986/907
f 908/986/907 922/1007/920 909/987/361
f 910/988/908 922/1007/920 923/1008/921
f 911/989/909 923/1008/921 924/998/922
f 920/1004/918 934/1009/932 921/1006/919
f 921/1006/919 935/1010/933 922/1007/920
f 923/1008/921 935/1010/933 936/1011/934
f 924/998/922 936/1011/934 937/1012/935
f 916/1013/914 930/1014/928 917/997/915
f 925/999/923 937/1012/935 938/1015/936
f 917/997/915 931/1016/929 918/1000/916
f 926/1001/924 938/1015/936 939/1017/937
f 918/1000/916 932/1018/930 919/1002/917
f 927/1003/925 939/1017/937 940/1019/938
f 919/1002/917 933/1020/931 920/1004/918
f 928/1005/926 940/1019/938 941/1021/939
f 938/1015/936 950/1022/948 951/1023/949
f 930/1014/928 944/1024/942 931/1016/929
f 939/1017/937 951/1023/949 952/1025/950
f 931/1016/929 945/1026/943 932/1018/930
f 940/1019/938 952/1025/950 953/1027/951
f 932/1018/930 946/1028/944 933/1020/931
f 941/1021/939 953/1027/951 954/1029/952
f 933/1020/931 947/1030/945 934/1009/932
f 934/1009/932 948/1031/946 935/1010/933
f 936/1011/934 948/1031/946 949/1032/947
f 937/1012/935 949/1032/947 950/1022/948
f 929/1033/927 943/1034/941 930/1014/928
f 947/1030/945 961/1035/959 948/1031/946
f 949/1032/947 961/1035/959 962/1036/960
f 950/1022/948 962/1036/960 963/1037/961
f 942/1038/940 956/1039/954 943/1034/941
f 951/1023/949 963/1037/961 964/1040/962
f 943/1034/941 957/1041/955 944/1024/942
f 952/1025/950 964/1040/962 965/1042/963
f 944/1024/942 958/1043/956 945/1026/943
f 953/1027/951 965/1042/963 966/1044/964
f 945/1026/943 959/1045/957 946/1028/944
f 954/1029/952 966/1044/964 967/1046/965
f 946/1028/944 960/1047/958 947/1030/945
f 965/1042/963 977/1048/975 978/1049/976
f 957/1041/955 971/1050/969 958/1043/956
f 966/1044/964 978/1049/976 979/1051/977
f 958/1043/956 972/1052/970 959/1045/957
f 967/1046/965 979/1051/977 980/1053/978
f 959/1045/957 973/1054/971 960/1047/958
f 960/1047/958 974/1055/972 961/1035/959
f 962/1036/960 974/1055/972 975/1056/973
f 963/1037/961 975/1056/973 976/1057/974
f 955/1058/953 969/1059/967 956/1039/954
f 964/1040/962 976/1057/974 977/1048/975
f 956/1039/954 970/1060/968 957/1041/955
f 975/1056/973 986/1061/984 987/1062/985
f 976/1057/974 987/1062/985 988/1063/986
f 977/1048/975 988/1063/986 989/1064/987
f 969/1059/967 982/1065/980 970/1060/968
f 978/1049/976 989/1064/987 990/1066/988
f 970/1060/968 983/1067/981 971/1050/969
f 979/1051/977 990/1066/988 991/1068/989
f 971/1050/969 984/1069/982 972/1052/970
f 972/1052/970 985/1070/983 973/1054/971
f 973/1054/971 986/1061/984 974/1055/972
f 1452/1071/1449 1073/1072/1070 998/1073/995
f 1286/1074/1283 1460/1075/1457 1012/1076/1009
f 995/1077/4 1006/1078/1003 996/1079/993
f 1453/1080/1450 998/1073/995 999/1081/996
f 996/1079/993 1007/1082/1004 1456/1083/1453
f 992/1084/990 999/1081/996 1000/1085/997
f 1456/1083/1453 1008/1086/1005 997/1087/994
f 1454/1088/1451 1000/1085/997 1001/1089/998
f 997/1087/994 1009/1090/1006 1457/1091/1454
f 993/1092/991 1001/1089/998 1002/1093/999
f 1457/1091/1454 1010/1094/1007 1458/1095/1455
f 1455/1096/1452 1002/1093/999 1003/1097/1000
f 1458/1095/1455 1011/1098/1008 1459/1099/1456
f 994/1100/992 1003/1097/1000 1004/1101/1001
f 1459/1099/1456 1012/1076/1009 1460/1075/1457
f 995/1077/4 1004/1101/1001 1005/1102/1002
f 1011/1098/1008 1027/1103/1024 1012/1076/1009
f 1005/1102/1002 1019/1104/1016 1020/1105/1017
f 998/1073/995 1073/1072/1070 1013/1106/1010
f 1286/1074/1283 1012/1076/1009 1027/1103/1024
f 1005/1102/1002 1021/1107/1018 1006/1078/1003
f 999/1081/996 1013/1106/1010 1014/1108/1011
f 1006/1078/1003 1022/1109/1019 1007/1082/1004
f 1000/1085/997 1014/1108/1011 1015/1110/1012
f 1007/1082/1004 1023/1111/1020 1008/1086/1005
f 1001/1089/998 1015/1110/1012 1016/1112/1013
f 1008/1086/1005 1024/1113/1021 1009/1090/1006
f 1002/1093/999 1016/1112/1013 1017/1114/1014
f 1009/1090/1006 1025/1115/1022 1010/1094/1007
f 1003/1097/1000 1017/1114/1014 1018/1116/1015
f 1010/1094/1007 1026/1117/1023 1011/1098/1008
f 1004/1101/1001 1018/1116/1015 1019/1104/1016
f 1016/1112/1013 1030/1118/1027 1031/1119/1028
f 1023/1111/1020 1039/1120/1036 1024/1113/1021
f 1017/1114/1014 1031/1119/1028 1032/1121/1029
f 1024/1113/1021 1040/1122/1037 1025/1115/1022
f 1018/1116/1015 1032/1121/1029 1033/1123/1030
f 1025/1115/1022 1041/1124/1038 1026/1117/1023
f 1019/1104/1016 1033/1123/1030 1034/1125/1031
f 1026/1117/1023 1042/1126/1039 1027/1103/1024
f 1020/1105/1017 1034/1125/1031 1035/1127/1032
f 1013/1106/1010 1073/1072/1070 1028/1128/1025
f 1286/1074/1283 1027/1103/1024 1042/1126/1039
f 1020/1105/1017 1036/1129/1033 1021/1107/1018
f 1014/1108/1011 1028/1128/1025 1029/1130/1026
f 1021/1107/1018 1037/1131/1034 1022/1109/1019
f 1015/1110/1012 1029/1130/1026 1030/1118/1027
f 1022/1109/1019 1038/1132/1035 1023/1111/1020
f 1035/1127/1032 1049/1133/1046 1050/1134/1047
f 1028/1128/1025 1073/1072/1070 1043/1135/1040
f 1286/1074/1283 1042/1126/1039 1057/1136/1054
f 1035/1127/1032 1051/1137/1048 1036/1129/1033
f 1029/1130/1026 1043/1135/1040 1044/1138/1041
f 1036/1129/1033 1052/1139/1049 1037/1131/1034
f 1030/1118/1027 1044/1138/1041 1045/1140/1042
f 1037/1131/1034 1053/1141/1050 1038/1132/1035
f 1031/1119/1028 1045/1140/1042 1046/1142/1043
f 1038/1132/1035 1054/1143/1051 1039/1120/1036
f 1032/1121/1029 1046/1142/1043 1047/1144/1044
f 1039/1120/1036 1055/1145/1052 1040/1122/1037
f 1033/1123/1030 1047/1144/1044 1048/1146/1045
f 1040/1122/1037 1056/1147/1053 1041/1124/1038
f 1034/1125/1031 1048/1146/1045 1049/1133/1046
f 1041/1124/1038 1057/1136/1054 1042/1126/1039
f 1053/1141/1050 1069/1148/1066 1054/1143/1051
f 1047/1144/1044 1061/1149/1058 1062/1150/1059
f 1054/1143/1051 1070/1151/1067 1055/1145/1052
f 1048/1146/1045 1062/1150/1059 1063/1152/1060
f 1055/1145/1052 1071/1153/1068 1056/1147/1053
f 1049/1133/1046 1063/1152/1060 1064/1154/1061
f 1056/1147/1053 1072/1155/1069 1057/1136/1054
f 1050/1134/1047 1064/1154/1061 1065/1156/1062
f 1043/1135/1040 1073/1072/1070 1058/1157/1055
f 1286/1074/1283 1057/1136/1054 1072/1155/1069
f 1050/1134/1047 1066/1158/1063 1051/1137/1048
f 1044/1138/1041 1058/1157/1055 1059/1159/1056
f 1051/1137/1048 1067/1160/1064 1052/1139/1049
f 1045/1140/1042 1059/1159/1056 1060/1161/1057
f 1052/1139/1049 1068/1162/1065 1053/1141/1050
f 1046/1142/1043 1060/1161/1057 1061/1149/1058
f 1058/1157/1055 1073/1072/1070 1074/1163/1071
f 1286/1074/1283 1072/1155/1069 1088/1164/1085
f 1065/1156/1062 1082/1165/1079 1066/1158/1063
f 1059/1159/1056 1074/1163/1071 1075/1166/1072
f 1066/1158/1063 1083/1167/1080 1067/1160/1064
f 1060/1161/1057 1075/1166/1072 1076/1168/1073
f 1067/1160/1064 1084/1169/1081 1068/1162/1065
f 1061/1149/1058 1076/1168/1073 1077/1170/1074
f 1068/1162/1065 1085/1171/1082 1069/1148/1066
f 1062/1150/1059 1077/1170/1074 1078/1172/1075
f 1069/1148/1066 1086/1173/1083 1070/1151/1067
f 1063/1152/1060 1078/1172/1075 1079/1174/1076
f 1070/1151/1067 1087/1175/1084 1071/1153/1068
f 1064/1154/1061 1079/1174/1076 1080/1176/1077
f 1071/1153/1068 1088/1164/1085 1072/1155/1069
f 1065/1156/1062 1080/1176/1077 1081/1177/1078
f 1078/1172/1075 1092/1178/1089 1093/1179/1090
f 1085/1171/1082 1101/1180/1098 1086/1173/1083
f 1079/1174/1076 1093/1179/1090 1094/1181/1091
f 1086/1173/1083 1102/1182/1099 1087/1175/1084
f 1080/1176/1077 1094/1181/1091 1095/1183/1092
f 1087/1175/1084 1103/1184/1100 1088/1164/1085
f 1081/1177/1078 1095/1183/1092 1096/1185/1093
f 1074/1163/1071 1073/1072/1070 1089/1186/1086
f 1286/1074/1283 1088/1164/1085 1103/1184/1100
f 1081/1177/1078 1097/1187/1094 1082/1165/1079
f 1075/1166/1072 1089/1186/1086 1090/1188/1087
f 1082/1165/1079 1098/1189/1095 1083/1167/1080
f 1076/1168/1073 1090/1188/1087 1091/1190/1088
f 1083/1167/1080 1099/1191/1096 1084/1169/1081
f 1077/1170/1074 1091/1190/1088 1092/1178/1089
f 1084/1169/1081 1100/1192/1097 1085/1171/1082
f 1096/1185/1093 1112/1193/1109 1097/1187/1094
f 1090/1188/1087 1104/1194/1101 1105/1195/1102
f 1097/1187/1094 1113/1196/1110 1098/1189/1095
f 1091/1190/1088 1105/1195/1102 1106/1197/1103
f 1098/1189/1095 1114/1198/1111 1099/1191/1096
f 1092/1178/1089 1106/1197/1103 1107/1199/1104
f 1099/1191/1096 1115/1200/1112 1100/1192/1097
f 1093/1179/1090 1107/1199/1104 1108/1201/1105
f 1100/1192/1097 1116/1202/1113 1101/1180/1098
f 1094/1181/1091 1108/1201/1105 1109/1203/1106
f 1101/1180/1098 1117/1204/1114 1102/1182/1099
f 1095/1183/1092 1109/1203/1106 1110/1205/1107
f 1102/1182/1099 1118/1206/1115 1103/1184/1100
f 1096/1185/1093 1110/1205/1107 1111/1207/1108
f 1089/1186/1086 1073/1072/1070 1104/1194/1101
f 1286/1074/1283 1103/1184/1100 1118/1206/1115
f 1116/1202/1113 1130/1208/1127 1131/1209/1128
f 1108/1201/1105 1124/1210/1121 1109/1203/1106
f 1117/1204/1114 1131/1209/1128 1132/1211/1129
f 1109/1203/1106 1125/1212/1122 1110/1205/1107
f 1118/1206/1115 1132/1211/1129 1133/1213/1130
f 1110/1205/1107 1126/1214/1123 1111/1207/1108
f 1104/1194/1101 1073/1072/1070 1119/1215/1116
f 1286/1074/1283 1118/1206/1115 1133/1213/1130
f 1112/1193/1109 1126/1214/1123 1127/1216/1124
f 1104/1194/1101 1120/1217/1117 1105/1195/1102
f 1113/1196/1110 1127/1216/1124 1128/1218/1125
f 1105/1195/1102 1121/1219/1118 1106/1197/1103
f 1114/1198/1111 1128/1218/1125 1129/1220/1126
f 1106/1197/1103 1122/1221/1119 1107/1199/1104
f 1115/1200/1112 1129/1220/1126 1130/1208/1127
f 1107/1199/1104 1123/1222/1120 1108/1201/1105
f 1128/1218/1125 1142/1223/1139 1143/1224/1140
f 1120/1217/1117 1136/1225/1133 1121/1219/1118
f 1129/1220/1126 1143/1224/1140 1144/1226/1141
f 1121/1219/1118 1137/1227/1134 1122/1221/1119
f 1130/1208/1127 1144/1226/1141 1145/1228/1142
f 1122/1221/1119 1138/1229/1135 1123/1222/1120
f 1131/1209/1128 1145/1228/1142 1146/1230/1143
f 1123/1222/1120 1139/1231/1136 1124/1210/1121
f 1132/1211/1129 1146/1230/1143 1147/1232/1144
f 1124/1210/1121 1140/1233/1137 1125/1212/1122
f 1133/1213/1130 1147/1232/1144 1148/1234/1145
f 1125/1212/1122 1141/1235/1138 1126/1214/1123
f 1119/1215/1116 1073/1072/1070 1134/1236/1131
f 1286/1074/1283 1133/1213/1130 1148/1234/1145
f 1127/1216/1124 1141/1235/1138 1142/1223/1139
f 1119/1215/1116 1135/1237/1132 1120/1217/1117
f 1147/1232/1144 1161/1238/1158 1162/1239/1159
f 1139/1231/1136 1155/1240/1152 1140/1233/1137
f 1148/1234/1145 1162/1239/1159 1163/1241/1160
f 1140/1233/1137 1156/1242/1153 1141/1235/1138
f 1134/1236/1131 1073/1072/1070 1149/1243/1146
f 1286/1074/1283 1148/1234/1145 1163/1241/1160
f 1142/1223/1139 1156/1242/1153 1157/1244/1154
f 1134/1236/1131 1150/1245/1147 1135/1237/1132
f 1143/1224/1140 1157/1244/1154 1158/1246/1155
f 1135/1237/1132 1151/1247/1148 1136/1225/1133
f 1144/1226/1141 1158/1246/1155 1159/1248/1156
f 1136/1225/1133 1152/1249/1149 1137/1227/1134
f 1145/1228/1142 1159/1248/1156 1160/1250/1157
f 1137/1227/1134 1153/1251/1150 1138/1229/1135
f 1146/1230/1143 1160/1250/1157 1161/1238/1158
f 1138/1229/1135 1154/1252/1151 1139/1231/1136
f 1150/1245/1147 1166/1253/1163 1151/1247/1148
f 1159/1248/1156 1173/1254/1170 1174/1255/1171
f 1151/1247/1148 1167/1256/1164 1152/1249/1149
f 1160/1250/1157 1174/1255/1171 1175/1257/1172
f 1152/1249/1149 1168/1258/1165 1153/1251/1150
f 1161/1238/1158 1175/1257/1172 1176/1259/1173
f 1153/1251/1150 1169/1260/1166 1154/1252/1151
f 1162/1239/1159 1176/1259/1173 1177/1261/1174
f 1154/1252/1151 1170/1262/1167 1155/1240/1152
f 1163/1241/1160 1177/1261/1174 1178/1263/1175
f 1155/1240/1152 1171/1264/1168 1156/1242/1153
f 1149/1243/1146 1073/1072/1070 1164/1265/1161
f 1286/1074/1283 1163/1241/1160 1178/1263/1175
f 1157/1244/1154 1171/1264/1168 1172/1266/1169
f 1149/1243/1146 1165/1267/1162 1150/1245/1147
f 1158/1246/1155 1172/1266/1169 1173/1254/1170
f 1169/1260/1166 1185/1268/1182 1170/1262/1167
f 1178/1263/1175 1192/1269/1189 1193/1270/1190
f 1170/1262/1167 1186/1271/1183 1171/1264/1168
f 1164/1265/1161 1073/1072/1070 1179/1272/1176
f 1286/1074/1283 1178/1263/1175 1193/1270/1190
f 1172/1266/1169 1186/1271/1183 1187/1273/1184
f 1164/1265/1161 1180/1274/1177 1165/1267/1162
f 1173/1254/1170 1187/1273/1184 1188/1275/1185
f 1165/1267/1162 1181/1276/1178 1166/1253/1163
f 1174/1255/1171 1188/1275/1185 1189/1277/1186
f 1166/1253/1163 1182/1278/1179 1167/1256/1164
f 1175/1257/1172 1189/1277/1186 1190/1279/1187
f 1167/1256/1164 1183/1280/1180 1168/1258/1165
f 1176/1259/1173 1190/1279/1187 1191/1281/1188
f 1168/1258/1165 1184/1282/1181 1169/1260/1166
f 1177/1261/1174 1191/1281/1188 1192/1269/1189
f 1189/1277/1186 1203/1283/1200 1204/1284/1201
f 1181/1276/1178 1197/1285/1194 1182/1278/1179
f 1190/1279/1187 1204/1284/1201 1205/1286/1202
f 1182/1278/1179 1198/1287/1195 1183/1280/1180
f 1191/1281/1188 1205/1286/1202 1206/1288/1203
f 1183/1280/1180 1199/1289/1196 1184/1282/1181
f 1192/1269/1189 1206/1288/1203 1207/1290/1204
f 1184/1282/1181 1200/1291/1197 1185/1268/1182
f 1193/1270/1190 1207/1290/1204 1208/1292/1205
f 1185/1268/1182 1201/1293/1198 1186/1271/1183
f 1179/1272/1176 1073/1072/1070 1194/1294/1191
f 1286/1074/1283 1193/1270/1190 1208/1292/1205
f 1187/1273/1184 1201/1293/1198 1202/1295/1199
f 1179/1272/1176 1195/1296/1192 1180/1274/1177
f 1188/1275/1185 1202/1295/1199 1203/1283/1200
f 1180/1274/1177 1196/1297/1193 1181/1276/1178
f 1208/1292/1205 1222/1298/1219 1223/1299/1220
f 1200/1291/1197 1216/1300/1213 1201/1293/1198
f 1194/1294/1191 1073/1072/1070 1209/1301/1206
f 1286/1074/1283 1208/1292/1205 1223/1299/1220
f 1202/1295/1199 1216/1300/1213 1217/1302/1214
f 1194/1294/1191 1210/1303/1207 1195/1296/1192
f 1203/1283/1200 1217/1302/1214 1218/1304/1215
f 1195/1296/1192 1211/1305/1208 1196/1297/1193
f 1204/1284/1201 1218/1304/1215 1219/1306/1216
f 1196/1297/1193 1212/1307/1209 1197/1285/1194
f 1205/1286/1202 1219/1306/1216 1220/1308/1217
f 1197/1285/1194 1213/1309/1210 1198/1287/1195
f 1206/1288/1203 1220/1308/1217 1221/1310/1218
f 1198/1287/1195 1214/1311/1211 1199/1289/1196
f 1207/1290/1204 1221/1310/1218 1222/1298/1219
f 1199/1289/1196 1215/1312/1212 1200/1291/1197
f 1209/1301/1206 1073/1072/1070 1224/1313/1221
f 1286/1074/1283 1223/1299/1220 1225/1314/1222
f 1224/1313/1221 1073/1072/1070 1226/1315/1223
f 1286/1074/1283 1225/1314/1222 1240/1316/1237
f 1236/1317/1233 1252/1318/1249 1237/1319/1234
f 1230/1320/1227 1244/1321/1241 1245/1322/1242
f 1237/1319/1234 1253/1323/1250 1238/1324/1235
f 1231/1325/1228 1245/1322/1242 1246/1326/1243
f 1238/1324/1235 1254/1327/1251 1239/1328/1236
f 1232/1329/1229 1246/1326/1243 1247/1330/1244
f 1239/1328/1236 1255/1331/1252 1240/1316/1237
f 1233/1332/1230 1247/1330/1244 1248/1333/1245
f 1226/1315/1223 1073/1072/1070 1241/1334/1238
f 1286/1074/1283 1240/1316/1237 1255/1331/1252
f 1233/1332/1230 1249/1335/1246 1234/1336/1231
f 1227/1337/1224 1241/1334/1238 1242/1338/1239
f 1234/1336/1231 1250/1339/1247 1235/1340/1232
f 1228/1341/1225 1242/1338/1239 1243/1342/1240
f 1235/1340/1232 1251/1343/1248 1236/1317/1233
f 1229/1344/1226 1243/1342/1240 1244/1321/1241
f 1286/1074/1283 1255/1331/1252 1270/1345/1267
f 1248/1333/1245 1264/1346/1261 1249/1335/1246
f 1242/1338/1239 1256/1347/1253 1257/1348/1254
f 1249/1335/1246 1265/1349/1262 1250/1339/1247
f 1243/1342/1240 1257/1348/1254 1258/1350/1255
f 1250/1339/1247 1266/1351/1263 1251/1343/1248
f 1244/1321/1241 1258/1350/1255 1259/1352/1256
f 1251/1343/1248 1267/1353/1264 1252/1318/1249
f 1245/1322/1242 1259/1352/1256 1260/1354/1257
f 1252/1318/1249 1268/1355/1265 1253/1323/1250
f 1246/1326/1243 1260/1354/1257 1261/1356/1258
f 1253/1323/1250 1269/1357/1266 1254/1327/1251
f 1247/1330/1244 1261/1356/1258 1262/1358/1259
f 1254/1327/1251 1270/1345/1267 1255/1331/1252
f 1248/1333/1245 1262/1358/1259 1263/1359/1260
f 1241/1334/1238 1073/1072/1070 1256/1347/1253
f 1267/1353/1264 1283/1360/1280 1268/1355/1265
f 1261/1356/1258 1275/1361/1272 1276/1362/1273
f 1268/1355/1265 1284/1363/1281 1269/1357/1266
f 1262/1358/1259 1276/1362/1273 1277/1364/1274
f 1269/1357/1266 1285/1365/1282 1270/1345/1267
f 1263/1359/1260 1277/1364/1274 1278/1366/1275
f 1256/1347/1253 1073/1072/1070 1271/1367/1268
f 1286/1074/1283 1270/1345/1267 1285/1365/1282
f 1263/1359/1260 1279/1368/1276 1264/1346/1261
f 1257/1348/1254 1271/1367/1268 1272/1369/1269
f 1264/1346/1261 1280/1370/1277 1265/1349/1262
f 1258/1350/1255 1272/1369/1269 1273/1371/1270
f 1265/1349/1262 1281/1372/1278 1266/1351/1263
f 1259/1352/1256 1273/1371/1270 1274/1373/1271
f 1266/1351/1263 1282/1374/1279 1267/1353/1264
f 1260/1354/1257 1274/1373/1271 1275/1361/1272
f 1272/1369/1269 1287/1375/1284 1288/1376/1285
f 1279/1368/1276 1296/1377/1293 1280/1370/1277
f 1273/1371/1270 1288/1376/1285 1289/1378/1286
f 1280/1370/1277 1297/1379/1294 1281/1372/1278
f 1274/1373/1271 1289/1378/1286 1290/1380/1287
f 1281/1372/1278 1298/1381/1295 1282/1374/1279
f 1275/1361/1272 1290/1380/1287 1291/1382/1288
f 1282/1374/1279 1299/1383/1296 1283/1360/1280
f 1276/1362/1273 1291/1382/1288 1292/1384/1289
f 1283/1360/1280 1300/1385/1297 1284/1363/1281
f 1277/1364/1274 1292/1384/1289 1293/1386/1290
f 1284/1363/1281 1301/1387/1298 1285/1365/1282
f 1278/1366/1275 1293/1386/1290 1294/1388/1291
f 1271/1367/1268 1073/1072/1070 1287/1375/1284
f 1286/1074/1283 1285/1365/1282 1301/1387/1298
f 1278/1366/1275 1295/1389/1292 1279/1368/1276
f 1292/1384/1289 1306/1390/1303 1307/1391/1304
f 1299/1383/1296 1315/1392/1312 1300/1385/1297
f 1293/1386/1290 1307/1391/1304 1308/1393/1305
f 1300/1385/1297 1316/1394/1313 1301/1387/1298
f 1294/1388/1291 1308/1393/1305 1309/1395/1306
f 1287/1375/1284 1073/1072/1070 1302/1396/1299
f 1286/1074/1283 1301/1387/1298 1316/1394/1313
f 1294/1388/1291 1310/1397/1307 1295/1389/1292
f 1288/1376/1285 1302/1396/1299 1303/1398/1300
f 1295/1389/1292 1311/1399/1308 1296/1377/1293
f 1289/1378/1286 1303/1398/1300 1304/1400/1301
f 1296/1377/1293 1312/1401/1309 1297/1379/1294
f 1290/1380/1287 1304/1400/1301 1305/1402/1302
f 1297/1379/1294 1313/1403/1310 1298/1381/1295
f 1291/1382/1288 1305/1402/1302 1306/1390/1303
f 1298/1381/1295 1314/1404/1311 1299/1383/1296
f 1310/1397/1307 1326/1405/1323 1311/1399/1308
f 1304/1400/1301 1318/1406/1315 1319/1407/1316
f 1311/1399/1308 1327/1408/1324 1312/1401/1309
f 1305/1402/1302 1319/1407/1316 1320/1409/1317
f 1312/1401/1309 1328/1410/1325 1313/1403/1310
f 1306/1390/1303 1320/1409/1317 1321/1411/1318
f 1313/1403/1310 1329/1412/1326 1314/1404/1311
f 1307/1391/1304 1321/1411/1318 1322/1413/1319
f 1314/1404/1311 1330/1414/1327 1315/1392/1312
f 1308/1393/1305 1322/1413/1319 1323/1415/1320
f 1315/1392/1312 1331/1416/1328 1316/1394/1313
f 1309/1395/1306 1323/1415/1320 1324/1417/1321
f 1302/1396/1299 1073/1072/1070 1317/1418/1314
f 1286/1074/1283 1316/1394/1313 1331/1416/1328
f 1309/1395/1306 1325/1419/1322 1310/1397/1307
f 1303/1398/1300 1317/1418/1314 1318/1406/1315
f 1329/1412/1326 1345/1420/1342 1330/1414/1327
f 1323/1415/1320 1337/1421/1334 1338/1422/1335
f 1330/1414/1327 1346/1423/1343 1331/1416/1328
f 1324/1417/1321 1338/1422/1335 1339/1424/1336
f 1317/1418/1314 1073/1072/1070 1332/1425/1329
f 1286/1074/1283 1331/1416/1328 1346/1423/1343
f 1324/1417/1321 1340/1426/1337 1325/1419/1322
f 1318/1406/1315 1332/1425/1329 1333/1427/1330
f 1325/1419/1322 1341/1428/1338 1326/1405/1323
f 1319/1407/1316 1333/1427/1330 1334/1429/1331
f 1326/1405/1323 1342/1430/1339 1327/1408/1324
f 1320/1409/1317 1334/1429/1331 1335/1431/1332
f 1327/1408/1324 1343/1432/1340 1328/1410/1325
f 1321/1411/1318 1335/1431/1332 1336/1433/1333
f 1328/1410/1325 1344/1434/1341 1329/1412/1326
f 1322/1413/1319 1336/1433/1333 1337/1421/1334
f 1333/1427/1330 1349/1435/1346 1334/1429/1331
f 1342/1430/1339 1356/1436/1353 1357/1437/1354
f 1334/1429/1331 1350/1438/1347 1335/1431/1332
f 1343/1432/1340 1357/1437/1354 1358/1439/1355
f 1335/1431/1332 1351/1440/1348 1336/1433/1333
f 1344/1434/1341 1358/1439/1355 1359/1441/1356
f 1336/1433/1333 1352/1442/1349 1337/1421/1334
f 1345/1420/1342 1359/1441/1356 1360/1443/1357
f 1337/1421/1334 1353/1444/1350 1338/1422/1335
f 1346/1423/1343 1360/1443/1357 1361/1445/1358
f 1338/1422/1335 1354/1446/1351 1339/1424/1336
f 1332/1425/1329 1073/1072/1070 1347/1447/1344
f 1286/1074/1283 1346/1423/1343 1361/1445/1358
f 1340/1426/1337 1354/1446/1351 1355/1448/1352
f 1332/1425/1329 1348/1449/1345 1333/1427/1330
f 1341/1428/1338 1355/1448/1352 1356/1436/1353
f 1352/1442/1349 1368/1450/1365 1353/1444/1350
f 1361/1445/1358 1375/1451/1372 1376/1452/1373
f 1353/1444/1350 1369/1453/1366 1354/1446/1351
f 1347/1447/1344 1073/1072/1070 1362/1454/1359
f 1286/1074/1283 1361/1445/1358 1376/1452/1373
f 1355/1448/1352 1369/1453/1366 1370/1455/1367
f 1347/1447/1344 1363/1456/1360 1348/1449/1345
f 1356/1436/1353 1370/1455/1367 1371/1457/1368
f 1348/1449/1345 1364/1458/1361 1349/1435/1346
f 1357/1437/1354 1371/1457/1368 1372/1459/1369
f 1349/1435/1346 1365/1460/1362 1350/1438/1347
f 1358/1439/1355 1372/1459/1369 1373/1461/1370
f 1350/1438/1347 1366/1462/1363 1351/1440/1348
f 1359/1441/1356 1373/1461/1370 1374/1463/1371
f 1351/1440/1348 1367/1464/1364 1352/1442/1349
f 1360/1443/1357 1374/1463/1371 1375/1451/1372
f 1372/1459/1369 1386/1465/1383 1387/1466/1384
f 1364/1458/1361 1380/1467/1377 1365/1460/1362
f 1373/1461/1370 1387/1466/1384 1388/1468/1385
f 1365/1460/1362 1381/1469/1378 1366/1462/1363
f 1374/1463/1371 1388/1468/1385 1389/1470/1386
f 1366/1462/1363 1382/1471/1379 1367/1464/1364
f 1375/1451/1372 1389/1470/1386 1390/1472/1387
f 1367/1464/1364 1383/1473/1380 1368/1450/1365
f 1376/1452/1373 1390/1472/1387 1391/1474/1388
f 1368/1450/1365 1384/1475/1381 1369/1453/1366
f 1362/1454/1359 1073/1072/1070 1377/1476/1374
f 1286/1074/1283 1376/1452/1373 1391/1474/1388
f 1370/1455/1367 1384/1475/1381 1385/1477/1382
f 1362/1454/1359 1378/1478/1375 1363/1456/1360
f 1371/1457/1368 1385/1477/1382 1386/1465/1383
f 1363/1456/1360 1379/1479/1376 1364/1458/1361
f 1391/1474/1388 1405/1480/1402 1406/1481/1403
f 1383/1473/1380 1399/1482/1396 1384/1475/1381
f 1377/1476/1374 1073/1072/1070 1392/1483/1389
f 1286/1074/1283 1391/1474/1388 1406/1481/1403
f 1385/1477/1382 1399/1482/1396 1400/1484/1397
f 1377/1476/1374 1393/1485/1390 1378/1478/1375
f 1386/1465/1383 1400/1484/1397 1401/1486/1398
f 1378/1478/1375 1394/1487/1391 1379/1479/1376
f 1387/1466/1384 1401/1486/1398 1402/1488/1399
f 1379/1479/1376 1395/1489/1392 1380/1467/1377
f 1388/1468/1385 1402/1488/1399 1403/1490/1400
f 1380/1467/1377 1396/1491/1393 1381/1469/1378
f 1389/1470/1386 1403/1490/1400 1404/1492/1401
f 1381/1469/1378 1397/1493/1394 1382/1471/1379
f 1390/1472/1387 1404/1492/1401 1405/1480/1402
f 1382/1471/1379 1398/1494/1395 1383/1473/1380
f 1403/1490/1400 1417/1495/1414 1418/1496/1415
f 1395/1489/1392 1411/1497/1408 1396/1491/1393
f 1404/1492/1401 1418/1496/1415 1419/1498/1416
f 1396/1491/1393 1412/1499/1409 1397/1493/1394
f 1405/1480/1402 1419/1498/1416 1420/1500/1417
f 1397/1493/1394 1413/1501/1410 1398/1494/1395
f 1406/1481/1403 1420/1500/1417 1421/1502/1418
f 1398/1494/1395 1414/1503/1411 1399/1482/1396
f 1392/1483/1389 1073/1072/1070 1407/1504/1404
f 1286/1074/1283 1406/1481/1403 1421/1502/1418
f 1400/1484/1397 1414/1503/1411 1415/1505/1412
f 1392/1483/1389 1408/1506/1405 1393/1485/1390
f 1401/1486/1398 1415/1505/1412 1416/1507/1413
f 1393/1485/1390 1409/1508/1406 1394/1487/1391
f 1402/1488/1399 1416/1507/1413 1417/1495/1414
f 1394/1487/1391 1410/1509/1407 1395/1489/1392
f 1407/1504/1404 1073/1072/1070 1422/1510/1419
f 1286/1074/1283 1421/1502/1418 1436/1511/1433
f 1415/1505/1412 1429/1512/1426 1430/1513/1427
f 1407/1504/1404 1423/1514/1420 1408/1506/1405
f 1416/1507/1413 1430/1513/1427 1431/1515/1428
f 1408/1506/1405 1424/1516/1421 1409/1508/1406
f 1417/1495/1414 1431/1515/1428 1432/1517/1429
f 1409/1508/1406 1425/1518/1422 1410/1509/1407
f 1418/1496/1415 1432/1517/1429 1433/1519/1430
f 1410/1509/1407 1426/1520/1423 1411/1497/1408
f 1419/1498/1416 1433/1519/1430 1434/1521/1431
f 1411/1497/1408 1427/1522/1424 1412/1499/1409
f 1420/1500/1417 1434/1521/1431 1435/1523/1432
f 1412/1499/1409 1428/1524/1425 1413/1501/1410
f 1421/1502/1418 1435/1523/1432 1436/1511/1433
f 1413/1501/1410 1429/1512/1426 1414/1503/1411
f 1425/1518/1422 1441/1525/1438 1426/1520/1423
f 1434/1521/1431 1448/1526/1445 1449/1527/1446
f 1426/1520/1423 1442/1528/1439 1427/1522/1424
f 1435/1523/1432 1449/1527/1446 1450/1529/1447
f 1427/1522/1424 1443/1530/1440 1428/1524/1425
f 1436/1511/1433 1450/1529/1447 1451/1531/1448
f 1428/1524/1425 1444/1532/1441 1429/1512/1426
f 1422/1510/1419 1073/1072/1070 1437/1533/1434
f 1286/1074/1283 1436/1511/1433 1451/1531/1448
f 1430/1513/1427 1444/1532/1441 1445/1534/1442
f 1422/1510/1419 1438/1535/1435 1423/1514/1420
f 1431/1515/1428 1445/1534/1442 1446/1536/1443
f 1423/1514/1420 1439/1537/1436 1424/1516/1421
f 1432/1517/1429 1446/1536/1443 1447/1538/1444
f 1424/1516/1421 1440/1539/1437 1425/1518/1422
f 1433/1519/1430 1447/1538/1444 1448/1526/1445
f 1445/1534/1442 995/1077/4 996/1079/993
f 1437/1533/1434 1453/1080/1450 1438/1535/1435
f 1446/1536/1443 996/1079/993 1456/1083/1453
f 1438/1535/1435 992/1084/990 1439/1537/1436
f 1447/1538/1444 1456/1083/1453 997/1087/994
f 1439/1537/1436 1454/1088/1451 1440/1539/1437
f 1448/1526/1445 997/1087/994 1457/1091/1454
f 1440/1539/1437 993/1092/991 1441/1525/1438
f 1449/1527/1446 1457/1091/1454 1458/1095/1455
f 1441/1525/1438 1455/1096/1452 1442/1528/1439
f 1450/1529/1447 1458/1095/1455 1459/1099/1456
f 1442/1528/1439 994/1100/992 1443/1530/1440
f 1451/1531/1448 1459/1099/1456 1460/1075/1457
f 1443/1530/1440 995/1077/4 1444/1532/1441
f 1437/1533/1434 1073/1072/1070 1452/1071/1449
f 1286/1074/1283 1451/1531/1448 1460/1075/1457
f 1684/1540/1681 1466/1541/1463 1467/1542/1464
f 1462/1543/1459 1467/1542/1464 1468/1544/1465
f 1685/1545/1682 1468/1544/1465 1469/1546/1466
f 1463/1547/1460 1469/1546/1466 1470/1548/1467
f 1484/1549/1481 1491/1550/1488 1681/1551/1678
f 1682/1552/1679 1499/1553/1496 1464/1554/1461
f 1683/1555/1680 1464/1554/1461 1465/1556/1462
f 1461/1557/1458 1465/1556/1462 1466/1558/1463
f 1465/1556/1462 1471/1559/1468 1472/1560/1469
f 1466/1558/1463 1472/1560/1469 1473/1561/1470
f 1467/1542/1464 1473/1562/1470 1474/1563/1471
f 1468/1544/1465 1474/1563/1471 1475/1564/1472
f 1469/1546/1466 1475/1564/1472 1476/1565/1473
f 1470/1548/1467 1476/1565/1473 1477/1566/1474
f 1569/1567/1566 1576/1568/1573 1583/1569/1580
f 1464/1554/1461 1499/1553/1496 1471/1559/1468
f 1476/1565/1473 1482/1570/1479 1483/1571/1480
f 1477/1566/1474 1483/1571/1480 1484/1572/1481
f 1569/1567/1566 1583/1569/1580 1562/1573/1559
f 1471/1559/1468 1499/1553/1496 1478/1574/1475
f 1472/1560/1469 1478/1574/1475 1479/1575/1476
f 1473/1561/1470 1479/1575/1476 1480/1576/1477
f 1474/1563/1471 1480/1577/1477 1481/1578/1478
f 1475/1564/1472 1481/1578/1478 1482/1570/1479
f 1480/1576/1477 1486/1579/1483 1487/1580/1484
f 1481/1578/1478 1487/1581/1484 1488/1582/1485
f 1482/1570/1479 1488/1582/1485 1489/1583/1486
f 1483/1571/1480 1489/1583/1486 1490/1584/1487
f 1484/1572/1481 1490/1584/1487 1491/1585/1488
f 1562/1573/1559 1583/1569/1580 1590/1586/1587
f 1478/1574/1475 1499/1553/1496 1485/1587/1482
f 1479/1575/1476 1485/1587/1482 1486/1579/1483
f 1491/1585/1488 1497/1588/1494 1498/1589/1495
f 1562/1573/1559 1590/1586/1587 1555/1590/1552
f 1485/1587/1482 1499/1553/1496 1492/1591/1489
f 1486/1579/1483 1492/1591/1489 1493/1592/1490
f 1487/1580/1484 1493/1592/1490 1494/1593/1491
f 1488/1582/1485 1494/1594/1491 1495/1595/1492
f 1489/1583/1486 1495/1595/1492 1496/1596/1493
f 1490/1584/1487 1496/1596/1493 1497/1588/1494
f 1495/1597/1492 1502/1598/1499 1503/1599/1500
f 1496/1600/1493 1503/1599/1500 1504/1601/1501
f 1497/1602/1494 1504/1601/1501 1505/1603/1502
f 1498/1604/1495 1505/1603/1502 1506/1605/1503
f 1555/1590/1552 1590/1586/1587 1597/1606/1594
f 1492/1591/1489 1499/1553/1496 1500/1607/1497
f 1493/1592/1490 1500/1607/1497 1501/1608/1498
f 1494/1609/1491 1501/1610/1498 1502/1598/1499
f 1555/1590/1552 1611/1611/1608 1534/1612/1531
f 1500/1607/1497 1499/1553/1496 1507/1613/1504
f 1501/1608/1498 1507/1613/1504 1508/1614/1505
f 1502/1598/1499 1508/1615/1505 1509/1616/1506
f 1503/1599/1500 1509/1616/1506 1510/1617/1507
f 1504/1601/1501 1510/1617/1507 1511/1618/1508
f 1505/1603/1502 1511/1618/1508 1512/1619/1509
f 1506/1605/1503 1512/1619/1509 1513/1620/1510
f 1510/1617/1507 1516/1621/1513 1517/1622/1514
f 1511/1618/1508 1517/1622/1514 1518/1623/1515
f 1512/1619/1509 1518/1623/1515 1519/1624/1516
f 1513/1620/1510 1519/1624/1516 1520/1625/1517
f 1555/1590/1552 1604/1626/1601 1611/1611/1608
f 1507/1613/1504 1499/1553/1496 1514/1627/1511
f 1508/1615/1505 1514/1628/1511 1515/1629/1512
f 1509/1616/1506 1515/1629/1512 1516/1621/1513
f 1548/1630/1545 1555/1590/1552 1541/1631/1538
f 1514/1627/1511 1499/1553/1496 1521/1632/1518
f 1515/1629/1512 1521/1633/1518 1522/1634/1519
f 1516/1621/1513 1522/1634/1519 1523/1635/1520
f 1517/1622/1514 1523/1635/1520 1524/1636/1521
f 1518/1623/1515 1524/1636/1521 1525/1637/1522
f 1519/1624/1516 1525/1637/1522 1526/1638/1523
f 1520/1625/1517 1526/1638/1523 1527/1639/1524
f 1525/1637/1522 1531/1640/1528 1532/1641/1529
f 1526/1638/1523 1532/1641/1529 1533/1642/1530
f 1527/1639/1524 1533/1642/1530 1534/1643/1531
f 1646/1644/1643 1667/1645/1664 1674/1646/1671
f 1521/1632/1518 1499/1553/1496 1528/1647/1525
f 1522/1634/1519 1528/1648/1525 1529/1649/1526
f 1523/1635/1520 1529/1649/1526 1530/1650/1527
f 1524/1636/1521 1530/1650/1527 1531/1640/1528
f 1528/1647/1525 1499/1553/1496 1535/1651/1532
f 1529/1649/1526 1535/1652/1532 1536/1653/1533
f 1530/1650/1527 1536/1653/1533 1537/1654/1534
f 1531/1640/1528 1537/1654/1534 1538/1655/1535
f 1532/1641/1529 1538/1655/1535 1539/1656/1536
f 1533/1642/1530 1539/1656/1536 1540/1657/1537
f 1534/1643/1531 1540/1657/1537 1541/1658/1538
f 1541/1631/1538 1555/1590/1552 1534/1612/1531
f 1539/1656/1536 1545/1659/1542 1546/1660/1543
f 1540/1657/1537 1546/1660/1543 1547/1661/1544
f 1541/1658/1538 1547/1661/1544 1548/1662/1545
f 1534/1612/1531 1611/1611/1608 1618/1663/1615
f 1535/1651/1532 1499/1553/1496 1542/1664/1539
f 1536/1653/1533 1542/1665/1539 1543/1666/1540
f 1537/1654/1534 1543/1666/1540 1544/1667/1541
f 1538/1655/1535 1544/1667/1541 1545/1659/1542
f 1542/1665/1539 1550/1668/1547 1543/1666/1540
f 1544/1667/1541 1550/1668/1547 1551/1669/1548
f 1545/1659/1542 1551/1669/1548 1552/1670/1549
f 1546/1660/1543 1552/1670/1549 1553/1671/1550
f 1547/1661/1544 1553/1671/1550 1554/1672/1551
f 1548/1662/1545 1554/1672/1551 1555/1673/1552
f 1506/1674/1503 1681/1551/1678 1491/1550/1488
f 1542/1664/1539 1499/1553/1496 1549/1675/1546
f 1554/1672/1551 1560/1676/1557 1561/1677/1558
f 1555/1673/1552 1561/1677/1558 1562/1678/1559
f 1527/1679/1524 1534/1612/1531 1625/1680/1622
f 1549/1675/1546 1499/1553/1496 1556/1681/1553
f 1549/1682/1546 1557/1683/1554 1550/1668/1547
f 1551/1669/1548 1557/1683/1554 1558/1684/1555
f 1552/1670/1549 1558/1684/1555 1559/1685/1556
f 1553/1671/1550 1559/1685/1556 1560/1676/1557
f 1558/1684/1555 1564/1686/1561 1565/1687/1562
f 1559/1685/1556 1565/1687/1562 1566/1688/1563
f 1560/1676/1557 1566/1688/1563 1567/1689/1564
f 1561/1677/1558 1567/1689/1564 1568/1690/1565
f 1562/1678/1559 1568/1690/1565 1569/1691/1566
f 1527/1679/1524 1625/1680/1622 1520/1692/1517
f 1556/1681/1553 1499/1553/1496 1563/1693/1560
f 1556/1694/1553 1564/1686/1561 1557/1683/1554
f 1569/1691/1566 1575/1695/1572 1576/1696/1573
f 1632/1697/1629 1639/1698/1636 1625/1680/1622
f 1563/1693/1560 1499/1553/1496 1570/1699/1567
f 1563/1700/1560 1571/1701/1568 1564/1686/1561
f 1565/1687/1562 1571/1701/1568 1572/1702/1569
f 1566/1688/1563 1572/1702/1569 1573/1703/1570
f 1567/1689/1564 1573/1703/1570 1574/1704/1571
f 1568/1690/1565 1574/1704/1571 1575/1695/1572
f 1571/1705/1568 1579/1706/1576 1572/1707/1569
f 1572/1707/1569 1580/1708/1577 1573/1709/1570
f 1573/1709/1570 1581/1710/1578 1574/1711/1571
f 1574/1711/1571 1582/1712/1579 1575/1713/1572
f 1575/1713/1572 1583/1714/1580 1576/1715/1573
f 1639/1698/1636 1520/1692/1517 1625/1680/1622
f 1570/1699/1567 1499/1553/1496 1577/1716/1574
f 1571/1705/1568 1577/1717/1574 1578/1718/1575
f 1582/1712/1579 1590/1719/1587 1583/1714/1580
f 1513/1720/1510 1520/1692/1517 1639/1698/1636
f 1577/1716/1574 1499/1553/1496 1584/1721/1581
f 1578/1718/1575 1584/1722/1581 1585/1723/1582
f 1578/1718/1575 1586/1724/1583 1579/1706/1576
f 1579/1706/1576 1587/1725/1584 1580/1708/1577
f 1580/1708/1577 1588/1726/1585 1581/1710/1578
f 1581/1710/1578 1589/1727/1586 1582/1712/1579
f 1586/1724/1583 1594/1728/1591 1587/1725/1584
f 1587/1725/1584 1595/1729/1592 1588/1726/1585
f 1588/1726/1585 1596/1730/1593 1589/1727/1586
f 1589/1727/1586 1597/1731/1594 1590/1719/1587
f 1513/1720/1510 1639/1698/1636 1506/1674/1503
f 1584/1721/1581 1499/1553/1496 1591/1732/1588
f 1585/1723/1582 1591/1733/1588 1592/1734/1589
f 1585/1723/1582 1593/1735/1590 1586/1724/1583
f 1506/1674/1503 1639/1698/1636 1646/1644/1643
f 1591/1732/1588 1499/1553/1496 1598/1736/1595
f 1592/1734/1589 1598/1737/1595 1599/1738/1596
f 1592/1734/1589 1600/1739/1597 1593/1735/1590
f 1593/1735/1590 1601/1740/1598 1594/1728/1591
f 1594/1728/1591 1602/1741/1599 1595/1729/1592
f 1595/1729/1592 1603/1742/1600 1596/1730/1593
f 1596/1730/1593 1604/1743/1601 1597/1731/1594
f 1600/1739/1597 1608/1744/1605 1601/1740/1598
f 1601/1740/1598 1609/1745/1606 1602/1741/1599
f 1602/1741/1599 1610/1746/1607 1603/1742/1600
f 1603/1742/1600 1611/1747/1608 1604/1743/1601
f 1674/1646/1671 1681/1551/1678 1506/1674/1503
f 1598/1736/1595 1499/1553/1496 1605/1748/1602
f 1598/1737/1595 1606/1749/1603 1599/1738/1596
f 1599/1738/1596 1607/1750/1604 1600/1739/1597
f 1555/1590/1552 1597/1606/1594 1604/1626/1601
f 1605/1748/1602 1499/1553/1496 1612/1751/1609
f 1605/1752/1602 1613/1753/1610 1606/1749/1603
f 1606/1749/1603 1614/1754/1611 1607/1750/1604
f 1607/1750/1604 1615/1755/1612 1608/1744/1605
f 1608/1744/1605 1616/1756/1613 1609/1745/1606
f 1609/1745/1606 1617/1757/1614 1610/1746/1607
f 1610/1746/1607 1618/1758/1615 1611/1747/1608
f 1615/1755/1612 1623/1759/1620 1616/1756/1613
f 1616/1756/1613 1624/1760/1621 1617/1757/1614
f 1617/1757/1614 1625/1761/1622 1618/1758/1615
f 1660/1762/1657 1667/1645/1664 1646/1644/1643
f 1612/1751/1609 1499/1553/1496 1619/1763/1616
f 1612/1764/1609 1620/1765/1617 1613/1753/1610
f 1613/1753/1610 1621/1766/1618 1614/1754/1611
f 1614/1754/1611 1622/1767/1619 1615/1755/1612
f 1619/1768/1616 1627/1769/1624 1620/1765/1617
f 1620/1765/1617 1628/1770/1625 1621/1766/1618
f 1621/1771/1618 1629/1772/1626 1622/1773/1619
f 1622/1773/1619 1630/1774/1627 1623/1775/1620
f 1623/1775/1620 1631/1776/1628 1624/1777/1621
f 1624/1777/1621 1632/1778/1629 1625/1779/1622
f 1534/1612/1531 1618/1663/1615 1625/1680/1622
f 1619/1763/1616 1499/1553/1496 1626/1780/1623
f 1630/1774/1627 1638/1781/1635 1631/1776/1628
f 1631/1776/1628 1639/1782/1636 1632/1778/1629
f 1646/1644/1643 1674/1646/1671 1506/1674/1503
f 1626/1780/1623 1499/1553/1496 1633/1783/1630
f 1626/1784/1623 1634/1785/1631 1627/1769/1624
f 1627/1786/1624 1635/1787/1632 1628/1788/1625
f 1628/1788/1625 1636/1789/1633 1629/1772/1626
f 1629/1772/1626 1637/1790/1634 1630/1774/1627
f 1633/1783/1630 1641/1791/1638 1634/1792/1631
f 1634/1793/1631 1642/1794/1639 1635/1787/1632
f 1635/1787/1632 1643/1795/1640 1636/1789/1633
f 1636/1789/1633 1644/1796/1641 1637/1790/1634
f 1637/1790/1634 1645/1797/1642 1638/1781/1635
f 1638/1781/1635 1646/1798/1643 1639/1782/1636
f 1646/1644/1643 1653/1799/1650 1660/1762/1657
f 1633/1783/1630 1499/1553/1496 1640/1800/1637
f 1644/1796/1641 1652/1801/1649 1645/1797/1642
f 1645/1797/1642 1653/1802/1650 1646/1798/1643
f 1498/1803/1495 1506/1674/1503 1491/1550/1488
f 1640/1800/1637 1499/1553/1496 1647/1804/1644
f 1640/1800/1637 1648/1805/1645 1641/1791/1638
f 1641/1806/1638 1649/1807/1646 1642/1794/1639
f 1642/1794/1639 1650/1808/1647 1643/1795/1640
f 1643/1795/1640 1651/1809/1648 1644/1796/1641
f 1648/1810/1645 1656/1811/1653 1649/1807/1646
f 1649/1807/1646 1657/1812/1654 1650/1808/1647
f 1650/1808/1647 1658/1813/1655 1651/1809/1648
f 1651/1809/1648 1659/1814/1656 1652/1801/1649
f 1652/1801/1649 1660/1815/1657 1653/1802/1650
f 1647/1804/1644 1499/1553/1496 1654/1816/1651
f 1647/1804/1644 1655/1817/1652 1648/1805/1645
f 1659/1814/1656 1667/1818/1664 1660/1815/1657
f 1477/1819/1474 1484/1549/1481 1681/1551/1678
f 1654/1816/1651 1499/1553/1496 1661/1820/1658
f 1654/1816/1651 1662/1821/1659 1655/1817/1652
f 1655/1822/1652 1663/1823/1660 1656/1811/1653
f 1656/1811/1653 1664/1824/1661 1657/1812/1654
f 1657/1812/1654 1665/1825/1662 1658/1813/1655
f 1658/1813/1655 1666/1826/1663 1659/1814/1656
f 1662/1821/1659 1670/1827/1667 1663/1828/1660
f 1663/1823/1660 1671/1829/1668 1664/1824/1661
f 1664/1824/1661 1672/1830/1669 1665/1825/1662
f 1665/1825/1662 1673/1831/1670 1666/1826/1663
f 1666/1826/1663 1674/1832/1671 1667/1818/1664
f 1477/1819/1474 1681/1551/1678 1470/1833/1467
f 1661/1820/1658 1499/1553/1496 1668/1834/1665
f 1661/1820/1658 1669/1835/1666 1662/1821/1659
f 1673/1836/1670 1681/1837/1678 1674/1838/1671
f 1470/1833/1467 1681/1551/1678 1463/1839/1460
f 1668/1834/1665 1499/1553/1496 1675/1840/1672
f 1668/1834/1665 1676/1841/1673 1669/1835/1666
f 1669/1835/1666 1677/1842/1674 1670/1827/1667
f 1670/1843/1667 1678/1844/1675 1671/1845/1668
f 1671/1845/1668 1679/1846/1676 1672/1847/1669
f 1672/1847/1669 1680/1848/1677 1673/1836/1670
f 1677/1849/1674 1684/1540/1681 1678/1844/1675
f 1678/1844/1675 1462/1543/1459 1679/1846/1676
f 1679/1846/1676 1685/1545/1682 1680/1848/1677
f 1680/1848/1677 1463/1547/1460 1681/1837/1678
f 1675/1840/1672 1499/1553/1496 1682/1552/1679
f 1675/1840/1672 1683/1555/1680 1676/1841/1673
f 1676/1841/1673 1461/1557/1458 1677/1842/1674
f 478/1/478 16/33/16 17/2/17
f 476/4/476 1/34/1 9/5/9
f 479/7/479 6/3/6 17/2/17
f 476/4/476 10/6/10 11/9/11
f 479/7/479 18/8/18 19/11/19
f 477/13/477 2/10/2 11/9/11
f 480/12/480 19/11/19 20/15/20
f 3/17/3 477/568/477 12/18/12
f 481/16/481 20/15/20 21/20/21
f 3/17/3 13/19/13 14/22/14
f 4/23/4 14/22/14 15/28/15
f 475/30/475 474/24/474 7/26/7
f 5/32/5 15/36/15 16/33/16
f 1/34/1 475/30/475 8/31/8
f 7/26/7 22/50/22 23/35/23
f 15/36/15 30/62/30 31/37/31
f 8/31/8 23/35/23 24/38/24
f 17/2/17 16/33/16 31/37/31
f 9/5/9 24/38/24 25/40/25
f 18/8/18 17/2/17 32/39/32
f 10/6/10 25/40/25 26/42/26
f 19/11/19 18/8/18 33/41/33
f 11/9/11 26/42/26 27/44/27
f 20/15/20 19/11/19 34/43/34
f 13/19/13 12/18/12 27/46/27
f 20/15/20 35/45/35 36/48/36
f 13/19/13 28/47/28 29/49/29
f 14/22/14 29/49/29 30/51/30
f 26/42/26 41/68/41 42/52/42
f 35/45/35 34/43/34 49/53/49
f 28/47/28 27/46/27 42/55/42
f 36/48/36 35/45/35 50/54/50
f 29/49/29 28/47/28 43/56/43
f 29/49/29 44/58/44 45/60/45
f 22/50/22 37/59/37 38/61/38
f 30/62/30 45/69/45 46/63/46
f 23/35/23 38/61/38 39/64/39
f 32/39/32 31/37/31 46/63/46
f 24/38/24 39/64/39 40/66/40
f 33/41/33 32/39/32 47/65/47
f 25/40/25 40/66/40 41/68/41
f 34/43/34 33/41/33 48/67/48
f 45/69/45 60/1850/60 61/70/61
f 38/61/38 53/87/53 54/71/54
f 47/65/47 46/63/46 61/70/61
f 39/64/39 54/71/54 55/73/55
f 47/65/47 62/72/62 63/74/63
f 41/68/41 40/66/40 55/73/55
f 49/53/49 48/67/48 63/74/63
f 41/68/41 56/75/56 57/77/57
f 50/54/50 49/53/49 64/76/64
f 43/56/43 42/55/42 57/79/57
f 51/57/51 50/54/50 65/78/65
f 44/58/44 43/56/43 58/80/58
f 44/84/44 59/93/59 60/85/60
f 37/59/37 52/83/52 53/87/53
f 64/76/64 79/106/79 80/88/80
f 58/89/58 57/1851/57 72/90/72
f 65/78/65 80/88/80 81/92/81
f 59/93/59 58/89/58 73/91/73
f 59/93/59 74/94/74 75/96/75
f 53/87/53 52/83/52 67/95/67
f 60/85/60 75/96/75 76/98/76
f 54/71/54 53/87/53 68/97/68
f 62/72/62 61/70/61 76/101/76
f 54/71/54 69/100/69 70/103/70
f 62/72/62 77/102/77 78/104/78
f 56/75/56 55/73/55 70/103/70
f 64/76/64 63/74/63 78/104/78
f 56/75/56 71/105/71 72/107/72
f 77/102/77 76/101/76 92/108/92
f 69/100/69 85/124/85 86/110/86
f 77/102/77 93/109/93 94/111/94
f 71/105/71 70/103/70 86/110/86
f 79/106/79 78/104/78 94/111/94
f 71/105/71 87/112/87 88/114/88
f 80/88/80 79/106/79 95/113/95
f 73/91/73 72/90/72 88/116/88
f 81/92/81 80/88/80 96/115/96
f 74/94/74 73/91/73 89/117/89
f 74/94/74 90/119/90 91/121/91
f 67/95/67 83/120/83 84/122/84
f 75/96/75 91/121/91 92/123/92
f 68/97/68 84/122/84 85/124/85
f 96/115/96 111/141/111 112/125/112
f 90/119/90 89/117/89 104/126/104
f 90/119/90 105/127/105 106/129/106
f 83/120/83 98/128/98 99/130/99
f 91/121/91 106/129/106 107/131/107
f 85/124/85 84/122/84 99/130/99
f 93/109/93 92/108/92 107/133/107
f 85/124/85 100/132/100 101/135/101
f 93/109/93 108/134/108 109/136/109
f 87/112/87 86/110/86 101/135/101
f 95/113/95 94/111/94 109/136/109
f 87/139/87 102/146/102 103/140/103
f 95/113/95 110/138/110 111/141/111
f 89/117/89 88/116/88 103/140/103
f 100/132/100 115/156/115 116/142/116
f 108/134/108 123/169/123 124/143/124
f 102/137/102 101/135/101 116/142/116
f 110/138/110 109/136/109 124/143/124
f 102/146/102 117/173/117 118/147/118
f 111/141/111 110/138/110 125/145/125
f 104/126/104 103/140/103 118/147/118
f 111/141/111 126/148/126 127/150/127
f 105/127/105 104/126/104 119/149/119
f 105/127/105 120/151/120 121/153/121
f 98/128/98 113/152/113 114/154/114
f 106/129/106 121/153/121 122/155/122
f 99/130/99 114/154/114 115/156/115
f 108/157/108 107/131/107 122/155/122
f 120/151/120 119/149/119 134/159/134
f 120/151/120 135/160/135 136/163/136
f 114/154/114 113/152/113 128/161/128
f 121/153/121 136/163/136 137/165/137
f 115/156/115 114/154/114 129/164/129
f 123/158/123 122/155/122 137/165/137
f 115/156/115 130/166/130 131/168/131
f 123/169/123 138/176/138 139/170/139
f 117/144/117 116/142/116 131/168/131
f 125/145/125 124/143/124 139/170/139
f 117/173/117 132/181/132 133/174/133
f 125/145/125 140/172/140 141/175/141
f 119/149/119 118/147/118 133/174/133
f 126/148/126 141/175/141 142/162/142
f 138/176/138 153/201/153 154/177/154
f 132/171/132 131/168/131 146/178/146
f 140/172/140 139/170/139 154/177/154
f 132/181/132 147/205/147 148/182/148
f 141/175/141 140/172/140 155/180/155
f 134/159/134 133/174/133 148/182/148
f 141/175/141 156/183/156 157/185/157
f 135/160/135 134/159/134 149/184/149
f 135/160/135 150/186/150 151/188/151
f 128/161/128 143/187/143 144/189/144
f 136/163/136 151/188/151 152/190/152
f 129/164/129 144/189/144 145/191/145
f 138/167/138 137/165/137 152/190/152
f 130/166/130 145/191/145 146/178/146
f 150/186/150 165/209/165 166/195/166
f 143/187/143 158/193/158 159/196/159
f 151/188/151 166/195/166 167/197/167
f 144/189/144 159/196/159 160/198/160
f 153/192/153 152/190/152 167/197/167
f 145/191/145 160/198/160 161/200/161
f 153/201/153 168/226/168 169/202/169
f 147/179/147 146/178/146 161/200/161
f 155/180/155 154/177/154 169/202/169
f 147/205/147 162/214/162 163/206/163
f 156/183/156 155/180/155 170/204/170
f 149/184/149 148/182/148 163/206/163
f 157/185/157 156/183/156 171/207/171
f 150/186/150 149/184/149 164/208/164
f 162/203/162 161/200/161 176/210/176
f 170/204/170 169/202/169 184/212/184
f 162/214/162 177/239/177 178/215/178
f 171/207/171 170/204/170 185/213/185
f 164/208/164 163/206/163 178/215/178
f 172/194/172 171/207/171 186/216/186
f 165/209/165 164/208/164 179/217/179
f 165/209/165 180/219/180 181/221/181
f 158/193/158 173/220/173 174/222/174
f 166/195/166 181/221/181 182/223/182
f 159/196/159 174/222/174 175/224/175
f 168/199/168 167/197/167 182/223/182
f 160/198/160 175/224/175 176/210/176
f 168/226/168 183/232/183 184/212/184
f 180/219/180 195/244/195 196/227/196
f 174/222/174 173/220/173 188/228/188
f 181/221/181 196/227/196 197/230/197
f 175/224/175 174/222/174 189/229/189
f 183/232/183 182/1852/182 197/233/197
f 175/224/175 190/231/190 191/235/191
f 183/232/183 198/234/198 199/236/199
f 177/211/177 176/210/176 191/235/191
f 185/213/185 184/212/184 199/236/199
f 177/239/177 192/1853/192 193/240/193
f 185/213/185 200/238/200 201/241/201
f 179/217/179 178/215/178 193/240/193
f 186/216/186 201/241/201 202/243/202
f 180/219/180 179/217/179 194/242/194
f 200/238/200 199/236/199 214/245/214
f 192/237/192 207/262/207 208/247/208
f 201/241/201 200/238/200 215/246/215
f 194/242/194 193/240/193 208/250/208
f 202/243/202 201/241/201 216/249/216
f 195/244/195 194/242/194 209/251/209
f 195/244/195 210/253/210 211/255/211
f 188/228/188 203/254/203 204/256/204
f 196/227/196 211/255/211 212/257/212
f 189/229/189 204/256/204 205/258/205
f 198/234/198 197/233/197 212/259/212
f 190/231/190 205/258/205 206/261/206
f 198/234/198 213/260/213 214/245/214
f 192/237/192 191/235/191 206/261/206
f 211/255/211 226/278/226 227/263/227
f 204/256/204 219/279/219 220/264/220
f 213/260/213 212/259/212 227/265/227
f 205/258/205 220/264/220 221/267/221
f 213/260/213 228/266/228 229/268/229
f 207/262/207 206/261/206 221/267/221
f 215/246/215 214/245/214 229/268/229
f 207/262/207 222/269/222 223/271/223
f 216/249/216 215/246/215 230/270/230
f 209/251/209 208/250/208 223/273/223
f 217/252/217 216/249/216 231/272/231
f 210/253/210 209/251/209 224/274/224
f 210/253/210 225/276/225 226/278/226
f 203/254/203 218/277/218 219/279/219
f 231/272/231 230/270/230 245/280/245
f 224/282/224 223/271/223 238/283/238
f 231/272/231 246/281/246 247/285/247
f 225/276/225 224/274/224 239/286/239
f 225/276/225 240/287/240 241/289/241
f 219/279/219 218/277/218 233/288/233
f 226/291/226 241/316/241 242/292/242
f 219/279/219 234/290/234 235/293/235
f 228/266/228 227/265/227 242/292/242
f 220/264/220 235/293/235 236/295/236
f 228/266/228 243/294/243 244/296/244
f 222/269/222 221/267/221 236/295/236
f 230/270/230 229/268/229 244/296/244
f 222/269/222 237/297/237 238/283/238
f 235/293/235 234/290/234 249/298/249
f 243/294/243 242/292/242 257/300/257
f 235/293/235 250/299/250 251/302/251
f 243/294/243 258/301/258 259/303/259
f 237/297/237 236/295/236 251/302/251
f 245/280/245 244/296/244 259/303/259
f 237/297/237 252/304/252 253/306/253
f 245/280/245 260/305/260 261/307/261
f 239/284/239 238/283/238 253/306/253
f 246/281/246 261/307/261 262/309/262
f 240/310/240 239/1854/239 254/311/254
f 240/310/240 255/312/255 256/314/256
f 234/290/234 233/288/233 248/313/248
f 241/316/241 256/1855/256 257/300/257
f 254/311/254 253/1856/253 268/317/268
f 261/307/261 276/334/276 277/319/277
f 255/312/255 254/311/254 269/318/269
f 255/312/255 270/320/270 271/322/271
f 249/298/249 248/313/248 263/321/263
f 256/314/256 271/322/271 272/324/272
f 249/298/249 264/323/264 265/326/265
f 258/301/258 257/300/257 272/327/272
f 250/299/250 265/326/265 266/329/266
f 258/301/258 273/328/273 274/330/274
f 252/304/252 251/302/251 266/329/266
f 260/305/260 259/303/259 274/330/274
f 252/304/252 267/331/267 268/333/268
f 261/307/261 260/305/260 275/332/275
f 273/328/273 272/327/272 287/335/287
f 265/326/265 280/351/280 281/337/281
f 273/328/273 288/336/288 289/338/289
f 267/331/267 266/329/266 281/337/281
f 275/332/275 274/330/274 289/338/289
f 267/331/267 282/339/282 283/341/283
f 275/332/275 290/340/290 291/342/291
f 269/318/269 268/317/268 283/343/283
f 276/334/276 291/342/291 292/345/292
f 270/320/270 269/318/269 284/344/284
f 270/320/270 285/346/285 286/348/286
f 263/321/263 278/347/278 279/349/279
f 271/322/271 286/348/286 287/350/287
f 264/323/264 279/349/279 280/351/280
f 292/345/292 291/342/291 306/352/306
f 285/346/285 284/344/284 299/354/299
f 285/346/285 300/355/300 301/357/301
f 278/347/278 293/356/293 294/358/294
f 286/348/286 301/357/301 302/359/302
f 280/351/280 279/349/279 294/358/294
f 288/361/288 287/1857/287 302/362/302
f 280/351/280 295/360/295 296/364/296
f 288/336/288 303/371/303 304/365/304
f 282/339/282 281/337/281 296/364/296
f 290/340/290 289/338/289 304/365/304
f 282/368/282 297/375/297 298/369/298
f 290/340/290 305/367/305 306/352/306
f 284/344/284 283/343/283 298/369/298
f 295/360/295 311/386/311 312/370/312
f 303/371/303 319/400/319 320/372/320
f 297/366/297 296/364/296 312/370/312
f 305/367/305 304/365/304 320/372/320
f 297/375/297 313/404/313 314/376/314
f 305/367/305 321/374/321 322/377/322
f 299/354/299 298/369/298 314/376/314
f 306/352/306 322/377/322 323/379/323
f 300/355/300 299/354/299 315/378/315
f 300/355/300 316/380/316 317/382/317
f 294/358/294 293/356/293 309/381/309
f 301/384/301 317/394/317 318/385/318
f 295/360/295 294/358/294 310/383/310
f 303/363/303 302/362/302 318/385/318
f 316/380/316 315/378/315 330/388/330
f 316/392/316 331/418/331 332/393/332
f 309/381/309 324/390/324 325/395/325
f 317/394/317 332/393/332 333/396/333
f 310/383/310 325/395/325 326/397/326
f 319/387/319 318/385/318 333/396/333
f 311/386/311 326/397/326 327/399/327
f 319/400/319 334/1858/334 335/401/335
f 313/373/313 312/370/312 327/399/327
f 321/374/321 320/372/320 335/401/335
f 313/404/313 328/413/328 329/405/329
f 321/374/321 336/403/336 337/406/337
f 315/378/315 314/376/314 329/405/329
f 323/379/323 322/377/322 337/406/337
f 334/398/334 349/426/349 350/407/350
f 328/402/328 327/399/327 342/409/342
f 336/403/336 335/401/335 350/411/350
f 328/413/328 343/438/343 344/414/344
f 336/403/336 351/412/351 352/415/352
f 330/388/330 329/405/329 344/414/344
f 338/391/338 337/406/337 352/415/352
f 331/418/331 330/1859/330 345/419/345
f 331/418/331 346/420/346 347/422/347
f 324/390/324 339/421/339 340/423/340
f 332/393/332 347/422/347 348/424/348
f 326/397/326 325/395/325 340/423/340
f 334/398/334 333/396/333 348/424/348
f 326/397/326 341/425/341 342/409/342
f 346/420/346 361/443/361 362/428/362
f 339/421/339 354/444/354 355/429/355
f 347/422/347 362/428/362 363/430/363
f 341/425/341 340/423/340 355/429/355
f 349/426/349 348/424/348 363/430/363
f 341/425/341 356/431/356 357/433/357
f 349/426/349 364/432/364 365/434/365
f 343/410/343 342/409/342 357/433/357
f 351/412/351 350/411/350 365/436/365
f 343/438/343 358/1860/358 359/439/359
f 351/412/351 366/437/366 367/440/367
f 345/419/345 344/1861/344 359/441/359
f 353/417/353 352/415/352 367/440/367
f 346/420/346 345/419/345 360/442/360
f 366/437/366 365/436/365 380/445/380
f 358/447/358 373/472/373 374/448/374
f 366/437/366 381/446/381 382/449/382
f 360/442/360 359/441/359 374/448/374
f 367/440/367 382/449/382 383/451/383
f 361/443/361 360/442/360 375/450/375
f 361/443/361 376/452/376 377/454/377
f 355/429/355 354/444/354 369/453/369
f 362/428/362 377/454/377 378/456/378
f 356/431/356 355/429/355 370/455/370
f 364/432/364 363/430/363 378/456/378
f 356/431/356 371/457/371 372/459/372
f 364/432/364 379/458/379 380/460/380
f 358/435/358 357/433/357 372/459/372
f 370/455/370 369/453/369 384/462/384
f 377/454/377 392/478/392 393/464/393
f 371/457/371 370/455/370 385/463/385
f 379/458/379 378/456/378 393/464/393
f 371/457/371 386/465/386 387/467/387
f 379/458/379 394/466/394 395/468/395
f 373/461/373 372/459/372 387/467/387
f 381/446/381 380/445/380 395/470/395
f 373/472/373 388/479/388 389/473/389
f 381/446/381 396/471/396 397/474/397
f 375/450/375 374/448/374 389/473/389
f 382/449/382 397/474/397 398/476/398
f 376/452/376 375/450/375 390/475/390
f 376/452/376 391/477/391 392/478/392
f 388/479/388 403/505/403 404/480/404
f 396/471/396 411/495/411 412/481/412
f 390/475/390 389/473/389 404/480/404
f 398/476/398 397/474/397 412/481/412
f 391/477/391 390/475/390 405/482/405
f 391/477/391 406/484/406 407/486/407
f 384/462/384 399/485/399 400/487/400
f 392/478/392 407/486/407 408/488/408
f 386/465/386 385/463/385 400/487/400
f 394/466/394 393/464/393 408/488/408
f 386/465/386 401/489/401 402/491/402
f 394/466/394 409/490/409 410/492/410
f 388/469/388 387/467/387 402/491/402
f 396/471/396 395/470/395 410/494/410
f 407/486/407 422/512/422 423/496/423
f 401/489/401 400/487/400 415/497/415
f 409/490/409 408/488/408 423/496/423
f 401/489/401 416/498/416 417/500/417
f 409/501/409 424/525/424 425/502/425
f 403/493/403 402/491/402 417/500/417
f 411/495/411 410/494/410 425/502/425
f 403/505/403 418/1862/418 419/506/419
f 411/495/411 426/504/426 427/507/427
f 405/482/405 404/480/404 419/506/419
f 412/481/412 427/507/427 428/509/428
f 406/484/406 405/482/405 420/508/420
f 406/484/406 421/510/421 422/512/422
f 399/485/399 414/511/414 415/497/415
f 426/504/426 441/528/441 442/513/442
f 420/508/420 419/506/419 434/514/434
f 428/509/428 427/507/427 442/513/442
f 421/510/421 420/508/420 435/515/435
f 421/510/421 436/517/436 437/519/437
f 414/511/414 429/518/429 430/520/430
f 422/512/422 437/519/437 438/521/438
f 416/498/416 415/497/415 430/520/430
f 424/499/424 423/496/423 438/521/438
f 416/498/416 431/522/431 432/524/432
f 424/525/424 439/533/439 440/526/440
f 418/503/418 417/500/417 432/524/432
f 426/504/426 425/502/425 440/526/440
f 418/503/418 433/527/433 434/529/434
f 431/522/431 430/520/430 445/531/445
f 439/533/439 438/1863/438 453/534/453
f 431/522/431 446/532/446 447/536/447
f 439/533/439 454/535/454 455/537/455
f 433/527/433 432/524/432 447/536/447
f 441/528/441 440/526/440 455/537/455
f 433/527/433 448/538/448 449/540/449
f 441/528/441 456/539/456 457/541/457
f 435/515/435 434/514/434 449/542/449
f 442/513/442 457/541/457 458/544/458
f 436/517/436 435/515/435 450/543/450
f 436/517/436 451/545/451 452/547/452
f 430/520/430 429/518/429 444/546/444
f 437/519/437 452/547/452 453/548/453
f 450/549/450 449/540/449 464/550/464
f 458/544/458 457/541/457 472/552/472
f 451/545/451 450/543/450 465/554/465
f 451/545/451 466/555/466 467/557/467
f 444/546/444 459/556/459 460/558/460
f 452/547/452 467/557/467 468/559/468
f 446/532/446 445/531/445 460/558/460
f 454/535/454 453/534/453 468/561/468
f 446/532/446 461/560/461 462/563/462
f 454/535/454 469/562/469 470/564/470
f 448/538/448 447/536/447 462/563/462
f 456/539/456 455/537/455 470/564/470
f 448/538/448 463/565/463 464/550/464
f 456/539/456 471/566/471 472/552/472
f 468/561/468 478/1/478 6/3/6
f 462/563/462 461/560/461 1/34/1
f 469/562/469 6/3/6 479/7/479
f 463/565/463 462/563/462 476/4/476
f 471/566/471 470/564/470 479/7/479
f 464/550/464 463/565/463 2/10/2
f 471/566/471 480/12/480 481/16/481
f 465/567/465 464/1864/464 477/568/477
f 472/552/472 481/16/481 482/21/482
f 466/569/466 465/567/465 3/17/3
f 466/569/466 4/23/4 5/29/5
f 459/556/459 474/24/474 475/30/475
f 467/571/467 5/32/5 478/1/478
f 461/560/461 460/558/460 475/30/475
f 643/572/643 483/582/483 487/573/487
f 484/575/484 643/572/643 488/574/488
f 642/580/642 641/577/641 485/579/485
f 483/582/483 642/580/642 486/581/486
f 486/581/486 485/579/485 490/583/490
f 487/573/487 486/581/486 491/584/491
f 488/574/488 487/573/487 492/585/492
f 489/576/489 488/574/488 493/586/493
f 491/584/491 490/583/490 495/588/495
f 492/585/492 491/584/491 496/589/496
f 493/586/493 492/585/492 497/590/497
f 494/587/494 493/586/493 498/591/498
f 497/590/497 496/589/496 501/593/501
f 498/591/498 497/590/497 502/594/502
f 498/591/498 503/595/503 504/596/504
f 496/589/496 495/588/495 500/597/500
f 501/593/501 500/597/500 505/598/505
f 502/594/502 501/593/501 506/599/506
f 503/595/503 502/594/502 507/600/507
f 503/595/503 508/601/508 509/602/509
f 507/600/507 513/607/513 514/603/514
f 508/601/508 514/603/514 515/604/515
f 506/599/506 505/598/505 511/605/511
f 507/600/507 506/599/506 512/606/512
f 512/606/512 511/605/511 516/608/516
f 512/606/512 517/609/517 518/610/518
f 513/607/513 518/610/518 519/611/519
f 514/603/514 519/611/519 520/612/520
f 518/610/518 523/617/523 524/613/524
f 519/611/519 524/613/524 525/614/525
f 516/608/516 521/615/521 522/616/522
f 517/609/517 522/616/522 523/617/523
f 521/615/521 526/618/526 527/619/527
f 522/616/522 527/619/527 528/620/528
f 523/617/523 528/620/528 529/621/529
f 524/613/524 529/621/529 530/622/530
f 529/621/529 534/627/534 535/623/535
f 526/618/526 531/624/531 532/625/532
f 527/619/527 532/625/532 533/626/533
f 528/620/528 533/626/533 534/627/534
f 531/624/531 536/628/536 537/629/537
f 532/625/532 537/629/537 538/630/538
f 533/626/533 538/630/538 539/631/539
f 534/627/534 539/631/539 540/632/540
f 539/631/539 544/637/544 545/633/545
f 536/628/536 541/634/541 542/635/542
f 537/629/537 542/635/542 543/636/543
f 538/630/538 543/636/543 544/637/544
f 541/634/541 546/642/546 547/638/547
f 542/635/542 547/638/547 548/639/548
f 543/636/543 548/639/548 549/640/549
f 544/637/544 549/640/549 550/641/550
f 546/642/546 551/643/551 552/644/552
f 547/638/547 552/644/552 553/645/553
f 548/639/548 553/645/553 554/646/554
f 549/640/549 554/646/554 555/647/555
f 552/644/552 557/652/557 558/648/558
f 553/645/553 558/648/558 559/649/559
f 554/646/554 559/649/559 560/650/560
f 551/643/551 556/651/556 557/652/557
f 556/651/556 561/653/561 562/654/562
f 557/652/557 562/654/562 563/655/563
f 558/648/558 563/655/563 564/656/564
f 559/649/559 564/656/564 565/657/565
f 563/655/563 562/654/562 567/658/567
f 564/656/564 563/655/563 568/659/568
f 565/657/565 564/656/564 569/660/569
f 562/654/562 561/653/561 566/662/566
f 567/658/567 566/662/566 571/663/571
f 568/659/568 567/658/567 572/664/572
f 569/660/569 568/659/568 573/665/573
f 570/661/570 569/660/569 574/666/574
f 574/666/574 573/665/573 578/668/578
f 575/667/575 574/666/574 579/669/579
f 572/664/572 571/663/571 576/671/576
f 573/665/573 572/664/572 577/672/577
f 577/672/577 576/671/576 581/673/581
f 578/668/578 577/672/577 582/674/582
f 579/669/579 578/668/578 583/675/583
f 580/670/580 579/669/579 584/676/584
f 584/676/584 583/675/583 588/678/588
f 585/677/585 584/676/584 589/679/589
f 582/674/582 581/673/581 586/681/586
f 583/675/583 582/674/582 587/682/587
f 587/682/587 586/681/586 591/683/591
f 588/678/588 587/682/587 592/684/592
f 589/679/589 588/678/588 593/685/593
f 590/680/590 589/679/589 594/686/594
f 595/687/595 594/686/594 599/688/599
f 592/684/592 591/683/591 596/690/596
f 593/685/593 592/684/592 597/691/597
f 594/686/594 593/685/593 598/692/598
f 597/691/597 596/690/596 601/693/601
f 598/692/598 597/691/597 602/694/602
f 599/688/599 598/692/598 603/695/603
f 600/689/600 599/688/599 604/696/604
f 602/694/602 601/693/601 606/698/606
f 603/695/603 602/694/602 607/699/607
f 604/696/604 603/695/603 608/700/608
f 605/697/605 604/696/604 609/701/609
f 606/698/606 611/707/611 612/703/612
f 608/700/608 607/699/607 612/703/612
f 609/701/609 608/700/608 613/704/613
f 610/702/610 609/701/609 614/705/614
f 611/707/611 616/708/616 617/709/617
f 612/703/612 617/709/617 618/710/618
f 614/705/614 613/704/613 618/710/618
f 615/706/615 614/705/614 619/711/619
f 617/709/617 622/717/622 623/713/623
f 618/710/618 623/713/623 624/714/624
f 620/712/620 619/711/619 624/714/624
f 616/708/616 621/716/621 622/717/622
f 621/716/621 626/718/626 627/719/627
f 622/717/622 627/719/627 628/720/628
f 623/713/623 628/720/628 629/721/629
f 625/715/625 624/714/624 629/721/629
f 627/719/627 632/727/632 633/723/633
f 628/720/628 633/723/633 634/724/634
f 629/721/629 634/724/634 635/725/635
f 626/718/626 631/726/631 632/727/632
f 631/726/631 636/728/636 637/729/637
f 632/727/632 637/729/637 638/730/638
f 633/723/633 638/730/638 639/731/639
f 634/724/634 639/731/639 640/732/640
f 638/730/638 483/582/483 643/572/643
f 639/731/639 643/572/643 484/575/484
f 636/728/636 641/577/641 642/580/642
f 637/729/637 642/580/642 483/582/483
f 645/733/645 644/1865/644 656/734/656
f 652/736/652 664/753/664 665/737/665
f 646/739/646 645/733/645 657/735/657
f 653/738/653 665/737/665 666/741/666
f 647/743/647 646/739/646 658/740/658
f 648/745/648 647/743/647 659/744/659
f 649/747/649 648/745/648 660/746/660
f 649/747/649 661/748/661 662/749/662
f 650/750/650 662/749/662 663/751/663
f 651/752/651 663/751/663 664/753/664
f 661/748/661 660/746/660 673/754/673
f 661/748/661 674/755/674 675/756/675
f 662/749/662 675/756/675 676/757/676
f 656/734/656 655/1866/655 668/758/668
f 663/751/663 676/757/676 677/760/677
f 657/735/657 656/734/656 669/759/669
f 664/753/664 677/760/677 678/762/678
f 658/740/658 657/735/657 670/761/670
f 665/737/665 678/762/678 679/764/679
f 659/744/659 658/740/658 671/763/671
f 666/741/666 679/764/679 680/766/680
f 660/746/660 659/744/659 672/765/672
f 677/760/677 690/780/690 691/768/691
f 671/763/671 670/761/670 683/769/683
f 678/762/678 691/768/691 692/771/692
f 672/765/672 671/763/671 684/770/684
f 679/764/679 692/771/692 693/773/693
f 673/754/673 672/765/672 685/772/685
f 674/755/674 673/754/673 686/774/686
f 674/755/674 687/775/687 688/776/688
f 675/756/675 688/776/688 689/777/689
f 669/759/669 668/758/668 681/778/681
f 676/757/676 689/777/689 690/780/690
f 670/761/670 669/759/669 682/779/682
f 687/775/687 700/793/700 701/781/701
f 688/776/688 701/781/701 702/782/702
f 682/779/682 681/778/681 694/783/694
f 689/777/689 702/782/702 703/785/703
f 683/769/683 682/779/682 695/784/695
f 690/780/690 703/785/703 704/787/704
f 684/770/684 683/769/683 696/786/696
f 691/768/691 704/787/704 705/789/705
f 685/772/685 684/770/684 697/788/697
f 692/771/692 705/789/705 706/791/706
f 686/774/686 685/772/685 698/790/698
f 687/775/687 686/774/686 699/792/699
f 697/788/697 696/786/696 709/794/709
f 704/787/704 717/806/717 718/796/718
f 698/790/698 697/788/697 710/795/710
f 705/789/705 718/796/718 719/798/719
f 699/792/699 698/790/698 711/797/711
f 700/793/700 699/792/699 712/799/712
f 700/793/700 713/800/713 714/801/714
f 701/781/701 714/801/714 715/802/715
f 695/784/695 694/783/694 707/803/707
f 702/782/702 715/802/715 716/805/716
f 696/786/696 695/784/695 708/804/708
f 703/785/703 716/805/716 717/806/717
f 713/800/713 726/819/120 727/807/726
f 714/801/714 727/807/726 728/808/727
f 708/804/708 707/803/707 720/809/720
f 715/802/715 728/808/727 729/811/728
f 709/794/709 708/804/708 721/810/721
f 716/805/716 729/811/728 730/813/729
f 710/795/710 709/794/709 722/812/722
f 717/806/717 730/813/729 731/815/730
f 711/797/711 710/795/710 723/814/723
f 718/796/718 731/815/730 732/817/731
f 712/799/712 711/797/711 724/816/724
f 713/800/713 712/799/712 725/818/725
f 731/815/730 730/813/729 743/820/742
f 723/814/723 736/831/735 737/822/736
f 732/817/731 731/815/730 744/821/743
f 724/816/724 737/822/736 738/824/737
f 725/818/725 738/824/737 739/825/738
f 727/807/726 726/819/120 739/825/738
f 728/808/727 727/807/726 740/826/739
f 720/809/720 733/834/732 734/828/733
f 729/811/728 728/808/727 741/827/740
f 721/810/721 734/828/733 735/830/734
f 730/813/729 729/811/728 742/829/741
f 722/812/722 735/830/734 736/831/735
f 741/827/740 740/826/739 753/832/752
f 733/834/732 746/851/745 747/835/746
f 742/829/741 741/827/740 754/833/753
f 734/828/733 747/835/746 748/837/747
f 743/820/742 742/829/741 755/836/754
f 735/830/734 748/837/747 749/839/748
f 744/821/743 743/820/742 756/838/755
f 736/831/735 749/839/748 750/841/749
f 745/823/744 744/821/743 757/840/756
f 737/822/736 750/841/749 751/843/750
f 738/824/737 751/843/750 752/844/751
f 740/826/739 739/825/738 752/844/751
f 758/842/757 757/840/756 770/845/769
f 750/841/749 763/857/762 764/847/763
f 751/843/750 764/847/763 765/848/764
f 753/832/752 752/844/751 765/848/764
f 754/833/753 753/832/752 766/849/765
f 746/851/745 759/858/758 760/852/759
f 755/836/754 754/833/753 767/850/766
f 747/835/746 760/852/759 761/854/760
f 756/838/755 755/836/754 768/853/767
f 748/837/747 761/854/760 762/856/761
f 757/840/756 756/838/755 769/855/768
f 749/839/748 762/856/761 763/857/762
f 759/858/758 772/875/771 773/859/772
f 768/853/767 767/850/766 780/860/779
f 760/852/759 773/859/772 774/862/773
f 769/855/768 768/853/767 781/861/780
f 761/854/760 774/862/773 775/864/774
f 770/845/769 769/855/768 782/863/781
f 762/856/761 775/864/774 776/866/775
f 771/846/770 770/845/769 783/865/782
f 763/857/762 776/866/775 777/868/776
f 764/847/763 777/868/776 778/869/777
f 766/849/765 765/848/764 778/869/777
f 767/850/766 766/849/765 779/870/778
f 776/866/775 789/882/788 790/871/789
f 777/868/776 790/871/789 791/872/790
f 779/870/778 778/869/777 791/872/790
f 780/860/779 779/870/778 792/873/791
f 772/875/771 785/1867/784 786/876/785
f 781/861/780 780/860/779 793/874/792
f 773/859/772 786/876/785 787/878/786
f 782/863/781 781/861/780 794/877/793
f 774/862/773 787/878/786 788/880/787
f 783/865/782 782/863/781 795/879/794
f 775/864/774 788/880/787 789/882/788
f 784/867/783 783/865/782 796/881/795
f 794/877/793 793/874/792 805/884/804
f 786/876/785 798/1868/797 799/886/798
f 795/879/794 794/877/793 806/885/805
f 787/878/786 799/886/798 800/888/799
f 796/881/795 795/879/794 807/887/806
f 788/880/787 800/888/799 801/890/800
f 789/882/788 801/890/800 802/891/801
f 790/871/789 802/891/801 803/892/802
f 792/873/791 791/872/790 803/892/802
f 793/874/792 792/873/791 804/893/803
f 802/891/801 812/901/811 813/894/812
f 804/893/803 803/892/802 813/894/812
f 805/884/804 804/893/803 814/895/813
f 806/885/805 805/884/804 815/896/814
f 807/887/806 806/885/805 816/897/815
f 799/886/798 809/1869/808 810/899/809
f 800/888/799 810/899/809 811/900/810
f 801/890/800 811/900/810 812/901/811
f 825/902/824 835/918/834 836/903/835
f 819/905/818 818/1870/817 828/906/827
f 820/908/819 819/905/818 829/907/828
f 821/910/820 820/908/819 830/909/829
f 822/912/821 821/910/820 831/911/830
f 822/912/821 832/913/831 833/914/832
f 823/915/822 833/914/832 834/916/833
f 824/917/823 834/916/833 835/918/834
f 832/913/831 844/930/843 845/919/844
f 833/914/832 845/919/844 846/920/845
f 834/916/833 846/920/845 847/921/846
f 828/906/827 827/1871/826 839/922/838
f 835/918/834 847/921/846 848/924/847
f 829/907/828 828/906/827 840/923/839
f 836/903/835 848/924/847 849/926/848
f 830/909/829 829/907/828 841/925/840
f 831/911/830 830/909/829 842/928/841
f 832/913/831 831/911/830 843/929/842
f 848/924/847 861/944/860 862/931/861
f 842/928/841 841/925/840 854/932/853
f 849/926/848 862/931/861 863/934/862
f 843/929/842 842/928/841 855/933/854
f 844/930/843 843/929/842 856/936/855
f 844/930/843 857/937/856 858/938/857
f 845/919/844 858/938/857 859/939/858
f 839/922/838 838/1872/837 851/940/850
f 846/920/845 859/939/858 860/942/859
f 840/923/839 839/922/838 852/941/851
f 847/921/846 860/942/859 861/944/860
f 841/925/840 840/923/839 853/943/852
f 858/938/857 871/957/870 872/945/871
f 852/941/851 851/940/850 864/946/863
f 859/939/858 872/945/871 873/948/872
f 853/943/852 852/941/851 865/947/864
f 860/942/859 873/948/872 874/950/873
f 854/932/853 853/943/852 866/949/865
f 861/944/860 874/950/873 875/952/874
f 855/933/854 854/932/853 867/951/866
f 862/931/861 875/952/874 876/954/875
f 856/936/855 855/933/854 868/953/867
f 857/937/856 856/936/855 869/955/868
f 857/937/856 870/956/869 871/957/870
f 868/953/867 867/951/866 880/958/879
f 875/952/874 888/970/887 889/960/888
f 869/955/868 868/953/867 881/959/880
f 870/956/869 869/955/868 882/961/881
f 870/956/869 883/962/882 884/963/883
f 871/957/870 884/963/883 885/964/884
f 865/947/864 864/946/863 877/965/876
f 872/945/871 885/964/884 886/967/885
f 866/949/865 865/947/864 878/966/877
f 873/948/872 886/967/885 887/969/886
f 867/951/866 866/949/865 879/968/878
f 874/950/873 887/969/886 888/970/887
f 884/963/883 897/983/896 898/971/897
f 878/966/877 877/965/876 890/972/889
f 885/964/884 898/971/897 899/974/898
f 879/968/878 878/966/877 891/973/890
f 886/967/885 899/974/898 900/976/899
f 880/958/879 879/968/878 892/975/891
f 887/969/886 900/976/899 901/978/900
f 881/959/880 880/958/879 893/977/892
f 888/970/887 901/978/900 902/980/901
f 882/961/881 881/959/880 894/979/893
f 883/962/882 882/961/881 895/981/894
f 883/962/882 896/982/895 897/983/896
f 901/978/900 914/996/912 915/984/913
f 895/981/894 894/979/893 907/985/906
f 896/982/895 895/981/894 908/986/907
f 896/982/895 909/987/361 910/988/908
f 897/983/896 910/988/908 911/989/909
f 891/973/890 890/972/889 903/990/902
f 898/971/897 911/989/909 912/992/910
f 892/975/891 891/973/890 904/991/903
f 899/974/898 912/992/910 913/994/911
f 893/977/892 892/975/891 905/993/904
f 900/976/899 913/994/911 914/996/912
f 894/979/893 893/977/892 906/995/905
f 903/990/902 916/1013/914 917/997/915
f 912/992/910 911/989/909 924/998/922
f 904/991/903 917/997/915 918/1000/916
f 913/994/911 912/992/910 925/999/923
f 905/993/904 918/1000/916 919/1002/917
f 914/996/912 913/994/911 926/1001/924
f 906/995/905 919/1002/917 920/1004/918
f 915/984/913 914/996/912 927/1003/925
f 907/985/906 920/1004/918 921/1006/919
f 908/986/907 921/1006/919 922/1007/920
f 910/988/908 909/987/361 922/1007/920
f 911/989/909 910/988/908 923/1008/921
f 920/1004/918 933/1020/931 934/1009/932
f 921/1006/919 934/1009/932 935/1010/933
f 923/1008/921 922/1007/920 935/1010/933
f 924/998/922 923/1008/921 936/1011/934
f 916/1013/914 929/1033/927 930/1014/928
f 925/999/923 924/998/922 937/1012/935
f 917/997/915 930/1014/928 931/1016/929
f 926/1001/924 925/999/923 938/1015/936
f 918/1000/916 931/1016/929 932/1018/930
f 927/1003/925 926/1001/924 939/1017/937
f 919/1002/917 932/1018/930 933/1020/931
f 928/1005/926 927/1003/925 940/1019/938
f 938/1015/936 937/1012/935 950/1022/948
f 930/1014/928 943/1034/941 944/1024/942
f 939/1017/937 938/1015/936 951/1023/949
f 931/1016/929 944/1024/942 945/1026/943
f 940/1019/938 939/1017/937 952/1025/950
f 932/1018/930 945/1026/943 946/1028/944
f 941/1021/939 940/1019/938 953/1027/951
f 933/1020/931 946/1028/944 947/1030/945
f 934/1009/932 947/1030/945 948/1031/946
f 936/1011/934 935/1010/933 948/1031/946
f 937/1012/935 936/1011/934 949/1032/947
f 929/1033/927 942/1038/940 943/1034/941
f 947/1030/945 960/1047/958 961/1035/959
f 949/1032/947 948/1031/946 961/1035/959
f 950/1022/948 949/1032/947 962/1036/960
f 942/1038/940 955/1058/953 956/1039/954
f 951/1023/949 950/1022/948 963/1037/961
f 943/1034/941 956/1039/954 957/1041/955
f 952/1025/950 951/1023/949 964/1040/962
f 944/1024/942 957/1041/955 958/1043/956
f 953/1027/951 952/1025/950 965/1042/963
f 945/1026/943 958/1043/956 959/1045/957
f 954/1029/952 953/1027/951 966/1044/964
f 946/1028/944 959/1045/957 960/1047/958
f 965/1042/963 964/1040/962 977/1048/975
f 957/1041/955 970/1060/968 971/1050/969
f 966/1044/964 965/1042/963 978/1049/976
f 958/1043/956 971/1050/969 972/1052/970
f 967/1046/965 966/1044/964 979/1051/977
f 959/1045/957 972/1052/970 973/1054/971
f 960/1047/958 973/1054/971 974/1055/972
f 962/1036/960 961/1035/959 974/1055/972
f 963/1037/961 962/1036/960 975/1056/973
f 955/1058/953 968/1873/966 969/1059/967
f 964/1040/962 963/1037/961 976/1057/974
f 956/1039/954 969/1059/967 970/1060/968
f 975/1056/973 974/1055/972 986/1061/984
f 976/1057/974 975/1056/973 987/1062/985
f 977/1048/975 976/1057/974 988/1063/986
f 969/1059/967 981/1874/979 982/1065/980
f 978/1049/976 977/1048/975 989/1064/987
f 970/1060/968 982/1065/980 983/1067/981
f 979/1051/977 978/1049/976 990/1066/988
f 971/1050/969 983/1067/981 984/1069/982
f 972/1052/970 984/1069/982 985/1070/983
f 973/1054/971 985/1070/983 986/1061/984
f 995/1077/4 1005/1102/1002 1006/1078/1003
f 1453/1080/1450 1452/1071/1449 998/1073/995
f 996/1079/993 1006/1078/1003 1007/1082/1004
f 992/1084/990 1453/1080/1450 999/1081/996
f 1456/1083/1453 1007/1082/1004 1008/1086/1005
f 1454/1088/1451 992/1084/990 1000/1085/997
f 997/1087/994 1008/1086/1005 1009/1090/1006
f 993/1092/991 1454/1088/1451 1001/1089/998
f 1457/1091/1454 1009/1090/1006 1010/1094/1007
f 1455/1096/1452 993/1092/991 1002/1093/999
f 1458/1095/1455 1010/1094/1007 1011/1098/1008
f 994/1100/992 1455/1096/1452 1003/1097/1000
f 1459/1099/1456 1011/1098/1008 1012/1076/1009
f 995/1077/4 994/1100/992 1004/1101/1001
f 1011/1098/1008 1026/1117/1023 1027/1103/1024
f 1005/1102/1002 1004/1101/1001 1019/1104/1016
f 1005/1102/1002 1020/1105/1017 1021/1107/1018
f 999/1081/996 998/1073/995 1013/1106/1010
f 1006/1078/1003 1021/1107/1018 1022/1109/1019
f 1000/1085/997 999/1081/996 1014/1108/1011
f 1007/1082/1004 1022/1109/1019 1023/1111/1020
f 1001/1089/998 1000/1085/997 1015/1110/1012
f 1008/1086/1005 1023/1111/1020 1024/1113/1021
f 1002/1093/999 1001/1089/998 1016/1112/1013
f 1009/1090/1006 1024/1113/1021 1025/1115/1022
f 1003/1097/1000 1002/1093/999 1017/1114/1014
f 1010/1094/1007 1025/1115/1022 1026/1117/1023
f 1004/1101/1001 1003/1097/1000 1018/1116/1015
f 1016/1112/1013 1015/1110/1012 1030/1118/1027
f 1023/1111/1020 1038/1132/1035 1039/1120/1036
f 1017/1114/1014 1016/1112/1013 1031/1119/1028
f 1024/1113/1021 1039/1120/1036 1040/1122/1037
f 1018/1116/1015 1017/1114/1014 1032/1121/1029
f 1025/1115/1022 1040/1122/1037 1041/1124/1038
f 1019/1104/1016 1018/1116/1015 1033/1123/1030
f 1026/1117/1023 1041/1124/1038 1042/1126/1039
f 1020/1105/1017 1019/1104/1016 1034/1125/1031
f 1020/1105/1017 1035/1127/1032 1036/1129/1033
f 1014/1108/1011 1013/1106/1010 1028/1128/1025
f 1021/1107/1018 1036/1129/1033 1037/1131/1034
f 1015/1110/1012 1014/1108/1011 1029/1130/1026
f 1022/1109/1019 1037/1131/1034 1038/1132/1035
f 1035/1127/1032 1034/1125/1031 1049/1133/1046
f 1035/1127/1032 1050/1134/1047 1051/1137/1048
f 1029/1130/1026 1028/1128/1025 1043/1135/1040
f 1036/1129/1033 1051/1137/1048 1052/1139/1049
f 1030/1118/1027 1029/1130/1026 1044/1138/1041
f 1037/1131/1034 1052/1139/1049 1053/1141/1050
f 1031/1119/1028 1030/1118/1027 1045/1140/1042
f 1038/1132/1035 1053/1141/1050 1054/1143/1051
f 1032/1121/1029 1031/1119/1028 1046/1142/1043
f 1039/1120/1036 1054/1143/1051 1055/1145/1052
f 1033/1123/1030 1032/1121/1029 1047/1144/1044
f 1040/1122/1037 1055/1145/1052 1056/1147/1053
f 1034/1125/1031 1033/1123/1030 1048/1146/1045
f 1041/1124/1038 1056/1147/1053 1057/1136/1054
f 1053/1141/1050 1068/1162/1065 1069/1148/1066
f 1047/1144/1044 1046/1142/1043 1061/1149/1058
f 1054/1143/1051 1069/1148/1066 1070/1151/1067
f 1048/1146/1045 1047/1144/1044 1062/1150/1059
f 1055/1145/1052 1070/1151/1067 1071/1153/1068
f 1049/1133/1046 1048/1146/1045 1063/1152/1060
f 1056/1147/1053 1071/1153/1068 1072/1155/1069
f 1050/1134/1047 1049/1133/1046 1064/1154/1061
f 1050/1134/1047 1065/1156/1062 1066/1158/1063
f 1044/1138/1041 1043/1135/1040 1058/1157/1055
f 1051/1137/1048 1066/1158/1063 1067/1160/1064
f 1045/1140/1042 1044/1138/1041 1059/1159/1056
f 1052/1139/1049 1067/1160/1064 1068/1162/1065
f 1046/1142/1043 1045/1140/1042 1060/1161/1057
f 1065/1156/1062 1081/1177/1078 1082/1165/1079
f 1059/1159/1056 1058/1157/1055 1074/1163/1071
f 1066/1158/1063 1082/1165/1079 1083/1167/1080
f 1060/1161/1057 1059/1159/1056 1075/1166/1072
f 1067/1160/1064 1083/1167/1080 1084/1169/1081
f 1061/1149/1058 1060/1161/1057 1076/1168/1073
f 1068/1162/1065 1084/1169/1081 1085/1171/1082
f 1062/1150/1059 1061/1149/1058 1077/1170/1074
f 1069/1148/1066 1085/1171/1082 1086/1173/1083
f 1063/1152/1060 1062/1150/1059 1078/1172/1075
f 1070/1151/1067 1086/1173/1083 1087/1175/1084
f 1064/1154/1061 1063/1152/1060 1079/1174/1076
f 1071/1153/1068 1087/1175/1084 1088/1164/1085
f 1065/1156/1062 1064/1154/1061 1080/1176/1077
f 1078/1172/1075 1077/1170/1074 1092/1178/1089
f 1085/1171/1082 1100/1192/1097 1101/1180/1098
f 1079/1174/1076 1078/1172/1075 1093/1179/1090
f 1086/1173/1083 1101/1180/1098 1102/1182/1099
f 1080/1176/1077 1079/1174/1076 1094/1181/1091
f 1087/1175/1084 1102/1182/1099 1103/1184/1100
f 1081/1177/1078 1080/1176/1077 1095/1183/1092
f 1081/1177/1078 1096/1185/1093 1097/1187/1094
f 1075/1166/1072 1074/1163/1071 1089/1186/1086
f 1082/1165/1079 1097/1187/1094 1098/1189/1095
f 1076/1168/1073 1075/1166/1072 1090/1188/1087
f 1083/1167/1080 1098/1189/1095 1099/1191/1096
f 1077/1170/1074 1076/1168/1073 1091/1190/1088
f 1084/1169/1081 1099/1191/1096 1100/1192/1097
f 1096/1185/1093 1111/1207/1108 1112/1193/1109
f 1090/1188/1087 1089/1186/1086 1104/1194/1101
f 1097/1187/1094 1112/1193/1109 1113/1196/1110
f 1091/1190/1088 1090/1188/1087 1105/1195/1102
f 1098/1189/1095 1113/1196/1110 1114/1198/1111
f 1092/1178/1089 1091/1190/1088 1106/1197/1103
f 1099/1191/1096 1114/1198/1111 1115/1200/1112
f 1093/1179/1090 1092/1178/1089 1107/1199/1104
f 1100/1192/1097 1115/1200/1112 1116/1202/1113
f 1094/1181/1091 1093/1179/1090 1108/1201/1105
f 1101/1180/1098 1116/1202/1113 1117/1204/1114
f 1095/1183/1092 1094/1181/1091 1109/1203/1106
f 1102/1182/1099 1117/1204/1114 1118/1206/1115
f 1096/1185/1093 1095/1183/1092 1110/1205/1107
f 1116/1202/1113 1115/1200/1112 1130/1208/1127
f 1108/1201/1105 1123/1222/1120 1124/1210/1121
f 1117/1204/1114 1116/1202/1113 1131/1209/1128
f 1109/1203/1106 1124/1210/1121 1125/1212/1122
f 1118/1206/1115 1117/1204/1114 1132/1211/1129
f 1110/1205/1107 1125/1212/1122 1126/1214/1123
f 1112/1193/1109 1111/1207/1108 1126/1214/1123
f 1104/1194/1101 1119/1215/1116 1120/1217/1117
f 1113/1196/1110 1112/1193/1109 1127/1216/1124
f 1105/1195/1102 1120/1217/1117 1121/1219/1118
f 1114/1198/1111 1113/1196/1110 1128/1218/1125
f 1106/1197/1103 1121/1219/1118 1122/1221/1119
f 1115/1200/1112 1114/1198/1111 1129/1220/1126
f 1107/1199/1104 1122/1221/1119 1123/1222/1120
f 1128/1218/1125 1127/1216/1124 1142/1223/1139
f 1120/1217/1117 1135/1237/1132 1136/1225/1133
f 1129/1220/1126 1128/1218/1125 1143/1224/1140
f 1121/1219/1118 1136/1225/1133 1137/1227/1134
f 1130/1208/1127 1129/1220/1126 1144/1226/1141
f 1122/1221/1119 1137/1227/1134 1138/1229/1135
f 1131/1209/1128 1130/1208/1127 1145/1228/1142
f 1123/1222/1120 1138/1229/1135 1139/1231/1136
f 1132/1211/1129 1131/1209/1128 1146/1230/1143
f 1124/1210/1121 1139/1231/1136 1140/1233/1137
f 1133/1213/1130 1132/1211/1129 1147/1232/1144
f 1125/1212/1122 1140/1233/1137 1141/1235/1138
f 1127/1216/1124 1126/1214/1123 1141/1235/1138
f 1119/1215/1116 1134/1236/1131 1135/1237/1132
f 1147/1232/1144 1146/1230/1143 1161/1238/1158
f 1139/1231/1136 1154/1252/1151 1155/1240/1152
f 1148/1234/1145 1147/1232/1144 1162/1239/1159
f 1140/1233/1137 1155/1240/1152 1156/1242/1153
f 1142/1223/1139 1141/1235/1138 1156/1242/1153
f 1134/1236/1131 1149/1243/1146 1150/1245/1147
f 1143/1224/1140 1142/1223/1139 1157/1244/1154
f 1135/1237/1132 1150/1245/1147 1151/1247/1148
f 1144/1226/1141 1143/1224/1140 1158/1246/1155
f 1136/1225/1133 1151/1247/1148 1152/1249/1149
f 1145/1228/1142 1144/1226/1141 1159/1248/1156
f 1137/1227/1134 1152/1249/1149 1153/1251/1150
f 1146/1230/1143 1145/1228/1142 1160/1250/1157
f 1138/1229/1135 1153/1251/1150 1154/1252/1151
f 1150/1245/1147 1165/1267/1162 1166/1253/1163
f 1159/1248/1156 1158/1246/1155 1173/1254/1170
f 1151/1247/1148 1166/1253/1163 1167/1256/1164
f 1160/1250/1157 1159/1248/1156 1174/1255/1171
f 1152/1249/1149 1167/1256/1164 1168/1258/1165
f 1161/1238/1158 1160/1250/1157 1175/1257/1172
f 1153/1251/1150 1168/1258/1165 1169/1260/1166
f 1162/1239/1159 1161/1238/1158 1176/1259/1173
f 1154/1252/1151 1169/1260/1166 1170/1262/1167
f 1163/1241/1160 1162/1239/1159 1177/1261/1174
f 1155/1240/1152 1170/1262/1167 1171/1264/1168
f 1157/1244/1154 1156/1242/1153 1171/1264/1168
f 1149/1243/1146 1164/1265/1161 1165/1267/1162
f 1158/1246/1155 1157/1244/1154 1172/1266/1169
f 1169/1260/1166 1184/1282/1181 1185/1268/1182
f 1178/1263/1175 1177/1261/1174 1192/1269/1189
f 1170/1262/1167 1185/1268/1182 1186/1271/1183
f 1172/1266/1169 1171/1264/1168 1186/1271/1183
f 1164/1265/1161 1179/1272/1176 1180/1274/1177
f 1173/1254/1170 1172/1266/1169 1187/1273/1184
f 1165/1267/1162 1180/1274/1177 1181/1276/1178
f 1174/1255/1171 1173/1254/1170 1188/1275/1185
f 1166/1253/1163 1181/1276/1178 1182/1278/1179
f 1175/1257/1172 1174/1255/1171 1189/1277/1186
f 1167/1256/1164 1182/1278/1179 1183/1280/1180
f 1176/1259/1173 1175/1257/1172 1190/1279/1187
f 1168/1258/1165 1183/1280/1180 1184/1282/1181
f 1177/1261/1174 1176/1259/1173 1191/1281/1188
f 1189/1277/1186 1188/1275/1185 1203/1283/1200
f 1181/1276/1178 1196/1297/1193 1197/1285/1194
f 1190/1279/1187 1189/1277/1186 1204/1284/1201
f 1182/1278/1179 1197/1285/1194 1198/1287/1195
f 1191/1281/1188 1190/1279/1187 1205/1286/1202
f 1183/1280/1180 1198/1287/1195 1199/1289/1196
f 1192/1269/1189 1191/1281/1188 1206/1288/1203
f 1184/1282/1181 1199/1289/1196 1200/1291/1197
f 1193/1270/1190 1192/1269/1189 1207/1290/1204
f 1185/1268/1182 1200/1291/1197 1201/1293/1198
f 1187/1273/1184 1186/1271/1183 1201/1293/1198
f 1179/1272/1176 1194/1294/1191 1195/1296/1192
f 1188/1275/1185 1187/1273/1184 1202/1295/1199
f 1180/1274/1177 1195/1296/1192 1196/1297/1193
f 1208/1292/1205 1207/1290/1204 1222/1298/1219
f 1200/1291/1197 1215/1312/1212 1216/1300/1213
f 1202/1295/1199 1201/1293/1198 1216/1300/1213
f 1194/1294/1191 1209/1301/1206 1210/1303/1207
f 1203/1283/1200 1202/1295/1199 1217/1302/1214
f 1195/1296/1192 1210/1303/1207 1211/1305/1208
f 1204/1284/1201 1203/1283/1200 1218/1304/1215
f 1196/1297/1193 1211/1305/1208 1212/1307/1209
f 1205/1286/1202 1204/1284/1201 1219/1306/1216
f 1197/1285/1194 1212/1307/1209 1213/1309/1210
f 1206/1288/1203 1205/1286/1202 1220/1308/1217
f 1198/1287/1195 1213/1309/1210 1214/1311/1211
f 1207/1290/1204 1206/1288/1203 1221/1310/1218
f 1199/1289/1196 1214/1311/1211 1215/1312/1212
f 1236/1317/1233 1251/1343/1248 1252/1318/1249
f 1230/1320/1227 1229/1344/1226 1244/1321/1241
f 1237/1319/1234 1252/1318/1249 1253/1323/1250
f 1231/1325/1228 1230/1320/1227 1245/1322/1242
f 1238/1324/1235 1253/1323/1250 1254/1327/1251
f 1232/1329/1229 1231/1325/1228 1246/1326/1243
f 1239/1328/1236 1254/1327/1251 1255/1331/1252
f 1233/1332/1230 1232/1329/1229 1247/1330/1244
f 1233/1332/1230 1248/1333/1245 1249/1335/1246
f 1227/1337/1224 1226/1315/1223 1241/1334/1238
f 1234/1336/1231 1249/1335/1246 1250/1339/1247
f 1228/1341/1225 1227/1337/1224 1242/1338/1239
f 1235/1340/1232 1250/1339/1247 1251/1343/1248
f 1229/1344/1226 1228/1341/1225 1243/1342/1240
f 1248/1333/1245 1263/1359/1260 1264/1346/1261
f 1242/1338/1239 1241/1334/1238 1256/1347/1253
f 1249/1335/1246 1264/1346/1261 1265/1349/1262
f 1243/1342/1240 1242/1338/1239 1257/1348/1254
f 1250/1339/1247 1265/1349/1262 1266/1351/1263
f 1244/1321/1241 1243/1342/1240 1258/1350/1255
f 1251/1343/1248 1266/1351/1263 1267/1353/1264
f 1245/1322/1242 1244/1321/1241 1259/1352/1256
f 1252/1318/1249 1267/1353/1264 1268/1355/1265
f 1246/1326/1243 1245/1322/1242 1260/1354/1257
f 1253/1323/1250 1268/1355/1265 1269/1357/1266
f 1247/1330/1244 1246/1326/1243 1261/1356/1258
f 1254/1327/1251 1269/1357/1266 1270/1345/1267
f 1248/1333/1245 1247/1330/1244 1262/1358/1259
f 1267/1353/1264 1282/1374/1279 1283/1360/1280
f 1261/1356/1258 1260/1354/1257 1275/1361/1272
f 1268/1355/1265 1283/1360/1280 1284/1363/1281
f 1262/1358/1259 1261/1356/1258 1276/1362/1273
f 1269/1357/1266 1284/1363/1281 1285/1365/1282
f 1263/1359/1260 1262/1358/1259 1277/1364/1274
f 1263/1359/1260 1278/1366/1275 1279/1368/1276
f 1257/1348/1254 1256/1347/1253 1271/1367/1268
f 1264/1346/1261 1279/1368/1276 1280/1370/1277
f 1258/1350/1255 1257/1348/1254 1272/1369/1269
f 1265/1349/1262 1280/1370/1277 1281/1372/1278
f 1259/1352/1256 1258/1350/1255 1273/1371/1270
f 1266/1351/1263 1281/1372/1278 1282/1374/1279
f 1260/1354/1257 1259/1352/1256 1274/1373/1271
f 1272/1369/1269 1271/1367/1268 1287/1375/1284
f 1279/1368/1276 1295/1389/1292 1296/1377/1293
f 1273/1371/1270 1272/1369/1269 1288/1376/1285
f 1280/1370/1277 1296/1377/1293 1297/1379/1294
f 1274/1373/1271 1273/1371/1270 1289/1378/1286
f 1281/1372/1278 1297/1379/1294 1298/1381/1295
f 1275/1361/1272 1274/1373/1271 1290/1380/1287
f 1282/1374/1279 1298/1381/1295 1299/1383/1296
f 1276/1362/1273 1275/1361/1272 1291/1382/1288
f 1283/1360/1280 1299/1383/1296 1300/1385/1297
f 1277/1364/1274 1276/1362/1273 1292/1384/1289
f 1284/1363/1281 1300/1385/1297 1301/1387/1298
f 1278/1366/1275 1277/1364/1274 1293/1386/1290
f 1278/1366/1275 1294/1388/1291 1295/1389/1292
f 1292/1384/1289 1291/1382/1288 1306/1390/1303
f 1299/1383/1296 1314/1404/1311 1315/1392/1312
f 1293/1386/1290 1292/1384/1289 1307/1391/1304
f 1300/1385/1297 1315/1392/1312 1316/1394/1313
f 1294/1388/1291 1293/1386/1290 1308/1393/1305
f 1294/1388/1291 1309/1395/1306 1310/1397/1307
f 1288/1376/1285 1287/1375/1284 1302/1396/1299
f 1295/1389/1292 1310/1397/1307 1311/1399/1308
f 1289/1378/1286 1288/1376/1285 1303/1398/1300
f 1296/1377/1293 1311/1399/1308 1312/1401/1309
f 1290/1380/1287 1289/1378/1286 1304/1400/1301
f 1297/1379/1294 1312/1401/1309 1313/1403/1310
f 1291/1382/1288 1290/1380/1287 1305/1402/1302
f 1298/1381/1295 1313/1403/1310 1314/1404/1311
f 1310/1397/1307 1325/1419/1322 1326/1405/1323
f 1304/1400/1301 1303/1398/1300 1318/1406/1315
f 1311/1399/1308 1326/1405/1323 1327/1408/1324
f 1305/1402/1302 1304/1400/1301 1319/1407/1316
f 1312/1401/1309 1327/1408/1324 1328/1410/1325
f 1306/1390/1303 1305/1402/1302 1320/1409/1317
f 1313/1403/1310 1328/1410/1325 1329/1412/1326
f 1307/1391/1304 1306/1390/1303 1321/1411/1318
f 1314/1404/1311 1329/1412/1326 1330/1414/1327
f 1308/1393/1305 1307/1391/1304 1322/1413/1319
f 1315/1392/1312 1330/1414/1327 1331/1416/1328
f 1309/1395/1306 1308/1393/1305 1323/1415/1320
f 1309/1395/1306 1324/1417/1321 1325/1419/1322
f 1303/1398/1300 1302/1396/1299 1317/1418/1314
f 1329/1412/1326 1344/1434/1341 1345/1420/1342
f 1323/1415/1320 1322/1413/1319 1337/1421/1334
f 1330/1414/1327 1345/1420/1342 1346/1423/1343
f 1324/1417/1321 1323/1415/1320 1338/1422/1335
f 1324/1417/1321 1339/1424/1336 1340/1426/1337
f 1318/1406/1315 1317/1418/1314 1332/1425/1329
f 1325/1419/1322 1340/1426/1337 1341/1428/1338
f 1319/1407/1316 1318/1406/1315 1333/1427/1330
f 1326/1405/1323 1341/1428/1338 1342/1430/1339
f 1320/1409/1317 1319/1407/1316 1334/1429/1331
f 1327/1408/1324 1342/1430/1339 1343/1432/1340
f 1321/1411/1318 1320/1409/1317 1335/1431/1332
f 1328/1410/1325 1343/1432/1340 1344/1434/1341
f 1322/1413/1319 1321/1411/1318 1336/1433/1333
f 1333/1427/1330 1348/1449/1345 1349/1435/1346
f 1342/1430/1339 1341/1428/1338 1356/1436/1353
f 1334/1429/1331 1349/1435/1346 1350/1438/1347
f 1343/1432/1340 1342/1430/1339 1357/1437/1354
f 1335/1431/1332 1350/1438/1347 1351/1440/1348
f 1344/1434/1341 1343/1432/1340 1358/1439/1355
f 1336/1433/1333 1351/1440/1348 1352/1442/1349
f 1345/1420/1342 1344/1434/1341 1359/1441/1356
f 1337/1421/1334 1352/1442/1349 1353/1444/1350
f 1346/1423/1343 1345/1420/1342 1360/1443/1357
f 1338/1422/1335 1353/1444/1350 1354/1446/1351
f 1340/1426/1337 1339/1424/1336 1354/1446/1351
f 1332/1425/1329 1347/1447/1344 1348/1449/1345
f 1341/1428/1338 1340/1426/1337 1355/1448/1352
f 1352/1442/1349 1367/1464/1364 1368/1450/1365
f 1361/1445/1358 1360/1443/1357 1375/1451/1372
f 1353/1444/1350 1368/1450/1365 1369/1453/1366
f 1355/1448/1352 1354/1446/1351 1369/1453/1366
f 1347/1447/1344 1362/1454/1359 1363/1456/1360
f 1356/1436/1353 1355/1448/1352 1370/1455/1367
f 1348/1449/1345 1363/1456/1360 1364/1458/1361
f 1357/1437/1354 1356/1436/1353 1371/1457/1368
f 1349/1435/1346 1364/1458/1361 1365/1460/1362
f 1358/1439/1355 1357/1437/1354 1372/1459/1369
f 1350/1438/1347 1365/1460/1362 1366/1462/1363
f 1359/1441/1356 1358/1439/1355 1373/1461/1370
f 1351/1440/1348 1366/1462/1363 1367/1464/1364
f 1360/1443/1357 1359/1441/1356 1374/1463/1371
f 1372/1459/1369 1371/1457/1368 1386/1465/1383
f 1364/1458/1361 1379/1479/1376 1380/1467/1377
f 1373/1461/1370 1372/1459/1369 1387/1466/1384
f 1365/1460/1362 1380/1467/1377 1381/1469/1378
f 1374/1463/1371 1373/1461/1370 1388/1468/1385
f 1366/1462/1363 1381/1469/1378 1382/1471/1379
f 1375/1451/1372 1374/1463/1371 1389/1470/1386
f 1367/1464/1364 1382/1471/1379 1383/1473/1380
f 1376/1452/1373 1375/1451/1372 1390/1472/1387
f 1368/1450/1365 1383/1473/1380 1384/1475/1381
f 1370/1455/1367 1369/1453/1366 1384/1475/1381
f 1362/1454/1359 1377/1476/1374 1378/1478/1375
f 1371/1457/1368 1370/1455/1367 1385/1477/1382
f 1363/1456/1360 1378/1478/1375 1379/1479/1376
f 1391/1474/1388 1390/1472/1387 1405/1480/1402
f 1383/1473/1380 1398/1494/1395 1399/1482/1396
f 1385/1477/1382 1384/1475/1381 1399/1482/1396
f 1377/1476/1374 1392/1483/1389 1393/1485/1390
f 1386/1465/1383 1385/1477/1382 1400/1484/1397
f 1378/1478/1375 1393/1485/1390 1394/1487/1391
f 1387/1466/1384 1386/1465/1383 1401/1486/1398
f 1379/1479/1376 1394/1487/1391 1395/1489/1392
f 1388/1468/1385 1387/1466/1384 1402/1488/1399
f 1380/1467/1377 1395/1489/1392 1396/1491/1393
f 1389/1470/1386 1388/1468/1385 1403/1490/1400
f 1381/1469/1378 1396/1491/1393 1397/1493/1394
f 1390/1472/1387 1389/1470/1386 1404/1492/1401
f 1382/1471/1379 1397/1493/1394 1398/1494/1395
f 1403/1490/1400 1402/1488/1399 1417/1495/1414
f 1395/1489/1392 1410/1509/1407 1411/1497/1408
f 1404/1492/1401 1403/1490/1400 1418/1496/1415
f 1396/1491/1393 1411/1497/1408 1412/1499/1409
f 1405/1480/1402 1404/1492/1401 1419/1498/1416
f 1397/1493/1394 1412/1499/1409 1413/1501/1410
f 1406/1481/1403 1405/1480/1402 1420/1500/1417
f 1398/1494/1395 1413/1501/1410 1414/1503/1411
f 1400/1484/1397 1399/1482/1396 1414/1503/1411
f 1392/1483/1389 1407/1504/1404 1408/1506/1405
f 1401/1486/1398 1400/1484/1397 1415/1505/1412
f 1393/1485/1390 1408/1506/1405 1409/1508/1406
f 1402/1488/1399 1401/1486/1398 1416/1507/1413
f 1394/1487/1391 1409/1508/1406 1410/1509/1407
f 1415/1505/1412 1414/1503/1411 1429/1512/1426
f 1407/1504/1404 1422/1510/1419 1423/1514/1420
f 1416/1507/1413 1415/1505/1412 1430/1513/1427
f 1408/1506/1405 1423/1514/1420 1424/1516/1421
f 1417/1495/1414 1416/1507/1413 1431/1515/1428
f 1409/1508/1406 1424/1516/1421 1425/1518/1422
f 1418/1496/1415 1417/1495/1414 1432/1517/1429
f 1410/1509/1407 1425/1518/1422 1426/1520/1423
f 1419/1498/1416 1418/1496/1415 1433/1519/1430
f 1411/1497/1408 1426/1520/1423 1427/1522/1424
f 1420/1500/1417 1419/1498/1416 1434/1521/1431
f 1412/1499/1409 1427/1522/1424 1428/1524/1425
f 1421/1502/1418 1420/1500/1417 1435/1523/1432
f 1413/1501/1410 1428/1524/1425 1429/1512/1426
f 1425/1518/1422 1440/1539/1437 1441/1525/1438
f 1434/1521/1431 1433/1519/1430 1448/1526/1445
f 1426/1520/1423 1441/1525/1438 1442/1528/1439
f 1435/1523/1432 1434/1521/1431 1449/1527/1446
f 1427/1522/1424 1442/1528/1439 1443/1530/1440
f 1436/1511/1433 1435/1523/1432 1450/1529/1447
f 1428/1524/1425 1443/1530/1440 1444/1532/1441
f 1430/1513/1427 1429/1512/1426 1444/1532/1441
f 1422/1510/1419 1437/1533/1434 1438/1535/1435
f 1431/1515/1428 1430/1513/1427 1445/1534/1442
f 1423/1514/1420 1438/1535/1435 1439/1537/1436
f 1432/1517/1429 1431/1515/1428 1446/1536/1443
f 1424/1516/1421 1439/1537/1436 1440/1539/1437
f 1433/1519/1430 1432/1517/1429 1447/1538/1444
f 1445/1534/1442 1444/1532/1441 995/1077/4
f 1437/1533/1434 1452/1071/1449 1453/1080/1450
f 1446/1536/1443 1445/1534/1442 996/1079/993
f 1438/1535/1435 1453/1080/1450 992/1084/990
f 1447/1538/1444 1446/1536/1443 1456/1083/1453
f 1439/1537/1436 992/1084/990 1454/1088/1451
f 1448/1526/1445 1447/1538/1444 997/1087/994
f 1440/1539/1437 1454/1088/1451 993/1092/991
f 1449/1527/1446 1448/1526/1445 1457/1091/1454
f 1441/1525/1438 993/1092/991 1455/1096/1452
f 1450/1529/1447 1449/1527/1446 1458/1095/1455
f 1442/1528/1439 1455/1096/1452 994/1100/992
f 1451/1531/1448 1450/1529/1447 1459/1099/1456
f 1443/1530/1440 994/1100/992 995/1077/4
f 1684/1540/1681 1461/1875/1458 1466/1541/1463
f 1462/1543/1459 1684/1540/1681 1467/1542/1464
f 1685/1545/1682 1462/1543/1459 1468/1544/1465
f 1463/1547/1460 1685/1545/1682 1469/1546/1466
f 1683/1555/1680 1682/1552/1679 1464/1554/1461
f 1461/1557/1458 1683/1555/1680 1465/1556/1462
f 1465/1556/1462 1464/1554/1461 1471/1559/1468
f 1466/1558/1463 1465/1556/1462 1472/1560/1469
f 1467/1542/1464 1466/1541/1463 1473/1562/1470
f 1468/1544/1465 1467/1542/1464 1474/1563/1471
f 1469/1546/1466 1468/1544/1465 1475/1564/1472
f 1470/1548/1467 1469/1546/1466 1476/1565/1473
f 1476/1565/1473 1475/1564/1472 1482/1570/1479
f 1477/1566/1474 1476/1565/1473 1483/1571/1480
f 1472/1560/1469 1471/1559/1468 1478/1574/1475
f 1473/1561/1470 1472/1560/1469 1479/1575/1476
f 1474/1563/1471 1473/1562/1470 1480/1577/1477
f 1475/1564/1472 1474/1563/1471 1481/1578/1478
f 1480/1576/1477 1479/1575/1476 1486/1579/1483
f 1481/1578/1478 1480/1577/1477 1487/1581/1484
f 1482/1570/1479 1481/1578/1478 1488/1582/1485
f 1483/1571/1480 1482/1570/1479 1489/1583/1486
f 1484/1572/1481 1483/1571/1480 1490/1584/1487
f 1479/1575/1476 1478/1574/1475 1485/1587/1482
f 1491/1585/1488 1490/1584/1487 1497/1588/1494
f 1486/1579/1483 1485/1587/1482 1492/1591/1489
f 1487/1580/1484 1486/1579/1483 1493/1592/1490
f 1488/1582/1485 1487/1581/1484 1494/1594/1491
f 1489/1583/1486 1488/1582/1485 1495/1595/1492
f 1490/1584/1487 1489/1583/1486 1496/1596/1493
f 1495/1597/1492 1494/1609/1491 1502/1598/1499
f 1496/1600/1493 1495/1597/1492 1503/1599/1500
f 1497/1602/1494 1496/1600/1493 1504/1601/1501
f 1498/1604/1495 1497/1602/1494 1505/1603/1502
f 1493/1592/1490 1492/1591/1489 1500/1607/1497
f 1494/1609/1491 1493/1876/1490 1501/1610/1498
f 1501/1608/1498 1500/1607/1497 1507/1613/1504
f 1502/1598/1499 1501/1610/1498 1508/1615/1505
f 1503/1599/1500 1502/1598/1499 1509/1616/1506
f 1504/1601/1501 1503/1599/1500 1510/1617/1507
f 1505/1603/1502 1504/1601/1501 1511/1618/1508
f 1506/1605/1503 1505/1603/1502 1512/1619/1509
f 1510/1617/1507 1509/1616/1506 1516/1621/1513
f 1511/1618/1508 1510/1617/1507 1517/1622/1514
f 1512/1619/1509 1511/1618/1508 1518/1623/1515
f 1513/1620/1510 1512/1619/1509 1519/1624/1516
f 1508/1615/1505 1507/1877/1504 1514/1628/1511
f 1509/1616/1506 1508/1615/1505 1515/1629/1512
f 1515/1629/1512 1514/1628/1511 1521/1633/1518
f 1516/1621/1513 1515/1629/1512 1522/1634/1519
f 1517/1622/1514 1516/1621/1513 1523/1635/1520
f 1518/1623/1515 1517/1622/1514 1524/1636/1521
f 1519/1624/1516 1518/1623/1515 1525/1637/1522
f 1520/1625/1517 1519/1624/1516 1526/1638/1523
f 1525/1637/1522 1524/1636/1521 1531/1640/1528
f 1526/1638/1523 1525/1637/1522 1532/1641/1529
f 1527/1639/1524 1526/1638/1523 1533/1642/1530
f 1522/1634/1519 1521/1633/1518 1528/1648/1525
f 1523/1635/1520 1522/1634/1519 1529/1649/1526
f 1524/1636/1521 1523/1635/1520 1530/1650/1527
f 1529/1649/1526 1528/1648/1525 1535/1652/1532
f 1530/1650/1527 1529/1649/1526 1536/1653/1533
f 1531/1640/1528 1530/1650/1527 1537/1654/1534
f 1532/1641/1529 1531/1640/1528 1538/1655/1535
f 1533/1642/1530 1532/1641/1529 1539/1656/1536
f 1534/1643/1531 1533/1642/1530 1540/1657/1537
f 1539/1656/1536 1538/1655/1535 1545/1659/1542
f 1540/1657/1537 1539/1656/1536 1546/1660/1543
f 1541/1658/1538 1540/1657/1537 1547/1661/1544
f 1536/1653/1533 1535/1652/1532 1542/1665/1539
f 1537/1654/1534 1536/1653/1533 1543/1666/1540
f 1538/1655/1535 1537/1654/1534 1544/1667/1541
f 1542/1665/1539 1549/1682/1546 1550/1668/1547
f 1544/1667/1541 1543/1666/1540 1550/1668/1547
f 1545/1659/1542 1544/1667/1541 1551/1669/1548
f 1546/1660/1543 1545/1659/1542 1552/1670/1549
f 1547/1661/1544 1546/1660/1543 1553/1671/1550
f 1548/1662/1545 1547/1661/1544 1554/1672/1551
f 1554/1672/1551 1553/1671/1550 1560/1676/1557
f 1555/1673/1552 1554/1672/1551 1561/1677/1558
f 1549/1682/1546 1556/1694/1553 1557/1683/1554
f 1551/1669/1548 1550/1668/1547 1557/1683/1554
f 1552/1670/1549 1551/1669/1548 1558/1684/1555
f 1553/1671/1550 1552/1670/1549 1559/1685/1556
f 1558/1684/1555 1557/1683/1554 1564/1686/1561
f 1559/1685/1556 1558/1684/1555 1565/1687/1562
f 1560/1676/1557 1559/1685/1556 1566/1688/1563
f 1561/1677/1558 1560/1676/1557 1567/1689/1564
f 1562/1678/1559 1561/1677/1558 1568/1690/1565
f 1556/1694/1553 1563/1700/1560 1564/1686/1561
f 1569/1691/1566 1568/1690/1565 1575/1695/1572
f 1563/1700/1560 1570/1878/1567 1571/1701/1568
f 1565/1687/1562 1564/1686/1561 1571/1701/1568
f 1566/1688/1563 1565/1687/1562 1572/1702/1569
f 1567/1689/1564 1566/1688/1563 1573/1703/1570
f 1568/1690/1565 1567/1689/1564 1574/1704/1571
f 1571/1705/1568 1578/1718/1575 1579/1706/1576
f 1572/1707/1569 1579/1706/1576 1580/1708/1577
f 1573/1709/1570 1580/1708/1577 1581/1710/1578
f 1574/1711/1571 1581/1710/1578 1582/1712/1579
f 1575/1713/1572 1582/1712/1579 1583/1714/1580
f 1571/1705/1568 1570/1879/1567 1577/1717/1574
f 1582/1712/1579 1589/1727/1586 1590/1719/1587
f 1578/1718/1575 1577/1717/1574 1584/1722/1581
f 1578/1718/1575 1585/1723/1582 1586/1724/1583
f 1579/1706/1576 1586/1724/1583 1587/1725/1584
f 1580/1708/1577 1587/1725/1584 1588/1726/1585
f 1581/1710/1578 1588/1726/1585 1589/1727/1586
f 1586/1724/1583 1593/1735/1590 1594/1728/1591
f 1587/1725/1584 1594/1728/1591 1595/1729/1592
f 1588/1726/1585 1595/1729/1592 1596/1730/1593
f 1589/1727/1586 1596/1730/1593 1597/1731/1594
f 1585/1723/1582 1584/1722/1581 1591/1733/1588
f 1585/1723/1582 1592/1734/1589 1593/1735/1590
f 1592/1734/1589 1591/1733/1588 1598/1737/1595
f 1592/1734/1589 1599/1738/1596 1600/1739/1597
f 1593/1735/1590 1600/1739/1597 1601/1740/1598
f 1594/1728/1591 1601/1740/1598 1602/1741/1599
f 1595/1729/1592 1602/1741/1599 1603/1742/1600
f 1596/1730/1593 1603/1742/1600 1604/1743/1601
f 1600/1739/1597 1607/1750/1604 1608/1744/1605
f 1601/1740/1598 1608/1744/1605 1609/1745/1606
f 1602/1741/1599 1609/1745/1606 1610/1746/1607
f 1603/1742/1600 1610/1746/1607 1611/1747/1608
f 1598/1737/1595 1605/1752/1602 1606/1749/1603
f 1599/1738/1596 1606/1749/1603 1607/1750/1604
f 1605/1752/1602 1612/1764/1609 1613/1753/1610
f 1606/1749/1603 1613/1753/1610 1614/1754/1611
f 1607/1750/1604 1614/1754/1611 1615/1755/1612
f 1608/1744/1605 1615/1755/1612 1616/1756/1613
f 1609/1745/1606 1616/1756/1613 1617/1757/1614
f 1610/1746/1607 1617/1757/1614 1618/1758/1615
f 1615/1755/1612 1622/1767/1619 1623/1759/1620
f 1616/1756/1613 1623/1759/1620 1624/1760/1621
f 1617/1757/1614 1624/1760/1621 1625/1761/1622
f 1612/1764/1609 1619/1768/1616 1620/1765/1617
f 1613/1753/1610 1620/1765/1617 1621/1766/1618
f 1614/1754/1611 1621/1766/1618 1622/1767/1619
f 1619/1768/1616 1626/1784/1623 1627/1769/1624
f 1620/1765/1617 1627/1769/1624 1628/1770/1625
f 1621/1771/1618 1628/1788/1625 1629/1772/1626
f 1622/1773/1619 1629/1772/1626 1630/1774/1627
f 1623/1775/1620 1630/1774/1627 1631/1776/1628
f 1624/1777/1621 1631/1776/1628 1632/1778/1629
f 1630/1774/1627 1637/1790/1634 1638/1781/1635
f 1631/1776/1628 1638/1781/1635 1639/1782/1636
f 1626/1784/1623 1633/1880/1630 1634/1785/1631
f 1627/1786/1624 1634/1793/1631 1635/1787/1632
f 1628/1788/1625 1635/1787/1632 1636/1789/1633
f 1629/1772/1626 1636/1789/1633 1637/1790/1634
f 1633/1783/1630 1640/1800/1637 1641/1791/1638
f 1634/1793/1631 1641/1806/1638 1642/1794/1639
f 1635/1787/1632 1642/1794/1639 1643/1795/1640
f 1636/1789/1633 1643/1795/1640 1644/1796/1641
f 1637/1790/1634 1644/1796/1641 1645/1797/1642
f 1638/1781/1635 1645/1797/1642 1646/1798/1643
f 1644/1796/1641 1651/1809/1648 1652/1801/1649
f 1645/1797/1642 1652/1801/1649 1653/1802/1650
f 1640/1800/1637 1647/1804/1644 1648/1805/1645
f 1641/1806/1638 1648/1810/1645 1649/1807/1646
f 1642/1794/1639 1649/1807/1646 1650/1808/1647
f 1643/1795/1640 1650/1808/1647 1651/1809/1648
f 1648/1810/1645 1655/1822/1652 1656/1811/1653
f 1649/1807/1646 1656/1811/1653 1657/1812/1654
f 1650/1808/1647 1657/1812/1654 1658/1813/1655
f 1651/1809/1648 1658/1813/1655 1659/1814/1656
f 1652/1801/1649 1659/1814/1656 1660/1815/1657
f 1647/1804/1644 1654/1816/1651 1655/1817/1652
f 1659/1814/1656 1666/1826/1663 1667/1818/1664
f 1654/1816/1651 1661/1820/1658 1662/1821/1659
f 1655/1822/1652 1662/1881/1659 1663/1823/1660
f 1656/1811/1653 1663/1823/1660 1664/1824/1661
f 1657/1812/1654 1664/1824/1661 1665/1825/1662
f 1658/1813/1655 1665/1825/1662 1666/1826/1663
f 1662/1821/1659 1669/1835/1666 1670/1827/1667
f 1663/1823/1660 1670/1882/1667 1671/1829/1668
f 1664/1824/1661 1671/1829/1668 1672/1830/1669
f 1665/1825/1662 1672/1830/1669 1673/1831/1670
f 1666/1826/1663 1673/1831/1670 1674/1832/1671
f 1661/1820/1658 1668/1834/1665 1669/1835/1666
f 1673/1836/1670 1680/1848/1677 1681/1837/1678
f 1668/1834/1665 1675/1840/1672 1676/1841/1673
f 1669/1835/1666 1676/1841/1673 1677/1842/1674
f 1670/1843/1667 1677/1849/1674 1678/1844/1675
f 1671/1845/1668 1678/1844/1675 1679/1846/1676
f 1672/1847/1669 1679/1846/1676 1680/1848/1677
f 1677/1849/1674 1461/1875/1458 1684/1540/1681
f 1678/1844/1675 1684/1540/1681 1462/1543/1459
f 1679/1846/1676 1462/1543/1459 1685/1545/1682
f 1680/1848/1677 1685/1545/1682 1463/1547/1460
f 1675/1840/1672 1682/1552/1679 1683/1555/1680
f 1676/1841/1673 1683/1555/1680 1461/1557/1458
